Return,Q_density
-1,0.0181827726231304
-0.999,0.0182414997613004
-0.998,0.018300433776901
-0.997,0.0183595754566808
-0.996,0.0184189255905849
-0.995,0.0184784849717677
-0.994,0.0185382543966073
-0.993,0.018598234664719
-0.992,0.018658426578969
-0.991,0.0187188309454891
-0.99,0.0187794485736899
-0.989,0.0188402802762753
-0.988,0.0189013268692563
-0.987,0.0189625891719658
-0.986,0.0190240680070722
-0.985,0.0190857642005941
-0.984,0.0191476785819145
-0.983,0.0192098119837955
-0.982,0.0192721652423926
-0.981,0.0193347391972692
-0.98,0.0193975346914116
-0.979,0.0194605525712433
-0.978,0.01952379368664
-0.977,0.0195872588909445
-0.976,0.0196509490409816
-0.975,0.0197148649970726
-0.974,0.0197790076230513
-0.973,0.019843377786278
-0.972,0.0199079763576556
-0.971,0.0199728042116443
-0.97,0.0200378622262771
-0.969,0.0201031512831751
-0.968,0.020168672267563
-0.967,0.0202344260682847
-0.966,0.0203004135778189
-0.965,0.0203666356922944
-0.964,0.0204330933115062
-0.963,0.0204997873389312
-0.962,0.020566718681744
-0.961,0.020633888250833
-0.96,0.0207012969608162
-0.959,0.0207689457300573
-0.958,0.020836835480682
-0.957,0.0209049671385943
-0.956,0.0209733416334923
-0.955,0.0210419598988851
-0.954,0.0211108228721092
-0.953,0.0211799314943444
-0.952,0.0212492867106315
-0.951,0.0213188894698878
-0.95,0.0213887407249245
-0.949,0.0214588414324634
-0.948,0.0215291925531537
-0.947,0.0215997950515891
-0.946,0.0216706498963247
-0.945,0.021741758059894
-0.944,0.0218131205188265
-0.943,0.0218847382536645
-0.942,0.0219566122489808
-0.941,0.022028743493396
-0.94,0.0221011329795959
-0.939,0.0221737817043491
-0.938,0.0222466906685248
-0.937,0.0223198608771104
-0.936,0.0223932933392294
-0.935,0.0224669890681592
-0.934,0.0225409490813492
-0.933,0.0226151744004386
-0.932,0.0226896660512749
-0.931,0.0227644250639318
-0.93,0.0228394524727275
-0.929,0.0229147493162436
-0.928,0.0229903166373426
-0.927,0.0230661554831875
-0.926,0.0231422669052594
-0.925,0.0232186519593773
-0.924,0.0232953117057158
-0.923,0.0233722472088247
-0.922,0.0234494595376478
-0.921,0.0235269497655417
-0.92,0.0236047189702953
-0.919,0.0236827682341488
-0.918,0.0237610986438128
-0.917,0.0238397112904882
-0.916,0.0239186072698852
-0.915,0.0239977876822431
-0.914,0.0240772536323499
-0.913,0.024157006229562
-0.912,0.024237046587824
-0.911,0.0243173758256887
-0.91,0.0243979950663369
-0.909,0.0244789054375979
-0.908,0.0245601080719692
-0.907,0.0246416041066371
-0.906,0.0247233946834968
-0.905,0.0248054809491731
-0.904,0.0248878640550407
-0.903,0.0249705451572451
-0.902,0.0250535254167232
-0.901,0.0251368059992238
-0.9,0.0252203880753292
-0.899,0.0253042728204755
-0.898,0.025388461414974
-0.897,0.0254729550440327
-0.896,0.0255577548977769
-0.895,0.0256428621712712
-0.894,0.0257282780645405
-0.893,0.0258140037825921
-0.892,0.0259000405354366
-0.891,0.0259863895381106
-0.89,0.0260730520106979
-0.889,0.0261600291783514
-0.888,0.0262473222713158
-0.887,0.026334932524949
-0.886,0.0264228611797448
-0.885,0.0265111094813553
-0.884,0.026599678680613
-0.883,0.0266885700335535
-0.882,0.0267777848014385
-0.881,0.0268673242507778
-0.88,0.0269571896533531
-0.879,0.02704738228624
-0.878,0.0271379034318317
-0.877,0.0272287543778621
-0.876,0.0273199364174287
-0.875,0.0274114508490163
-0.874,0.0275032989765203
-0.873,0.0275954821092706
-0.872,0.0276880015620546
-0.871,0.0277808586551417
-0.87,0.0278740547143068
-0.869,0.0279675910708545
-0.868,0.0280614690616428
-0.867,0.028155690029108
-0.866,0.0282502553212883
-0.865,0.0283451662918488
-0.864,0.0284404243001056
-0.863,0.0285360307110506
-0.862,0.0286319868953766
-0.861,0.0287282942295014
-0.86,0.0288249540955936
-0.859,0.028921967881597
-0.858,0.0290193369812563
-0.857,0.0291170627941423
-0.856,0.029215146725677
-0.855,0.0293135901871595
-0.854,0.0294123945957914
-0.853,0.0295115613747028
-0.852,0.029611091952978
-0.851,0.0297109877656817
-0.85,0.0298112502538846
-0.849,0.0299118808646904
-0.848,0.0300128810512613
-0.847,0.030114252272845
-0.846,0.0302159959948014
-0.845,0.0303181136886287
-0.844,0.0304206068319907
-0.843,0.0305234769087434
-0.842,0.0306267254089625
-0.841,0.03073035382897
-0.84,0.0308343636713619
-0.839,0.0309387564450355
-0.838,0.0310435336652168
-0.837,0.0311486968534884
-0.836,0.031254247537817
-0.835,0.0313601872525814
-0.834,0.0314665175386008
-0.833,0.0315732399431623
-0.832,0.0316803560200501
-0.831,0.0317878673295727
-0.83,0.0318957754385927
-0.829,0.0320040819205545
-0.828,0.0321127883555135
-0.827,0.0322218963301647
-0.826,0.0323314074378722
-0.825,0.032441323278698
-0.824,0.0325516454594313
-0.823,0.0326623755936182
-0.822,0.0327735153015907
-0.821,0.032885066210497
-0.82,0.0329970299543308
-0.819,0.0331094081739618
-0.818,0.0332222025171649
-0.817,0.0333354146386515
-0.816,0.0334490462000988
-0.815,0.033563098870181
-0.814,0.0336775743245995
-0.813,0.0337924742461141
-0.812,0.0339078003245731
-0.811,0.034023554256945
-0.81,0.0341397377473494
-0.809,0.0342563525070885
-0.808,0.034373400254678
-0.807,0.0344908827158792
-0.806,0.0346088016237303
-0.805,0.0347271587185788
-0.804,0.0348459557481126
-0.803,0.0349651944673932
-0.802,0.035084876638887
-0.801,0.0352050040324983
-0.8,0.0353255784256015
-0.799,0.0354466016030741
-0.798,0.0355680753573292
-0.797,0.0356900014883489
-0.796,0.0358123818037169
-0.795,0.0359352181186523
-0.794,0.0360585122560427
-0.793,0.0361822660464777
-0.792,0.0363064813282828
-0.791,0.0364311599475533
-0.79,0.036556303758188
-0.789,0.0366819146219239
-0.788,0.0368079944083696
-0.787,0.0369345449950409
-0.786,0.0370615682673944
-0.785,0.0371890661188629
-0.784,0.03731704045089
-0.783,0.0374454931729652
-0.782,0.0375744262026593
-0.781,0.0377038414656596
-0.78,0.0378337408958052
-0.779,0.0379641264351234
-0.778,0.0380950000338646
-0.777,0.0382263636505392
-0.776,0.0383582192519528
-0.775,0.0384905688132436
-0.774,0.0386234143179178
-0.773,0.0387567577578869
-0.772,0.0388906011335045
-0.771,0.0390249464536027
-0.77,0.0391597957355297
-0.769,0.039295151005187
-0.768,0.0394310142970665
-0.767,0.0395673876542886
-0.766,0.0397042731286395
-0.765,0.0398416727806095
-0.764,0.0399795886794307
-0.763,0.0401180229031156
-0.762,0.0402569775384952
-0.761,0.0403964546812581
-0.76,0.0405364564359885
-0.759,0.0406769849162059
-0.758,0.0408180422444034
-0.757,0.0409596305520877
-0.756,0.0411017519798181
-0.755,0.0412444086772463
-0.754,0.0413876028031558
-0.753,0.0415313365255025
-0.752,0.0416756120214543
-0.751,0.0418204314774313
-0.75,0.0419657970891468
-0.749,0.0421117110616474
-0.748,0.0422581756093542
-0.747,0.0424051929561038
-0.746,0.0425527653351888
-0.745,0.0427008949894002
-0.744,0.0428495841710681
-0.743,0.0429988351421037
-0.742,0.0431486501740413
-0.741,0.04329903154808
-0.74,0.0434499815551264
-0.739,0.0436015024958369
-0.738,0.0437535966806598
-0.737,0.0439062664298788
-0.736,0.0440595140736559
-0.735,0.0442133419520738
-0.734,0.0443677524151803
-0.733,0.044522747823031
-0.732,0.0446783305457336
-0.731,0.0448345029634914
-0.73,0.0449912674666476
-0.729,0.0451486264557294
-0.728,0.045306582341493
-0.727,0.0454651375449674
-0.726,0.0456242944975002
-0.725,0.0457840556408016
-0.724,0.045944423426991
-0.723,0.0461054003186409
-0.722,0.0462669887888236
-0.721,0.0464291913211569
-0.72,0.0465920104098496
-0.719,0.0467554485597482
-0.718,0.046919508286383
-0.717,0.0470841921160151
-0.716,0.0472495025856827
-0.715,0.0474154422432486
-0.714,0.0475820136474468
-0.713,0.0477492193679308
-0.712,0.0479170619853202
-0.711,0.0480855440912493
-0.71,0.0482546682884144
-0.709,0.0484244371906231
-0.708,0.0485948534228412
-0.707,0.0487659196212429
-0.706,0.0489376384332582
-0.705,0.0491100125176231
-0.704,0.0492830445444284
-0.703,0.0494567371951688
-0.702,0.0496310931627928
-0.701,0.0498061151517531
-0.7,0.0499818058780557
-0.699,0.0501581680693111
-0.698,0.0503352044647841
-0.697,0.050512917815445
-0.696,0.0506913108840204
-0.695,0.0508703864450439
-0.694,0.0510501472849083
-0.693,0.0512305962019164
-0.692,0.0514117360063333
-0.691,0.0515935695204379
-0.69,0.0517760995785757
-0.689,0.0519593290272105
-0.688,0.0521432607249784
-0.687,0.0523278975427385
-0.686,0.0525132423636285
-0.685,0.052699298083116
-0.684,0.0528860676090531
-0.683,0.05307355386173
-0.682,0.0532617597739285
-0.681,0.0534506882909771
-0.68,0.0536403423708045
-0.679,0.0538307249839951
-0.678,0.054021839113843
-0.677,0.0542136877564079
-0.676,0.05440627392057
-0.675,0.0545996006280859
-0.674,0.0547936709136439
-0.673,0.0549884878249207
-0.672,0.055184054422637
-0.671,0.0553803737806146
-0.67,0.0555774489858324
-0.669,0.055775283138484
-0.668,0.0559738793520351
-0.667,0.0561732407532797
-0.666,0.0563733704823991
-0.665,0.0565742716930192
-0.664,0.0567759475522687
-0.663,0.0569784012408375
-0.662,0.0571816359530352
-0.661,0.0573856548968502
-0.66,0.0575904612940086
-0.659,0.0577960583800336
-0.658,0.0580024494043049
-0.657,0.0582096376301189
-0.656,0.0584176263347485
-0.655,0.0586264188095035
-0.654,0.058836018359791
-0.653,0.0590464283051761
-0.652,0.0592576519794438
-0.651,0.0594696927306588
-0.65,0.0596825539212286
-0.649,0.0598962389279638
-0.648,0.0601107511421417
-0.647,0.060326093969567
-0.646,0.0605422708306359
-0.645,0.0607592851603971
-0.644,0.0609771404086167
-0.643,0.0611958400398402
-0.642,0.0614153875334564
-0.641,0.0616357863837614
-0.64,0.0618570401000224
-0.639,0.0620791522065423
-0.638,0.0623021262427238
-0.637,0.0625259657631346
-0.636,0.0627506743375724
-0.635,0.0629762555511301
-0.634,0.0632027130042616
-0.633,0.0634300503128475
-0.632,0.0636582711082613
-0.631,0.0638873790374357
-0.63,0.0641173777629294
-0.629,0.0643482709629936
-0.628,0.0645800623316398
-0.627,0.0648127555787066
-0.626,0.0650463544299278
-0.625,0.0652808626270003
-0.624,0.0655162839276519
-0.623,0.0657526221057108
-0.622,0.0659898809511731
-0.621,0.0662280642702725
-0.62,0.0664671758855501
-0.619,0.0667072196359226
-0.618,0.0669481993767535
-0.617,0.0671901189799223
-0.616,0.0674329823338956
-0.615,0.067676793343797
-0.614,0.0679215559314785
-0.613,0.0681672740355916
-0.612,0.0684139516116589
-0.611,0.0686615926321457
-0.61,0.0689102010865316
-0.609,0.0691597809813838
-0.608,0.0694103363404286
-0.607,0.0696618712046252
-0.606,0.0699143896322382
-0.605,0.0701678956989109
-0.604,0.0704223934977398
-0.603,0.0706778871393476
-0.602,0.0709343807519581
-0.601,0.0711918784814705
-0.6,0.0714503844915342
-0.599,0.0717099029636239
-0.598,0.0719704380971149
-0.597,0.072231994109359
-0.596,0.0724945752357604
-0.595,0.0727581857298514
-0.594,0.0730228298633697
-0.593,0.0732885119263346
-0.592,0.0735552362271244
-0.591,0.0738230070925536
-0.59,0.0740918288679509
-0.589,0.0743617059172364
-0.588,0.0746326426230007
-0.587,0.0749046433865828
-0.586,0.0751777126281492
-0.585,0.0754518547867729
-0.584,0.0757270743205129
-0.583,0.0760033757064938
-0.582,0.0762807634409855
-0.581,0.0765993772302642
-0.58,0.0770812940279091
-0.579,0.0775663988952853
-0.578,0.0780547174194735
-0.577,0.0785462751875543
-0.576,0.0790410977866084
-0.575,0.0795392108037165
-0.574,0.0800406398259591
-0.573,0.0805454104404169
-0.572,0.0810535482341707
-0.571,0.0815650787943009
-0.57,0.0820800277078883
-0.569,0.0825984205620136
-0.568,0.0831202829437573
-0.567,0.0836456404402002
-0.566,0.0841745188488256
-0.565,0.0847069452338531
-0.564,0.0852429471312872
-0.563,0.0857825520779299
-0.562,0.0863257876105831
-0.561,0.0868726812660488
-0.56,0.0874232605811288
-0.559,0.0879775532105458
-0.558,0.0885355877560914
-0.557,0.0890973932755189
-0.556,0.0896629988295
-0.555,0.0902324334787066
-0.554,0.0908057262838103
-0.553,0.091382906305483
-0.552,0.0919640027191711
-0.551,0.0925490457562995
-0.55,0.0931380662171627
-0.549,0.0937310949075612
-0.548,0.0943281626332955
-0.547,0.0949293002001661
-0.546,0.0955345384139736
-0.545,0.0961439082026495
-0.544,0.0967574415865064
-0.543,0.0973751711610236
-0.542,0.0979971295268263
-0.541,0.0986233492845397
-0.54,0.0992538630347892
-0.539,0.0998887033782
-0.538,0.100527903076321
-0.537,0.101171496084743
-0.536,0.101819516896082
-0.535,0.102472000005524
-0.534,0.10312897990826
-0.533,0.103790491099476
-0.532,0.104456568074362
-0.531,0.105127245572055
-0.53,0.105802559636938
-0.529,0.106482546748113
-0.528,0.107167243384979
-0.527,0.107856686026935
-0.526,0.10855091115338
-0.525,0.109249955243773
-0.524,0.109953855185035
-0.523,0.110662649244431
-0.522,0.11137637598124
-0.521,0.112095073954742
-0.52,0.112818781724217
-0.519,0.113547537848944
-0.518,0.114281380894158
-0.517,0.115020350117008
-0.516,0.115764486103225
-0.515,0.116513829589088
-0.514,0.117268421310873
-0.513,0.118028302004858
-0.512,0.11879351240732
-0.511,0.11956409330159
-0.51,0.120340086559956
-0.509,0.121121535147429
-0.508,0.121908482076823
-0.507,0.122700970360952
-0.506,0.123499043012632
-0.505,0.124302743044677
-0.504,0.125112113664221
-0.503,0.125927199568587
-0.502,0.126748046144762
-0.501,0.127574698783477
-0.5,0.128407202875466
-0.499,0.12924560381146
-0.498,0.130089946982965
-0.497,0.130940278364193
-0.496,0.131796645548005
-0.495,0.132659096406049
-0.494,0.133527678809973
-0.493,0.134402440631425
-0.492,0.135283429742053
-0.491,0.136170694067962
-0.49,0.137064282776952
-0.489,0.137964246272556
-0.488,0.138870635011568
-0.487,0.139783499450781
-0.486,0.140702890046991
-0.485,0.141628857256992
-0.484,0.142561451891425
-0.483,0.143500726539492
-0.482,0.144446734347978
-0.481,0.145399528463866
-0.48,0.146359162034138
-0.479,0.147325688205777
-0.478,0.148299160153272
-0.477,0.149279632190707
-0.476,0.150267160154546
-0.475,0.151261799987329
-0.474,0.152263607631599
-0.473,0.153272639029897
-0.472,0.154288950124766
-0.471,0.15531259720774
-0.47,0.156343638474995
-0.469,0.157382132769238
-0.468,0.158428138933705
-0.467,0.15948171581163
-0.466,0.160542922246249
-0.465,0.161611817125414
-0.464,0.162688460674696
-0.463,0.163772914657422
-0.462,0.164865240921788
-0.461,0.16596550131599
-0.46,0.167073757688224
-0.459,0.168190071886714
-0.458,0.169314506338037
-0.457,0.170447125536241
-0.456,0.171587994437163
-0.455,0.172737177996641
-0.454,0.173894741170512
-0.453,0.175060748914615
-0.452,0.176235266345048
-0.451,0.177418360423623
-0.45,0.178610099294756
-0.449,0.179810551122211
-0.448,0.181019784069752
-0.447,0.182237866301143
-0.446,0.183464866002039
-0.445,0.184700852599606
-0.444,0.185945897405073
-0.443,0.187200071887123
-0.442,0.188463447514436
-0.441,0.189736095755692
-0.44,0.19101808807966
-0.439,0.192309496616057
-0.438,0.193610395750354
-0.437,0.194920860348834
-0.436,0.196240965277776
-0.435,0.197570785403463
-0.434,0.198910395592175
-0.433,0.200259871012248
-0.432,0.201619289034712
-0.431,0.202988728006358
-0.43,0.204368266278338
-0.429,0.205757982201805
-0.428,0.207157954127911
-0.427,0.208568260532406
-0.426,0.209988981799788
-0.425,0.211420199806953
-0.424,0.212861996470546
-0.423,0.214314453707208
-0.422,0.215777653433582
-0.421,0.217251677611982
-0.42,0.21873660976672
-0.419,0.220232535335657
-0.418,0.221739539873548
-0.417,0.223257708935148
-0.416,0.224787128075213
-0.415,0.226327882863296
-0.414,0.227880060129116
-0.413,0.229443748906413
-0.412,0.231019038451199
-0.411,0.232606018019483
-0.41,0.234204776867277
-0.409,0.235815404255011
-0.408,0.237437990484652
-0.407,0.23907262823541
-0.406,0.240719410516599
-0.405,0.242378430337533
-0.404,0.244049780707528
-0.403,0.245733554637363
-0.402,0.247429846049658
-0.401,0.24913875133335
-0.4,0.250860367290266
-0.399,0.252594790722232
-0.398,0.254342118431073
-0.397,0.256102447219445
-0.396,0.257875874754991
-0.395,0.259662501206924
-0.394,0.261462427194043
-0.393,0.263275753335151
-0.392,0.265102580249047
-0.391,0.266943008555697
-0.39,0.268797139771386
-0.389,0.2706650779085
-0.388,0.272546927410494
-0.387,0.274442792720825
-0.386,0.27635277828295
-0.385,0.278276988543497
-0.384,0.280215528956613
-0.383,0.282168507416859
-0.382,0.284136032181053
-0.381,0.286118211506014
-0.38,0.288115153648562
-0.379,0.290126966875926
-0.378,0.292153760658347
-0.377,0.294195646772526
-0.376,0.296252737256027
-0.375,0.298325144146414
-0.374,0.300412979481251
-0.373,0.3025163553304
-0.372,0.304635385242284
-0.371,0.306770184826021
-0.37,0.30892086984349
-0.369,0.31108755605657
-0.368,0.31327035922714
-0.367,0.315469395205575
-0.366,0.31768478164639
-0.365,0.319916637888393
-0.364,0.322165083334888
-0.363,0.324430237389179
-0.362,0.326712219454567
-0.361,0.329011149147875
-0.36,0.331327148190337
-0.359,0.333660339500683
-0.358,0.336010846011496
-0.357,0.33837879065536
-0.356,0.340764296364858
-0.355,0.343167486532157
-0.354,0.345588486791776
-0.353,0.34802742346109
-0.352,0.350484422857637
-0.351,0.352959611298956
-0.35,0.35545311510612
-0.349,0.35796506148123
-0.348,0.360495579660924
-0.347,0.363044799168127
-0.346,0.36561284952576
-0.345,0.368199860256749
-0.344,0.370805960937171
-0.343,0.373431282526273
-0.342,0.376075957462061
-0.341,0.378740118254839
-0.34,0.381423897414913
-0.339,0.384127427452586
-0.338,0.386850841105283
-0.337,0.389594272824551
-0.336,0.392357857844358
-0.335,0.395141731402674
-0.334,0.397946028737469
-0.333,0.400770885087938
-0.332,0.403616436294021
-0.331,0.40648281976385
-0.33,0.409370173158238
-0.329,0.412278634137999
-0.328,0.415208340363948
-0.327,0.418159429547547
-0.326,0.421132040427155
-0.325,0.424126312696706
-0.324,0.427142386086498
-0.323,0.430180400326831
-0.322,0.433240495148005
-0.321,0.43632281051206
-0.32,0.439427487484971
-0.319,0.442554667461068
-0.318,0.445704491834736
-0.317,0.44887710200036
-0.316,0.452072639363965
-0.315,0.455291245820299
-0.314,0.458533063920761
-0.313,0.461798236262895
-0.312,0.465086905444247
-0.311,0.468399214062361
-0.31,0.471735304788022
-0.309,0.475095320735577
-0.308,0.478479405185496
-0.307,0.481887701418541
-0.306,0.485320352715474
-0.305,0.488777502357903
-0.304,0.492259293667221
-0.303,0.495765870020817
-0.302,0.499297374800295
-0.301,0.502853951387259
-0.3,0.50643574316331
-0.299,0.51004289344224
-0.298,0.513675545177608
-0.297,0.517333841203819
-0.296,0.521017924355201
-0.295,0.524727937466083
-0.294,0.528464023348642
-0.293,0.532226324231631
-0.292,0.536014981716098
-0.291,0.539830137372066
-0.29,0.54367193276956
-0.289,0.547540509478499
-0.288,0.551436008653081
-0.287,0.555358570087723
-0.286,0.559308333299265
-0.285,0.563285437804544
-0.284,0.567290023120399
-0.283,0.571322228602687
-0.282,0.575382191897118
-0.281,0.579470049618133
-0.28,0.58358593836595
-0.279,0.587729994740787
-0.278,0.591902355316449
-0.277,0.596103155208053
-0.276,0.600332527339451
-0.275,0.604590604453912
-0.274,0.608877519294708
-0.273,0.613193404605094
-0.272,0.617538392248777
-0.271,0.621912610842143
-0.27,0.626316188252319
-0.269,0.630749252346436
-0.268,0.635211930991621
-0.267,0.6397043516571
-0.266,0.644226638188527
-0.265,0.648778912495586
-0.264,0.653361296469742
-0.263,0.657973912002461
-0.262,0.662616880858072
-0.261,0.667290321488566
-0.26,0.671994348802388
-0.259,0.676729077534544
-0.258,0.681494622420038
-0.257,0.686291098174643
-0.256,0.691118616920234
-0.255,0.695977285590602
-0.254,0.700867210501929
-0.253,0.705788497970396
-0.252,0.710741254312131
-0.251,0.715725584056468
-0.25,0.720741585234202
-0.249,0.725789354399185
-0.248,0.730868988105267
-0.247,0.735980582906299
-0.246,0.741124234206513
-0.245,0.74630003018231
-0.244,0.751508056207913
-0.243,0.756748397651398
-0.242,0.762021139880843
-0.241,0.76732636754748
-0.24,0.772664157831195
-0.239,0.778034583471695
-0.238,0.783437717150028
-0.237,0.788873631547242
-0.236,0.79434239890457
-0.235,0.799844084026314
-0.234,0.805378745519735
-0.233,0.810946441802851
-0.232,0.816547231293684
-0.231,0.822181172137557
-0.23,0.827848315173211
-0.229,0.833548703307133
-0.228,0.839282379047718
-0.227,0.845049384903359
-0.226,0.850849763204046
-0.225,0.856683549053009
-0.224,0.862550767993615
-0.223,0.868451444912721
-0.222,0.874385604697184
-0.221,0.880353272103073
-0.22,0.886354464575032
-0.219,0.892389188522888
-0.218,0.898457449441217
-0.217,0.904559252824595
-0.216,0.910694604052923
-0.215,0.916863500852993
-0.214,0.923065928622396
-0.213,0.929301871641638
-0.212,0.935571314191226
-0.211,0.941874240426079
-0.21,0.948210626164759
-0.209,0.954580433821403
-0.208,0.960983624598709
-0.207,0.967420159699375
-0.206,0.973890000154896
-0.205,0.980393097550045
-0.204,0.986929389283116
-0.203,0.993498811583834
-0.202,1.00010130068192
-0.201,1.0067367925301
-0.2,1.01340521201343
-0.199,1.0201064694644
-0.198,1.02684047422507
-0.197,1.0336071356375
-0.196,1.04040636254535
-0.195,1.0472380505349
-0.194,1.05410208085465
-0.193,1.06099833403816
-0.192,1.06792669061902
-0.191,1.07488703018906
-0.19,1.08187921634207
-0.189,1.08890309930171
-0.188,1.09595852888088
-0.187,1.10304535489245
-0.186,1.11016342535369
-0.185,1.11731256917063
-0.184,1.12449260370796
-0.183,1.13170334617055
-0.182,1.13894461376324
-0.181,1.14621622031634
-0.18,1.15351795752621
-0.179,1.16084960816938
-0.178,1.1682109549978
-0.177,1.1756017807634
-0.176,1.18302186204432
-0.175,1.190470951263
-0.174,1.19794879493492
-0.173,1.20545513957557
-0.172,1.21298973164961
-0.171,1.22055230688975
-0.17,1.22814257710635
-0.169,1.23576025087634
-0.168,1.24340503677662
-0.167,1.25107664290871
-0.166,1.25877476055513
-0.165,1.26649906006529
-0.164,1.27424921047805
-0.163,1.28202488083226
-0.162,1.2898257382457
-0.161,1.2976514265332
-0.16,1.30550157400142
-0.159,1.31337580867639
-0.158,1.32127375858417
-0.157,1.32919504632141
-0.156,1.33713926654217
-0.155,1.34510600493667
-0.154,1.35309484719103
-0.153,1.36110537893337
-0.152,1.36913717349758
-0.151,1.37718977678568
-0.15,1.38526273098774
-0.149,1.3933555782938
-0.148,1.40146785993533
-0.147,1.40959909568138
-0.146,1.41774878415913
-0.145,1.42591642310124
-0.144,1.43410151024036
-0.143,1.44230353894712
-0.142,1.45052197360749
-0.141,1.45875626678865
-0.14,1.46700587102299
-0.139,1.47527023879627
-0.138,1.48354881017226
-0.137,1.49184099613689
-0.136,1.50014620352143
-0.135,1.50846383915712
-0.134,1.516793308574
-0.133,1.5251339937795
-0.132,1.53348525634738
-0.131,1.54184645717176
-0.13,1.55021695714679
-0.129,1.55859611068748
-0.128,1.56698324174715
-0.127,1.57537766533494
-0.126,1.58377869645878
-0.125,1.59218564977357
-0.124,1.60059782227321
-0.123,1.6090144854302
-0.122,1.61743490872481
-0.121,1.62585836163729
-0.12,1.63428410990612
-0.119,1.64271139108096
-0.118,1.65113942986491
-0.117,1.65956745089581
-0.116,1.66799467869851
-0.115,1.67642032401558
-0.114,1.68484357076216
-0.113,1.69326359976264
-0.112,1.70167959184141
-0.111,1.71009072512967
-0.11,1.71849615224424
-0.109,1.7268950117308
-0.108,1.73528644198783
-0.107,1.74366958134064
-0.106,1.7520435560705
-0.105,1.76040746711262
-0.104,1.7687604121974
-0.103,1.77710148905522
-0.102,1.78542979284349
-0.101,1.79374439534358
-0.1,1.8020443558715
-0.099,1.81032873362674
-0.098,1.81859658768602
-0.097,1.82684696522201
-0.096,1.83507889172644
-0.095,1.84329139038971
-0.094,1.85148348440219
-0.093,1.85965419380429
-0.092,1.86780251744822
-0.091,1.87592744545072
-0.09,1.88402796790119
-0.089,1.8921030745581
-0.088,1.90015174271328
-0.087,1.90817293369182
-0.086,1.91616560777432
-0.085,1.9241287252414
-0.084,1.9320612420086
-0.083,1.93996209656532
-0.082,1.94783022305293
-0.081,1.95566455561278
-0.08,1.96346402752837
-0.079,1.97122755999048
-0.078,1.97895406524712
-0.077,1.98664245533647
-0.076,1.99429164225112
-0.075,2.00190053241333
-0.074,2.00946802139595
-0.073,2.01699300352103
-0.072,2.02447437311058
-0.071,2.03191102289854
-0.07,2.0393018370729
-0.069,2.04664569695963
-0.068,2.05394148388261
-0.067,2.06118807891546
-0.066,2.06838435895845
-0.065,2.07552919746505
-0.064,2.08262146778536
-0.063,2.08966004326138
-0.062,2.09664379636957
-0.061,2.10357159796595
-0.06,2.11044231872853
-0.059,2.11725482933534
-0.058,2.12400800090427
-0.057,2.13070070646664
-0.056,2.13733181957392
-0.055,2.1439002137776
-0.054,2.1504047631203
-0.053,2.15684434673141
-0.052,2.16321784674878
-0.051,2.16952414534938
-0.05,2.17576212492277
-0.049,2.18193067431035
-0.048,2.18802868981595
-0.047,2.19405506815942
-0.046,2.20000870609122
-0.045,2.20588850627826
-0.044,2.21169338431384
-0.043,2.21742225749861
-0.042,2.22307404313322
-0.041,2.22864766281642
-0.04,2.23414205593814
-0.039,2.23955616649096
-0.038,2.24488893846748
-0.037,2.25013931853128
-0.036,2.25530627390427
-0.035,2.26038878135272
-0.034,2.2653858176955
-0.033,2.27029636117987
-0.032,2.2751194111072
-0.031,2.27985398282477
-0.03,2.28449909208341
-0.029,2.28905375526194
-0.028,2.29351700849
-0.027,2.29788791114183
-0.026,2.30216552392424
-0.025,2.30634890774806
-0.024,2.31043714084634
-0.023,2.31442933172155
-0.022,2.31832459192522
-0.021,2.32212203304537
-0.02,2.32582078112031
-0.019,2.32941999860042
-0.018,2.33291885358185
-0.017,2.33631651416156
-0.016,2.33961216013324
-0.015,2.34280501251752
-0.014,2.34589430141346
-0.013,2.34887925692014
-0.012,2.3517591185651
-0.011,2.35453317045268
-0.01,2.35720070984836
-0.00900000000000001,2.35976103401955
-0.00800000000000001,2.36221344795128
-0.00700000000000001,2.36455730336822
-0.00600000000000001,2.36679196949885
-0.005,2.36891681560238
-0.004,2.37093121742663
-0.003,2.37283459888396
-0.002,2.37462640555666
-0.001,2.37630608313101
0,2.37787308296048
0.001,2.37932690563793
0.002,2.38066707707287
0.003,2.38189312338293
0.004,2.38300457588146
0.005,2.38400101615047
0.00600000000000001,2.38488205396217
0.00700000000000001,2.38564729940017
0.00800000000000001,2.38629636758825
0.00900000000000001,2.3868289251186
0.01,2.38724466869227
0.011,2.38754329538968
0.012,2.3877245074862
0.013,2.38778806022225
0.014,2.38773373978457
0.015,2.38756133274837
0.016,2.38727063137611
0.017,2.38686148272134
0.018,2.38633376446097
0.019,2.38568735460659
0.02,2.38492213775149
0.021,2.38403805536396
0.022,2.38303507802369
0.023,2.38191317654585
0.024,2.3806723297325
0.025,2.37931257540746
0.026,2.37783397784585
0.027,2.3762366014475
0.028,2.37452052067381
0.029,2.37268587087325
0.03,2.37073281017961
0.031,2.36866149676646
0.032,2.36647210182933
0.033,2.36416485850967
0.034,2.36174001834922
0.035,2.35919783289345
0.036,2.35653857083124
0.037,2.35376256231941
0.038,2.35087015128598
0.039,2.34786168170601
0.04,2.34473752014265
0.041,2.34149809191518
0.042,2.33814383177413
0.043,2.33467517476222
0.044,2.33109258506327
0.045,2.32739658039164
0.046,2.32358768420464
0.047,2.31966642094654
0.048,2.31563335130203
0.049,2.31148908183871
0.05,2.30723422207337
0.051,2.3028693840024
0.052,2.29839522257207
0.053,2.29381242906309
0.054,2.28912169590111
0.055,2.28432372071703
0.056,2.27941924910411
0.057,2.27440905252449
0.058,2.26929390269173
0.059,2.26407458097746
0.06,2.25875191840825
0.061,2.25332676192387
0.062,2.24779995848922
0.063,2.24217237134259
0.064,2.23644491003366
0.065,2.2306184922954
0.066,2.22469403624652
0.067,2.21867248418147
0.068,2.21255481647411
0.069,2.20634201684592
0.07,2.20003507074517
0.071,2.19363499480593
0.072,2.18714283273696
0.073,2.18055962914645
0.074,2.17388643329525
0.075,2.16712432937112
0.076,2.16027441743039
0.077,2.15333779761002
0.078,2.1463155796881
0.079,2.13920890662636
0.08,2.13201892852041
0.081,2.12474679570582
0.082,2.11739367448583
0.083,2.10996075686214
0.084,2.10244923716179
0.085,2.09486031110916
0.086,2.08719519515595
0.087,2.07945512161763
0.088,2.07164132321244
0.089,2.06375503659118
0.09,2.05579751974721
0.091,2.04777003788006
0.092,2.03967385623543
0.093,2.03151024772555
0.094,2.02328050193122
0.095,2.01498591062251
0.096,2.00662776609159
0.097,1.99820737095729
0.098,1.98972603730926
0.099,1.98118507758772
0.1,1.9725858058651
0.101,1.96392954587782
0.102,1.95521762490576
0.103,1.94645137025069
0.104,1.93763211192016
0.105,1.92876118561068
0.106,1.91983992773736
0.107,1.91086967483431
0.108,1.90185176532449
0.109,1.89278753914223
0.11,1.88367833626421
0.111,1.87452549639581
0.112,1.86533035802789
0.113,1.85609425931156
0.114,1.84681853834668
0.115,1.83750453054965
0.116,1.82815356738695
0.117,1.81876698000867
0.118,1.8093460987053
0.119,1.79989224643317
0.12,1.79040674243387
0.121,1.78089090590599
0.122,1.77134605164632
0.123,1.76177348382734
0.124,1.75217450505055
0.125,1.74255041715744
0.126,1.73290251066387
0.127,1.72323206739133
0.128,1.71354036893876
0.129,1.70382869216509
0.13,1.6940982972444
0.131,1.68435044068151
0.132,1.67458637839061
0.133,1.66480735250519
0.134,1.65501459126801
0.135,1.64520932230919
0.136,1.63539276843514
0.137,1.62556613093811
0.138,1.61573060511466
0.139,1.60588738574733
0.14,1.59603765191447
0.141,1.58618256446833
0.142,1.57632328323948
0.143,1.56646096285282
0.144,1.55659673258009
0.145,1.54673171398606
0.146,1.53686702806163
0.147,1.52700377787935
0.148,1.51714304546536
0.149,1.50728591164305
0.15,1.49743345102201
0.151,1.48758670970925
0.152,1.47774672564438
0.153,1.46791453592913
0.154,1.45809115673411
0.155,1.44827758232296
0.156,1.43847480592674
0.157,1.42868381253828
0.158,1.41890555636251
0.159,1.40914098441357
0.16,1.39939104220513
0.161,1.38965665038902
0.162,1.3799387091652
0.163,1.37023811810432
0.164,1.36055576497063
0.165,1.35089250617024
0.166,1.34124919296103
0.167,1.33162667362634
0.168,1.3220257672307
0.169,1.31244727625575
0.17,1.30289200276712
0.171,1.29336073159913
0.172,1.28385421850991
0.173,1.2743732164576
0.174,1.26491847237925
0.175,1.2554907007094
0.176,1.24609060496479
0.177,1.23671888755606
0.178,1.22737622691375
0.179,1.21806327817558
0.18,1.20878069549944
0.181,1.19952912124066
0.182,1.19030916590093
0.183,1.1811214346618
0.184,1.17196652906891
0.185,1.16284502069715
0.186,1.15375746637193
0.187,1.14470442226321
0.188,1.13568642439849
0.189,1.12670398338712
0.19,1.11775760821055
0.191,1.1088477983775
0.192,1.09997502236465
0.193,1.09113974230399
0.194,1.08234241730982
0.195,1.07358347876651
0.196,1.06486334313486
0.197,1.0561824262117
0.198,1.04754112493077
0.199,1.03893981247685
0.2,1.0303788605138
0.201,1.02185863109164
0.202,1.01337945777399
0.203,1.00494166887313
0.204,0.996545589107191
0.205,0.98819151671104
0.206,0.979879738080812
0.207,0.971610538652765
0.208,0.963384184161626
0.209,0.955200921236438
0.21,0.947060995638212
0.211,0.938964641277279
0.212,0.93091206797029
0.213,0.92290348260907
0.214,0.91493908647928
0.215,0.907019056011252
0.216,0.89914356074937
0.217,0.891312768120044
0.218,0.883526824339006
0.219,0.875785863399298
0.22,0.868090018586972
0.221,0.860439407703149
0.222,0.852834131460359
0.223,0.845274289627104
0.224,0.83775997229122
0.225,0.830291249468222
0.226,0.822868188679553
0.227,0.815490852336086
0.228,0.808159282454363
0.229,0.800873515964302
0.23,0.793633587462454
0.231,0.786439513482613
0.232,0.779291302131356
0.233,0.772188960581116
0.234,0.765132481672355
0.235,0.758121846642203
0.236,0.751157036150024
0.237,0.74423802053258
0.238,0.737364756221115
0.239,0.730537198633354
0.24,0.723755296440416
0.241,0.717018983336011
0.242,0.710328190998826
0.243,0.703682847109688
0.244,0.697082864621955
0.245,0.690528153098499
0.246,0.684018619905557
0.247,0.677554159105518
0.248,0.671134659778334
0.249,0.664760009872766
0.25,0.658430086103766
0.251,0.652144758716541
0.252,0.645903897358153
0.253,0.639707362679688
0.254,0.63355500773168
0.255,0.627446685115725
0.256,0.621382240547946
0.257,0.615361511477828
0.258,0.609384334797378
0.259,0.603450542336656
0.26,0.597559957467027
0.261,0.591712402740677
0.262,0.585907697120105
0.263,0.580145651337747
0.264,0.574426074976188
0.265,0.568748775148368
0.266,0.563113551298579
0.267,0.557520201387033
0.268,0.551968521709381
0.269,0.546458301685691
0.27,0.540989328961026
0.271,0.535561390068224
0.272,0.530174265581738
0.273,0.524827734089136
0.274,0.519521573437491
0.275,0.514255556453089
0.276,0.509029453873838
0.277,0.503843035941713
0.278,0.498696068770954
0.279,0.493588316404009
0.28,0.488519542545304
0.281,0.483489507587252
0.282,0.478497969975922
0.283,0.473544687921005
0.284,0.468629417046513
0.285,0.463751911246021
0.286,0.458911924244054
0.287,0.454109207818284
0.288,0.449343512300713
0.289,0.444614587902266
0.29,0.439922183446571
0.291,0.435266046642368
0.292,0.430645925115728
0.293,0.426061565601965
0.294,0.421512714080269
0.295,0.416999116481074
0.296,0.412520518281465
0.297,0.408076664561642
0.298,0.40366730038732
0.299,0.399292170804232
0.3,0.39495102084049
0.301,0.390643595538651
0.302,0.386369640212699
0.303,0.382128900412066
0.304,0.377921121753562
0.305,0.373746050861976
0.306,0.369603435202436
0.307,0.365493022265758
0.308,0.361414559542757
0.309,0.357367794524252
0.31,0.35280671796909
0.311,0.347997934157622
0.312,0.343275551430006
0.313,0.338637651750024
0.314,0.334082367567069
0.315,0.329607880285036
0.316,0.325212418783584
0.317,0.32089425798978
0.318,0.316651717498238
0.319,0.312483160237914
0.32,0.308386991183801
0.321,0.304361656111862
0.322,0.300405640395569
0.323,0.296517467842529
0.324,0.29269569956969
0.325,0.288938932915718
0.326,0.285245800389188
0.327,0.281614968651259
0.328,0.278045137531593
0.329,0.274535039076312
0.33,0.271083436626813
0.331,0.267689123928362
0.332,0.264350924267364
0.333,0.26106768963631
0.334,0.257838299925394
0.335,0.254661662139867
0.336,0.251536709642207
0.337,0.24846240141824
0.338,0.245437721366356
0.339,0.242461677609025
0.34,0.239533301825829
0.341,0.23665164860726
0.342,0.233815794828568
0.343,0.231024839042963
0.344,0.228277900893514
0.345,0.225574120543089
0.346,0.222912658121732
0.347,0.220292693190884
0.348,0.217713424223864
0.349,0.215174068102072
0.35,0.212673859626385
0.351,0.210212051043221
0.352,0.207787911584805
0.353,0.205400727023137
0.354,0.203049799237224
0.355,0.200734445793134
0.356,0.198453999536442
0.357,0.196207808196669
0.358,0.193995234003315
0.359,0.191815653313109
0.36,0.189668456248112
0.361,0.187553046344322
0.362,0.185468840210432
0.363,0.183415267196433
0.364,0.181391769071722
0.365,0.179397799712428
0.366,0.17743282479766
0.367,0.175496321514382
0.368,0.173587778270657
0.369,0.171706694416979
0.37,0.16985257997546
0.371,0.168024955376597
0.372,0.166223351203412
0.373,0.164447307942714
0.374,0.162696375743265
0.375,0.160970114180649
0.376,0.159268092028616
0.377,0.157589887036728
0.378,0.155935085714082
0.379,0.154303283118954
0.38,0.152694082654166
0.381,0.151107095868006
0.382,0.149541942260537
0.383,0.147998249095124
0.384,0.146475651215031
0.385,0.14497379086493
0.386,0.143492317517177
0.387,0.142030887702715
0.388,0.140589164846459
0.389,0.139166819107042
0.39,0.137763527220782
0.391,0.136378972349752
0.392,0.135012843933834
0.393,0.133664837546631
0.394,0.132334654755137
0.395,0.131022002983046
0.396,0.129726595377601
0.397,0.128448150679877
0.398,0.127186393098397
0.399,0.125941052185996
0.4,0.12471186271982
0.401,0.123498564584396
0.402,0.122300902657665
0.403,0.1211186266999
0.404,0.119951491245434
0.405,0.118799255497108
0.406,0.117661683223376
0.407,0.116538542657971
0.408,0.115429606402089
0.409,0.114334651328994
0.41,0.113253458490996
0.411,0.112185813028724
0.412,0.111131504082634
0.413,0.1100903247067
0.414,0.109062071784212
0.415,0.10804654594563
0.416,0.107043551488446
0.417,0.106052896298988
0.418,0.105074391776114
0.419,0.104107852756759
0.42,0.103153097443261
0.421,0.102209947332441
0.422,0.101278227146379
0.423,0.100357764764836
0.424,0.0994483911592942
0.425,0.0985499403285528
0.426,0.0976622492358536
0.427,0.0967851577474863
0.428,0.0959185085728418
0.429,0.0950621472058679
0.43,0.0942159218678974
0.431,0.093379683451808
0.432,0.092553285467482
0.433,0.0917365839885306
0.434,0.0909294376002502
0.435,0.0901317073487798
0.436,0.0893432566914267
0.437,0.0885639514481323
0.438,0.0877936597540486
0.439,0.0870322520131938
0.44,0.0862796008531656
0.441,0.0855355810808785
0.442,0.0848000696393046
0.443,0.0840729455651891
0.444,0.083354089947717
0.445,0.082643385888108
0.446,0.0819407184601149
0.447,0.0812459746714029
0.448,0.080559043425789
0.449,0.0798798154863195
0.45,0.0792081834391644
0.451,0.0785440416583084
0.452,0.0778872862710205
0.453,0.0772378151240795
0.454,0.0765955277507414
0.455,0.0759603253384274
0.456,0.0753321106971144
0.457,0.0747107882284142
0.458,0.0740962638953205
0.459,0.0734884451926124
0.46,0.0728872411178922
0.461,0.0722925621432487
0.462,0.071704320187527
0.463,0.0711224285891907
0.464,0.070546802079763
0.465,0.0699773567578345
0.466,0.0694140100636193
0.467,0.0688566807540525
0.468,0.0683052888784118
0.469,0.0677597557544523
0.47,0.0672200039450435
0.471,0.0666859572352942
0.472,0.0661575406101566
0.473,0.065634680232496
0.474,0.0651173034216178
0.475,0.0646053386322375
0.476,0.0640987154338879
0.477,0.0635973644907497
0.478,0.0631012175418975
0.479,0.0626102073819513
0.48,0.0621242678421238
0.481,0.0616433337716556
0.482,0.061167341019627
0.483,0.0606962264171418
0.484,0.0602299277598696
0.485,0.0597683837909429
0.486,0.0593115341841984
0.487,0.0588593195277559
0.488,0.0584116813079266
0.489,0.0579685618934431
0.49,0.0575299045200053
0.491,0.0570956532751334
0.492,0.0566657530833229
0.493,0.0562401496914922
0.494,0.0558187896547204
0.495,0.0554016203222644
0.496,0.0549885898238525
0.497,0.0545796470562465
0.498,0.0541747416700674
0.499,0.0537738240568787
0.5,0.0533768453365206
0.501,0.0529837573446916
0.502,0.0525945126207708
0.503,0.0522090643958753
0.504,0.0518273665811491
0.505,0.0514493737562767
0.506,0.0510750411582185
0.507,0.0507043246701612
0.508,0.0503371808106802
0.509,0.0499735667231085
0.51,0.0496134401651087
0.511,0.0492567594984415
0.512,0.0489034836789303
0.513,0.0485535722466133
0.514,0.0482069853160836
0.515,0.0478636835670088
0.516,0.0475236282348305
0.517,0.0471867811016373
0.518,0.0468531044872078
0.519,0.0465225612402217
0.52,0.0461951147296339
0.521,0.0458707288362082
0.522,0.0455493679442093
0.523,0.0452309969332464
0.524,0.0449155811702685
0.525,0.0446030865017067
0.526,0.0442934792457603
0.527,0.0439867261848247
0.528,0.043682794558057
0.529,0.0433816520540778
0.53,0.0430832668038056
0.531,0.0427876073734206
0.532,0.0424946427574566
0.533,0.0422043423720179
0.534,0.0419166760481173
0.535,0.0416316140251356
0.536,0.0413491269443968
0.537,0.0410691858428598
0.538,0.0407917621469221
0.539,0.0405168276663334
0.54,0.0402443545882191
0.541,0.0399743154712083
0.542,0.0397066832396669
0.543,0.0394414311780317
0.544,0.0391785329252451
0.545,0.0389179624692878
0.546,0.0386596941418069
0.547,0.0384037026128387
0.548,0.0381499628856234
0.549,0.0378984502915105
0.55,0.0376491404849526
0.551,0.0374020094385868
0.552,0.0371570334384004
0.553,0.0369141890789812
0.554,0.036673453258849
0.555,0.0364348031758681
0.556,0.0361982163227383
0.557,0.0359636704825635
0.558,0.0357311437244954
0.559,0.035500614399453
0.56,0.0352720611359139
0.561,0.0350454628357772
0.562,0.0348207986702973
0.563,0.0345980480760864
0.564,0.0343771907511838
0.565,0.0341582066511924
0.566,0.0339410759854802
0.567,0.0337257792134446
0.568,0.0335122970408405
0.569,0.0333006104161694
0.57,0.0330907005271281
0.571,0.0328825487971182
0.572,0.0326761368818114
0.573,0.0324714466657742
0.574,0.032268460259146
0.575,0.0320671599943745
0.576,0.0318675284230029
0.577,0.0316695483125118
0.578,0.0314732026432105
0.579,0.0312784746051827
0.58,0.0310853475952785
0.581,0.0308938052141581
0.582,0.0307038312633828
0.583,0.0305154097425529
0.584,0.0303285248464924
0.585,0.0301431609624798
0.586,0.0299593026675223
0.587,0.0297769347256759
0.588,0.0295960420854064
0.589,0.0294166098769947
0.59,0.0292386234099825
0.591,0.0290620681706598
0.592,0.0288869298195913
0.593,0.0287131941891835
0.594,0.0285408472812898
0.595,0.0283698752648538
0.596,0.0282002644735896
0.597,0.0280320014036995
0.598,0.027865072711627
0.599,0.0276994652118456
0.6,0.0275351658746824
0.601,0.0273721618241752
0.602,0.0272104403359645
0.603,0.0270499888352166
0.604,0.0268907948945811
0.605,0.0267328462321782
0.606,0.0265761307096194
0.607,0.0264206363300567
0.608,0.0262663512362638
0.609,0.026113263708746
0.61,0.0259613621638794
0.611,0.0258106351520789
0.612,0.0256610713559942
0.613,0.0255126595887337
0.614,0.0253653887921153
0.615,0.0252192480349437
0.616,0.0250742265113149
0.617,0.0249303135389454
0.618,0.0247874985575275
0.619,0.0246457711271092
0.62,0.0245051209264989
0.621,0.0243655377516937
0.622,0.0242270115143321
0.623,0.0240895322401692
0.624,0.0239530900675755
0.625,0.0238176752460578
0.626,0.0236832781348023
0.627,0.0235498892012396
0.628,0.0234174990196309
0.629,0.0232860982696754
0.63,0.0231556777351381
0.631,0.0230262283024987
0.632,0.0228977409596194
0.633,0.0227702067944331
0.634,0.0226436169936512
0.635,0.0225179628414893
0.636,0.022393235718413
0.637,0.0222694270999008
0.638,0.0221465285552264
0.639,0.0220245317462576
0.64,0.0219034284262735
0.641,0.0217832104387986
0.642,0.021663869716454
0.643,0.021545398279825
0.644,0.0214277882363455
0.645,0.0213110317791982
0.646,0.0211951211862307
0.647,0.0210800488188875
0.648,0.0209658071211569
0.649,0.0208523886185335
0.65,0.0207397859169953
0.651,0.0206279917019951
0.652,0.0205169987374672
0.653,0.0204067998648473
0.654,0.0202973880021071
0.655,0.0201887561428019
0.656,0.0200808973551323
0.657,0.019973804781019
0.658,0.0198674716351903
0.659,0.0197618912042833
0.66,0.0196570568459566
0.661,0.0195529619880169
0.662,0.0194496001275562
0.663,0.0193469648301027
0.664,0.0192450497287823
0.665,0.0191438485234925
0.666,0.0190433549800878
0.667,0.0189435629295759
0.668,0.0188444662673258
0.669,0.0187460589522862
0.67,0.0186483350062152
0.671,0.0185512885129202
0.672,0.0184549136175089
0.673,0.0183592045256499
0.674,0.0182641555028441
0.675,0.0181697608737054
0.676,0.0180760150212522
0.677,0.0179829123862074
0.678,0.0178904474663091
0.679,0.0177986148156299
0.68,0.0177074090439061
0.681,0.017616824815875
0.682,0.0175268568506225
0.683,0.0174374999209385
0.684,0.0173487488526815
0.685,0.0172605985241516
0.686,0.0171730438654721
0.687,0.0170860798579789
0.688,0.0169997015336194
0.689,0.0169139039743573
0.69,0.0168286823115878
0.691,0.0167440317255587
0.692,0.0166599474448003
0.693,0.0165764247455622
0.694,0.0164934589512583
0.695,0.0164110454319185
0.696,0.0163291796036482
0.697,0.0162478569280944
0.698,0.0161670729119194
0.699,0.016086823106281
0.7,0.0160071031063199
0.701,0.0159279085506534
0.702,0.0158492351208763
0.703,0.0157710785410678
0.704,0.0156934345773052
0.705,0.0156162990371837
0.706,0.0155396677693428
0.707,0.0154635366629984
0.708,0.0153879016474814
0.709,0.0153127586917821
0.71,0.0152381038041003
0.711,0.0151639330314016
0.712,0.0150902424589795
0.713,0.0150170282100223
0.714,0.0149442864451865
0.715,0.0148720133621757
0.716,0.0148002051953236
0.717,0.0147288582151842
0.718,0.0146579687281261
0.719,0.0145875330759317
0.72,0.0145175476354027
0.721,0.0144480088179694
0.722,0.0143789130693059
0.723,0.0143102568689494
0.724,0.014242036729925
0.725,0.0141742491983747
0.726,0.0141068908531913
0.727,0.0140399583056574
0.728,0.0139734481990878
0.729,0.0139073572084776
0.73,0.0138416820401538
0.731,0.0137764194314319
0.732,0.0137115661502766
0.733,0.0136471189949664
0.734,0.0135830747937627
0.735,0.0135194304045833
0.736,0.0134561827146794
0.737,0.0133933286403166
0.738,0.0133308651264607
0.739,0.0132687891464662
0.74,0.0132070977017697
0.741,0.0131457878215862
0.742,0.0130848565626099
0.743,0.0130243010087179
0.744,0.0129641182706786
0.745,0.0129043054858625
0.746,0.0128448598179574
0.747,0.0127857784566864
0.748,0.0127270586175303
0.749,0.0126686975414521
0.75,0.0126106924946262
0.751,0.0125530407681696
0.752,0.0124957396778777
0.753,0.0124387865639617
0.754,0.012382178790791
0.755,0.0123259137466371
0.756,0.0122699888434215
0.757,0.0122144015164665
0.758,0.0121591492242489
0.759,0.0121042294481562
0.76,0.0120496396922468
0.761,0.0119953774830121
0.762,0.0119414403691419
0.763,0.0118878259212922
0.764,0.0118345317318566
0.765,0.0117815554147393
0.766,0.0117288946051319
0.767,0.0116765469592916
0.768,0.0116245101543237
0.769,0.0115727818879647
0.77,0.0115213598783698
0.771,0.0114702418639017
0.772,0.0114194256029221
0.773,0.0113689088735863
0.774,0.0113186894736393
0.775,0.0112687652202149
0.776,0.011219133949637
0.777,0.0111697935172231
0.778,0.0111207417970903
0.779,0.0110719766819633
0.78,0.0110234960829851
0.781,0.0109752979295289
0.782,0.0109273801690138
0.783,0.0108797407667209
0.784,0.0108323777056129
0.785,0.0107852889861548
0.786,0.0107384726261373
0.787,0.010691926660502
0.788,0.0106456491411685
0.789,0.0105996381368639
0.79,0.0105538917329537
0.791,0.0105084080312749
0.792,0.0104631851499712
0.793,0.0104182212233299
0.794,0.0103735144016205
0.795,0.0103290628509354
0.796,0.0102848647530323
0.797,0.0102409183051783
0.798,0.0101972217199961
0.799,0.0101537732253115
0.8,0.0101105710640029
0.801,0.0100676134938527
0.802,0.0100248987873995
0.803,0.00998242523179323
0.804,0.00994019112865076
0.805,0.00989819479391404
0.806,0.00985643455770909
0.807,0.00981490876420713
0.808,0.00977361577148691
0.809,0.00973255395139874
0.81,0.00969172168942993
0.811,0.00965111738457198
0.812,0.00961073944918884
0.813,0.00957058630888702
0.814,0.0095306564023869
0.815,0.00949094818139557
0.816,0.00945146011048102
0.817,0.00941219066694784
0.818,0.00937313834071406
0.819,0.00933430163418963
0.82,0.00929567906215601
0.821,0.0092572691516472
0.822,0.00921907044183198
0.823,0.00918108148389768
0.824,0.0091433008409348
0.825,0.00910572708782335
0.826,0.00906835881112008
0.827,0.00903119460894714
0.828,0.00899423309088189
0.829,0.00895747287784788
0.83,0.008920912602007
0.831,0.00888455090665298
0.832,0.00884838644610572
0.833,0.00881241788560709
0.834,0.00877664390121756
0.835,0.00874106317971424
0.836,0.00870567441848983
0.837,0.00867047632545259
0.838,0.00863546761892763
0.839,0.00860064702755902
0.84,0.00856601329021309
0.841,0.00853156515588278
0.842,0.00849730138359278
0.843,0.00846322074230605
0.844,0.008429322010831
0.845,0.00839560397772985
0.846,0.00836206544122795
0.847,0.00832870520912394
0.848,0.00829552209870098
0.849,0.00826251493663894
0.85,0.00822968255892737
0.851,0.00819702381077952
0.852,0.00816453754654726
0.853,0.00813222262963681
0.854,0.00810007793242544
0.855,0.00806810233617899
0.856,0.00803629473097029
0.857,0.00800465401559843
0.858,0.00797317909750887
0.859,0.00794186889271436
0.86,0.0079107223257167
0.861,0.00787973832942936
0.862,0.00784891584510081
0.863,0.00781825382223876
0.864,0.0077877512185351
0.865,0.00775740699979164
0.866,0.0077272201398466
0.867,0.00769718962050201
0.868,0.00766731443145152
0.869,0.00763759357020938
0.87,0.00760802604203983
0.871,0.0075786108598873
0.872,0.00754934704430747
0.873,0.00752023362339879
0.874,0.00749126963273493
0.875,0.00746245411529774
0.876,0.00743378612141109
0.877,0.0074052647086751
0.878,0.00737688894190142
0.879,0.00734865789304881
0.88,0.00732057064115957
0.881,0.00729262627229661
0.882,0.00726482387948107
0.883,0.00723716256263063
0.884,0.00720964142849848
0.885,0.00718225959061283
0.886,0.00715501616921702
0.887,0.00712791029121038
0.888,0.00710094109008951
0.889,0.00707410770589023
0.89,0.00704740928513011
0.891,0.00702084498075159
0.892,0.00699441395206565
0.893,0.006968115364696
0.894,0.00694194839052391
0.895,0.00691591220763357
0.896,0.00689000600025796
0.897,0.00686422895872522
0.898,0.00683858027940577
0.899,0.00681305916465953
0.9,0.00678766482278422
0.901,0.00676239646796367
0.902,0.00673725332021696
0.903,0.00671223460534789
0.904,0.00668733955489507
0.905,0.00666256740608237
0.906,0.00663791740177
0.907,0.00661338879040598
0.908,0.00658898082597812
0.909,0.00656469276796641
0.91,0.006540523881296
0.911,0.0065164734362905
0.912,0.00649254070862585
0.913,0.00646872497928457
0.914,0.00644502553451048
0.915,0.00642144166576386
0.916,0.00639797266967706
0.917,0.00637461784801052
0.918,0.00635137650760922
0.919,0.00632824796035951
0.92,0.00630523152314653
0.921,0.00628232651781175
0.922,0.00625953227111123
0.923,0.00623684811467405
0.924,0.00621427338496123
0.925,0.00619180742322509
0.926,0.00616944957546894
0.927,0.00614719919240713
0.928,0.00612505562942557
0.929,0.00610301824654253
0.93,0.00608108640836994
0.931,0.00605925948407492
0.932,0.00603753684734176
0.933,0.00601591787633425
0.934,0.00599440195365836
0.935,0.00597298846632529
0.936,0.00595167680571485
0.937,0.00593046636753916
0.938,0.00590935655180682
0.939,0.00588834676278719
0.94,0.0058674364089753
0.941,0.00584662490305682
0.942,0.00582591166187358
0.943,0.00580529610638917
0.944,0.00578477766165514
0.945,0.00576435575677733
0.946,0.00574402982488257
0.947,0.00572379930308567
0.948,0.00570366363245681
0.949,0.00568362225798906
0.95,0.00566367462856642
0.951,0.00564382019693196
0.952,0.00562405841965638
0.953,0.00560438875710683
0.954,0.00558481067341601
0.955,0.00556532363645155
0.956,0.00554592711778573
0.957,0.00552662059266536
0.958,0.00550740353998211
0.959,0.00548827544224292
0.96,0.00546923578554089
0.961,0.00545028405952623
0.962,0.00543141975737764
0.963,0.00541264237577391
0.964,0.00539395141486573
0.965,0.00537534637824773
0.966,0.00535682677293099
0.967,0.00533839210931552
0.968,0.00532004190116319
0.969,0.00530177566557079
0.97,0.00528359292294345
0.971,0.00526549319696817
0.972,0.00524747601458773
0.973,0.00522954090597469
0.974,0.00521168740450574
0.975,0.00519391504673628
0.976,0.00517622337237515
0.977,0.00515861192425962
0.978,0.00514108024833068
0.979,0.00512362789360845
0.98,0.00510625441216786
0.981,0.00508895935911455
0.982,0.00507174229256102
0.983,0.0050546027736029
0.984,0.00503754036629547
0.985,0.00502055463763053
0.986,0.00500364515751323
0.987,0.00498681149873931
0.988,0.00497005323697242
0.989,0.00495336995072175
0.99,0.00493676122131973
0.991,0.0049202266329001
0.992,0.00490376577237594
0.993,0.00488737822941816
0.994,0.00487106359643397
0.995,0.00485482146854567
0.996,0.00483865144356955
0.997,0.00482255312199501
0.998,0.00480652610696389
0.999,0.00479057000424993
1,0.00477468442223845
