moneyness,8,15,22,57,85,113,211
-0.6532819635890588,,,,,,,87.46
-0.6532719635890588,,,,,,,87.46
-0.6530186567241861,,,,,,100.97,
-0.6472157917500707,,,,,,99.92,
-0.6254241486242063,,,162.45,,,,
-0.5762025488120487,,,143.23,,,,
-0.5761938677607144,,,143.23,,,,
-0.5455899389977213,,,,,,,80.51
-0.5454644625935434,,,,,,,80.5
-0.545445144433669,,,,,,,80.49
-0.5423867687540771,,,,,92.06,,
-0.5396975214322588,,,,,93.62,,
-0.539681630005761,,,,,,,80.84
-0.5396754850266793,,,129.76,,,,
-0.5396654850266793,,,129.76,,,,
-0.5396554850266793,,,129.76,,,,
-0.5396462411540148,,,,,,,80.83
-0.5392352687755868,,,,,,,80.82
-0.5392252687755869,,,,,,,80.82
-0.5392198762114198,,,129.57,,,,
-0.5392152687755868,,,,,,,80.82
-0.5381882524789477,,,,,,86.74,
-0.5355980359512136,,,,,90.71,,
-0.5331684951289635,,,,,,87.26,
-0.5331651171638847,,,,,,87.27,
-0.5312714589785187,,,,,,85.63,
-0.5247454358333862,,,,100.49,,,
-0.49238215594066315,,,124.67,,,,
-0.483087200604694,,,122.59,,,,
-0.4297458263097027,,,,,,79.31,
-0.42963237753408623,,,,90.85,,,
-0.42941576282319605,,117.11,,,,,
-0.42831727476558157,,,110.6,,,,
-0.42830727476558156,,,110.6,,,,
-0.42604774410361623,,,,,,79.44,
-0.42595918202398075,,,,,,80.01,
-0.4259391463347707,,,,,,80.08,
-0.42567327747355055,,,,,,79.95,
-0.42560083301664786,,,,,,79.54,
-0.42559083301664785,,,,,,79.54,
-0.4255851277096586,,,,,,79.53,
-0.42548902948321354,,,,,,79.96,
-0.42547902948321353,,,,,,79.96,
-0.4252980576683514,,,,91.21,,,
-0.4249047527251463,,,,,,79.39,
-0.4243703186916167,,,,89.72,,,
-0.4241739602712279,,125.94,,,,,
-0.4241173215834839,,,115.31,,,,
-0.4240428917562338,,,,,,,75.52
-0.42402909159941826,,,110.21,,,,
-0.42312999511737226,,,,,,79.6,
-0.422704656394966,,,,,,79.39,
-0.422435382070546,,,,,,79.43,
-0.4135055593808027,,,112.44,,,,
-0.4134955593808027,,,112.44,,,,
-0.41348555938080267,,,112.44,,,,
-0.4134755593808027,,,112.44,,,,
-0.4134655593808027,,,112.44,,,,
-0.4130234598087771,,,,,,79.24,
-0.4125859797901381,,,,,,79.14,
-0.41206476036112394,,,107.57,,,,
-0.41186531151024275,154.61,,,,,,
-0.41185531151024274,154.61,,,,,,
-0.4100180817658301,,,,,,78.72,
-0.40998243635716547,,,,,,78.74,
-0.4094408207733208,,,,,,79.92,
-0.35954926907416673,131.05,,,,,,
-0.35683459715335,,108.97,,,,,
-0.34429868880813874,125.17,,,,,,
-0.34386769373243675,125.03,,,,,,
-0.34385769373243674,125.03,,,,,,
-0.3436402135700979,125.02,,,,,,
-0.34169227405350633,124.52,,,,,,
-0.3416822740535063,124.52,,,,,,
-0.34014585604527736,123.73,,,,,,
-0.34013585604527735,123.73,,,,,,
-0.34012585604527734,123.73,,,,,,
-0.3401158560452774,123.73,,,,,,
-0.33867432544781195,,109.44,,,,,
-0.33851402846374135,,109.39,,,,,
-0.3195644940587774,,106.37,,,,,
-0.3195618704246206,,106.35,,,,,
-0.31946848674063744,,106.33,,,,,
-0.31940827540552497,,106.25,,,,,
-0.31939827540552496,,106.25,,,,,
-0.3192762363418449,,106.24,,,,,
-0.3187282291089715,,105.96,,,,,
-0.3184124735970032,,105.95,,,,,
-0.31831939372235785,,105.94,,,,,
-0.3182473594015849,,105.86,,,,,
-0.31821575244323075,,105.87,,,,,
-0.3181839875964031,110.24,,,,,,
-0.3181739875964031,110.24,,,,,,
-0.3181639875964031,110.24,,,,,,
-0.318056588573538,,105.87,,,,,
-0.31776596552716907,,105.55,,,,,
-0.31775596552716906,,105.55,,,,,
-0.31766448379953527,,,96.55,,,,
-0.3176565688178604,,,96.53,,,,
-0.3175839286465756,,105.7,,,,,
-0.3175781850673368,,,96.55,,,,
-0.3175763222641179,,,96.54,,,,
-0.3175739286465756,,105.69,,,,,
-0.3173882820597126,,,,80.5,,,
-0.3171126338487691,,,96.44,,,,
-0.315576185610263,,,96.11,,,,
-0.3153382936313225,,104.83,,,,,
-0.3153282936313225,,104.83,,,,,
-0.31474636136028333,,,,80.91,,,
-0.31470472339769395,,104.64,,,,,
-0.3146311401910581,,,,,,73.85,
-0.31462691259071485,,,95.83,,,,
-0.314582128140242,,104.56,,,,,
-0.3145163501560161,,,,80.88,,,
-0.3140687248263223,,,95.75,,,,
-0.31405570736518973,,,95.74,,,,
-0.3140457073651897,,,95.74,,,,
-0.31403845454693047,,,95.74,,,,
-0.31402845454693046,,,95.74,,,,
-0.3139824553299676,,,95.71,,,,
-0.3139790040987468,,104.22,,,,,
-0.3139724553299676,,,95.71,,,,
-0.3139624553299676,,,95.71,,,,
-0.3131361789948801,,,,,,73.85,
-0.31306807838809125,,104.32,,,,,
-0.3129988630131183,111.83,,,,,,
-0.31299414327507147,111.82,,,,,,
-0.3127558695803069,,,96.18,,,,
-0.3126289536723371,,,,,74.98,,
-0.3124336068701634,,,,,74.98,,
-0.312324857737205,,,,,74.45,,
-0.31231485773720497,,,,,74.45,,
-0.31230485773720496,,,,,74.45,,
-0.312294857737205,,,,,74.45,,
-0.312284857737205,,,,,74.45,,
-0.312274857737205,,,,,74.45,,
-0.31226485773720497,,,,,74.45,,
-0.3115106695191545,,,,,74.49,,
-0.3114994509208121,,,,,,73.88,
-0.310883605714245,,102.55,,,,,
-0.3108079329682607,,,,,,74.08,
-0.3107979329682607,,,,,,74.08,
-0.3107879329682607,,,,,,74.08,
-0.31077499905231565,,,,,,73.8,
-0.31076499905231564,,,,,,73.8,
-0.31073826135564464,,,,,75.03,,
-0.3106552704195972,,,,,74.56,,
-0.3099015781630776,,,,,,73.63,
-0.3098915781630776,,,,,,73.63,
-0.3097229434978317,108.96,,,,,,
-0.30970134228573987,108.94,,,,,,
-0.30966877908020274,,,96.62,,,,
-0.3096505105709766,,,,,,73.61,
-0.3096339886517635,,,,,,73.76,
-0.30883315831452973,,,97.03,,,,
-0.3080464282394556,,,96.16,,,,
-0.3078776899910347,,,96.06,,,,
-0.30730876988658795,,,,,,73.92,
-0.3071583932910762,110.14,,,,,,
-0.3067421177734221,,,,,,73.45,
-0.3066873243030127,,,,,,73.73,
-0.306653194167844,109.93,,,,,,
-0.30622812884176165,,,,,,74.14,
-0.30621812884176164,,,,,,74.14,
-0.30620812884176163,,,,,,74.14,
-0.3061981288417617,,,,,,74.14,
-0.30618812884176166,,,,,,74.14,
-0.30522360683437644,,,,,75.09,,
-0.305049464262632,,,,79.89,,,
-0.30464789571387285,,,,79.77,,,
-0.30462049547644043,,,,,,73.74,
-0.30418486416528856,,,,,74.85,,
-0.30417486416528855,,,,,74.85,,
-0.30393171848585665,,,,,74.79,,
-0.3037646836028228,,,,,74.77,,
-0.3037380216829906,,,,,74.75,,
-0.2997527426934451,,,,,75.22,,
-0.29974767574582706,,,94.89,,,,
-0.2997427426934451,,,,,75.22,,
-0.2988018159163106,,,,,75.22,,
-0.2987918159163106,,,,,75.22,,
-0.298427776647467,,,,,74.98,,
-0.2982552989327164,,,,,74.89,,
-0.2980855282783793,,,,,74.89,,
-0.2980755282783793,,,,,74.89,,
-0.2980655282783793,,,,,74.89,,
-0.29805552827837933,,,,,74.89,,
-0.2980455282783793,,,,,74.89,,
-0.2978182276089447,,,,,74.86,,
-0.2978082276089447,,,,,74.86,,
-0.2977982276089447,,,,,74.86,,
-0.29765811120600527,,,,,74.79,,
-0.2975413478870278,,,,,74.8,,
-0.2975313478870278,,,,,74.8,,
-0.2975213478870278,,,,,74.8,,
-0.2975158521401998,,,,,74.78,,
-0.2975113478870278,,,,,74.8,,
-0.2975058521401998,,,,,74.78,,
-0.2975013478870278,,,,,74.8,,
-0.2974958521401998,,,,,74.78,,
-0.2971485080688522,,,,,74.73,,
-0.29710058678043016,,,,80.91,,,
-0.2970643532898326,,,93.79,,,,
-0.2969086714831547,,,,80.37,,,
-0.2968986714831547,,,,80.35,,,
-0.2962715528565746,,,,,,73.79,
-0.29427705741761856,,,,,,73.82,
-0.2935040761282327,107.56,,,,,,
-0.2934940761282327,107.56,,,,,,
-0.2934840761282327,107.56,,,,,,
-0.29347407612823273,107.56,,,,,,
-0.29344766920161935,,,93.99,,,,
-0.29302757875849517,,,,80.32,,,
-0.29301757875849516,,,,80.32,,,
-0.2927142256623554,,,,79.7,,,
-0.2925372585252797,,,93.74,,,,
-0.2924646780678908,,,94.59,,,,
-0.29187246623116825,,,,,,73.4,
-0.29156143402134527,,,,,,,72.67
-0.28855987681651407,,,91.67,,,,
-0.28854987681651406,,,91.67,,,,
-0.28853987681651405,,,91.67,,,,
-0.2874666089039598,,,93.23,,,,
-0.2848803199540797,,,92.39,,,,
-0.2848538968430352,,,,,75.26,,
-0.2844047464001981,,,92.36,,,,
-0.2738142407750581,107.15,,,,,,
-0.2737262292864451,107.1,,,,,,
-0.2735004993548912,107.02,,,,,,
-0.27349049935489117,107.02,,,,,,
-0.27274925553386686,103.18,,,,,,
-0.27273925553386685,103.18,,,,,,
-0.27208952388968055,106.54,,,,,,
-0.27207952388968054,106.54,,,,,,
-0.27206952388968053,106.54,,,,,,
-0.27171313326534474,106.68,,,,,,
-0.27113420400908084,,,,,72.57,,
-0.26998956769466576,105.93,,,,,,
-0.2695763245948032,,,89.63,,,,
-0.2682479523519655,,,89.22,,,,
-0.2682379523519655,,,89.22,,,,
-0.2682279523519655,,,89.22,,,,
-0.2681063624428779,,,89.98,,,,
-0.2670255645449271,,,88.98,,,,
-0.26500514955767096,,,,,72.41,,
-0.26462663370661954,,,89.81,,,,
-0.2645673127749255,,95.75,,,,,
-0.2640898619869527,,,,,73.13,,
-0.26396240319955544,,,90.2,,,,
-0.2632303114417569,,,,76.41,,,
-0.2618124994521265,,,90.51,,,,
-0.2592050714820806,107.17,,,,,,
-0.25891273234243795,,,89.99,,,,
-0.2573184880582615,,,89.52,,,,
-0.2560867793369733,,,,,72.81,,
-0.2555686373858549,,,,,72.65,,
-0.2555586373858549,,,,,72.65,,
-0.2545569284390957,,,,,72.92,,
-0.2545469284390957,,,,,72.92,,
-0.25439800327785267,,,,,72.8,,
-0.24571602056743835,103.59,,,,,,
-0.24274621870057145,,94.31,,,,,
-0.24107402255670296,,,86.73,,,,
-0.24106402255670295,,,86.73,,,,
-0.240534929222602,,,86.58,,,,
-0.240524929222602,,,86.58,,,,
-0.240514929222602,,,86.58,,,,
-0.23977786309159532,102.34,,,,,,
-0.23763037414004107,,92.77,,,,,
-0.23762037414004106,,92.77,,,,,
-0.23761037414004108,,92.77,,,,,
-0.23750539405363824,,92.67,,,,,
-0.23554249607319677,105.99,,,,,,
-0.22751500665700308,,,85.86,,,,
-0.22750500665700307,,,85.86,,,,
-0.22750342284145142,,,85.85,,,,
-0.2275028962961263,,,85.85,,,,
-0.2274983328732404,,,85.82,,,,
-0.2274928962961263,,,85.85,,,,
-0.22740986202221825,,,85.82,,,,
-0.22738844341267972,,,85.79,,,,
-0.2273728176122638,,,85.79,,,,
-0.2273628176122638,,,85.79,,,,
-0.22733418932584903,,,85.78,,,,
-0.22732418932584902,,,85.78,,,,
-0.22728958640902375,,,85.76,,,,
-0.2272521792056743,,,85.76,,,,
-0.2268910926029849,100.73,,,,,,
-0.22557709311706597,100.42,,,,,,
-0.22289231253077013,,89.23,,,,,
-0.22251736072999218,,,83.32,,,,
-0.22250736072999217,,,83.32,,,,
-0.22241174030198785,,90.31,,,,,
-0.22044989212402188,,89.74,,,,,
-0.22010603346616764,,89.61,,,,,
-0.219037118706358,95.17,,,,,,
-0.21881713290264115,,,84.24,,,,
-0.21847776017564935,,,,,71.54,,
-0.21774881914582778,98.08,,,,,,
-0.21717517662485075,97.62,,,,,,
-0.2171084822842011,99.59,,,,,,
-0.2162489119690778,97.31,,,,,,
-0.21572028710173574,97.59,,,,,,
-0.21543144809202153,,,83.74,,,,
-0.21512663354654948,,88.42,,,,,
-0.21487670100426515,96.55,,,,,,
-0.21328293099311224,93.37,,,,,,
-0.21256578260191883,,,84.15,,,,
-0.21190322820663254,,,83.72,,,,
-0.21187546056027773,,89.55,,,,,
-0.21124980484232303,,,,,71.05,,
-0.21061637395238353,97.98,,,,,,
-0.21060637395238352,97.98,,,,,,
-0.2104770622687453,,,,,70.9,,
-0.21040903830839885,,,,,70.93,,
-0.2097077638774154,,88.21,,,,,
-0.20434708380703093,,,83.88,,,,
-0.2042964248570308,,,,73.9,,,
-0.2037038077947092,98.42,,,,,,
-0.2036938077947092,98.42,,,,,,
-0.2027277964967391,98.2,,,,,,
-0.2027177964967391,98.2,,,,,,
-0.20236550240181828,,,82.47,,,,
-0.20104446986480728,,,84.14,,,,
-0.2008307599300304,,86.29,,,,,
-0.20067362659171584,,,,,,70.23,
-0.20066362659171583,,,,,,70.23,
-0.20065362659171584,,,,,,70.23,
-0.2002956083762919,97.64,,,,,,
-0.20003199872005117,,86.01,,,,,
-0.20001712904500168,,,,,71.65,,
-0.19996762221906395,,,,,71.61,,
-0.19978782945878226,,,82.5,,,,
-0.19973883241424906,,,,,71.54,,
-0.1994867297267071,,86.68,,,,,
-0.19864769441514007,,,82.45,,,,
-0.19826126448818537,,,82.81,,,,
-0.1976768389017617,,,,,,69.58,
-0.19766683890176168,,,,,,69.58,
-0.19761474463145268,,86.23,,,,,
-0.1976034478292079,,,,,,69.69,
-0.19715232222543866,,,,,,,69.84
-0.19605488050963682,,,,,,,69.72
-0.196028472536792,93.09,,,,,,
-0.1953068455936382,,,,72.77,,,
-0.19471295898696783,95.57,,,,,,
-0.1942585163997168,,,82.26,,,,
-0.19386904212911504,,,,,71.72,,
-0.19377520748195032,,,,,,,69.39
-0.19374512071823946,,,82.56,,,,
-0.19371336003140371,,,82.09,,,,
-0.19338130179500324,,85.28,,,,,
-0.19293658095653154,91.47,,,,,,
-0.19207760807447138,,,,,71.81,,
-0.19206724091675653,,,,,71.74,,
-0.19206282519471296,,,,,71.81,,
-0.19196259452255215,94.93,,,,,,
-0.1918809432827412,,,82.49,,,,
-0.19032023073015736,,,82.1,,,,
-0.19031023073015735,,,82.1,,,,
-0.19030023073015737,,,82.1,,,,
-0.18960114715430765,,,,,,,69.73
-0.1894457499514247,,,81.76,,,,
-0.18872391138918054,,,,73.14,,,
-0.18871391138918053,,,,73.14,,,
-0.1819661715744152,,,81.43,,,,
-0.18195617157441518,,,81.43,,,,
-0.1819461715744152,,,81.43,,,,
-0.1803915042115356,91.04,,,,,,
-0.1803603409154555,91.0,,,,,,
-0.1803503409154555,91.0,,,,,,
-0.1784444479393157,,,81.52,,,,
-0.17815161732912965,,83.27,,,,,
-0.1774746873547015,89.84,,,,,,
-0.17715527034335032,92.36,,,,,,
-0.17697166724964508,91.35,,,,,,
-0.17691350560298502,,,80.87,,,,
-0.17664470366413687,,,79.58,,,,
-0.17662003438983653,,82.94,,,,,
-0.1766153263450847,,82.98,,,,,
-0.17661003438983652,,82.94,,,,,
-0.1766064750751919,,82.89,,,,,
-0.1766053263450847,,82.98,,,,,
-0.17659647507519188,,82.89,,,,,
-0.17657445825461238,,82.94,,,,,
-0.17656445825461237,,82.94,,,,,
-0.17655445825461238,,82.94,,,,,
-0.17654130880524377,,82.94,,,,,
-0.17652737017153397,,82.92,,,,,
-0.1765130543268063,,82.93,,,,,
-0.1765030543268063,,82.93,,,,,
-0.17649930311253526,,82.93,,,,,
-0.17648240813484795,,,80.31,,,,
-0.1764618145931881,,82.89,,,,,
-0.17645578597000922,,82.89,,,,,
-0.1764476848686216,,82.89,,,,,
-0.17644711966955395,,82.94,,,,,
-0.17640171280990458,,82.85,,,,,
-0.1763830587485964,,82.89,,,,,
-0.1763551702931444,,82.86,,,,,
-0.17629882231324112,,,78.87,,,,
-0.1762620694768029,,82.8,,,,,
-0.1762618809922658,,82.8,,,,,
-0.17620871952472417,,,,,,69.89,
-0.17615499636821663,,82.76,,,,,
-0.17613180609529722,,82.77,,,,,
-0.17612860083293402,,82.77,,,,,
-0.1755374636921585,,82.64,,,,,
-0.17551461629366338,,82.64,,,,,
-0.17549308948694142,,82.63,,,,,
-0.1754830894869414,,82.63,,,,,
-0.17547308948694143,,82.63,,,,,
-0.17533405842849825,,82.57,,,,,
-0.17532405842849824,,82.57,,,,,
-0.17531405842849826,,82.57,,,,,
-0.1753000533305965,,82.57,,,,,
-0.1752900533305965,,82.57,,,,,
-0.17528097146403443,,82.55,,,,,
-0.17527001316131607,,82.55,,,,,
-0.17525603145573498,,82.55,,,,,
-0.17524603145573497,,82.55,,,,,
-0.17513867980945697,,82.54,,,,,
-0.17512867980945696,,82.54,,,,,
-0.17511867980945697,,82.54,,,,,
-0.1750379310684611,,,79.36,,,,
-0.17399295581192709,,,80.24,,,,
-0.1739520165247359,,,,,,70.32,
-0.17285911814834398,,,,,69.99,,
-0.17275831685152754,,,81.53,,,,
-0.17228860073496033,,,81.41,,,,
-0.17216886927235708,,81.74,,,,,
-0.17215886927235707,,81.74,,,,,
-0.17203121442321623,,,,,69.8,,
-0.17183712520741456,88.55,,,,,,
-0.17181464383543676,,,,,69.76,,
-0.17175367670374997,91.03,,,,,,
-0.1716695851508283,90.77,,,,,,
-0.17161194611312047,,84.42,,,,,
-0.17160253489624322,,,,,69.72,,
-0.1715925348962432,,,,,69.72,,
-0.17158253489624323,,,,,69.72,,
-0.17157253489624322,,,,,69.72,,
-0.1715625348962432,,,,,69.72,,
-0.17155253489624323,,,,,69.72,,
-0.17154253489624322,,,,,69.72,,
-0.17136208967749644,,,,71.97,,,
-0.17134969181113957,,,,,69.69,,
-0.17133969181113956,,,,,69.69,,
-0.17110585530823808,,,,,69.86,,
-0.1703172706756937,,,78.9,,,,
-0.17019850926162194,,,,,69.78,,
-0.17003207134404308,88.36,,,,,,
-0.16995897061078336,,,80.42,,,,
-0.1698067955925966,87.2,,,,,,
-0.16843334981419245,,,,73.22,,,
-0.16839798286614727,,,,73.21,,,
-0.16830866299201663,,83.24,,,,,
-0.16736687147855656,,78.93,,,,,
-0.16677478755732877,,,,,,69.99,
-0.16601914009901497,,83.79,,,,,
-0.16568557470358658,87.91,,,,,,
-0.16554285377853784,,,78.71,,,,
-0.16544555123364535,,,76.86,,,,
-0.16544284821479882,,84.8,,,,,
-0.16535519237171747,87.79,,,,,,
-0.16535190270785338,87.69,,,,,,
-0.16534190270785337,87.69,,,,,,
-0.1653319027078534,87.69,,,,,,
-0.16532190270785338,87.69,,,,,,
-0.16504406897403945,,84.67,,,,,
-0.16485099085790222,,,77.69,,,,
-0.1609342158440792,,82.37,,,,,
-0.15573519634433342,,80.81,,,,,
-0.15314701156166044,,,,72.42,,,
-0.15237376549713877,86.47,,,,,,
-0.1521633611635711,,81.27,,,,,
-0.15086589271237727,,81.84,,,,,
-0.15033628312081027,85.19,,,,,,
-0.15032658141924726,,,,72.26,,,
-0.15019500664028185,,81.59,,,,,
-0.15009192789471804,83.29,,,,,,
-0.14807317176502655,84.6,,,,,,
-0.1471809355140865,,,78.6,,,,
-0.14692488934312498,,,78.5,,,,
-0.14661854517836015,83.61,,,,,,
-0.14601720890727132,82.26,,,,,,
-0.1457532427562841,,,78.79,,,,
-0.14574324275628409,,,78.79,,,,
-0.1457332427562841,,,78.79,,,,
-0.14492865498465024,86.07,,,,,,
-0.14382380654984295,,80.61,,,,,
-0.14283616054539716,83.67,,,,,,
-0.142100761695371,,,,72.09,,,
-0.14128569568023763,,,79.59,,,,
-0.1407101457785237,86.11,,,,,,
-0.14044937784054612,86.1,,,,,,
-0.1404393778405461,86.1,,,,,,
-0.14030740748313608,84.26,,,,,,
-0.13622445071262623,83.13,,,,,,
-0.13274145219705125,82.63,,,,,,
-0.13269097688210618,82.65,,,,,,
-0.13268097688210617,82.65,,,,,,
-0.13239354811311588,82.47,,,,,,
-0.131982118831648,82.42,,,,,,
-0.1318131533962783,,76.83,,,,,
-0.1318031533962783,,76.83,,,,,
-0.1317931533962783,,76.83,,,,,
-0.1317831533962783,,76.83,,,,,
-0.1317731533962783,,76.83,,,,,
-0.13156434514009685,,76.78,,,,,
-0.13152124850627533,84.38,,,,,,
-0.13148058333420953,81.53,,,,,,
-0.13147058333420952,81.53,,,,,,
-0.1314682757359663,81.53,,,,,,
-0.13146058333420954,81.53,,,,,,
-0.13145058333420953,81.53,,,,,,
-0.13144167425131426,81.53,,,,,,
-0.13144058333420952,81.53,,,,,,
-0.13143167425131425,81.53,,,,,,
-0.13143058333420954,81.53,,,,,,
-0.13142058333420953,81.53,,,,,,
-0.13141058333420955,81.53,,,,,,
-0.13133187625685416,82.09,,,,,,
-0.1310533851073069,,77.76,,,,,
-0.13033906020319408,,77.52,,,,,
-0.1302650151162229,,77.49,,,,,
-0.1297958830408037,81.4,,,,,,
-0.12978700162844337,,77.3,,,,,
-0.12978588304080368,81.4,,,,,,
-0.1297758830408037,81.4,,,,,,
-0.1297658830408037,81.4,,,,,,
-0.12975588304080368,81.4,,,,,,
-0.1297458830408037,81.4,,,,,,
-0.1297358830408037,81.4,,,,,,
-0.129733989452834,,77.3,,,,,
-0.12948263506076918,85.08,,,,,,
-0.1290189009960493,81.04,,,,,,
-0.12862803171518788,,,,70.75,,,
-0.12861803171518787,,,,70.75,,,
-0.1285976590922694,80.33,,,,,,
-0.12858765909226938,80.33,,,,,,
-0.12849713459031564,81.96,,,,,,
-0.12837879373130023,,,,,67.98,,
-0.12833680698761918,80.1,,,,,,
-0.12832920895416944,,,,,68.22,,
-0.127954114359626,84.45,,,,,,
-0.12793793121174402,,,,,67.84,,
-0.12791351472426238,,,,,68.38,,
-0.12768809799276448,83.14,,,,,,
-0.12733272001664508,,76.78,,,,,
-0.1269755128428981,83.9,,,,,,
-0.12688819045050037,,,75.51,,,,
-0.12687595296894338,,76.57,,,,,
-0.1268232579357017,82.48,,,,,,
-0.12682318744004095,,76.59,,,,,
-0.12681810629974777,82.5,,,,,,
-0.12679389279648623,,,,,68.14,,
-0.126606240076638,,,,70.6,,,
-0.12601465673420653,81.99,,,,,,
-0.12547540767804977,79.54,,,,,,
-0.12547238874685485,,78.24,,,,,
-0.12546238874685484,,78.24,,,,,
-0.12545238874685485,,78.24,,,,,
-0.12478372945314642,,,75.32,,,,
-0.12471518692858874,,,,,68.64,,
-0.1245379345776414,80.23,,,,,,
-0.1242086476099078,80.79,,,,,,
-0.12408247639402281,,,75.05,,,,
-0.12390294781297362,,,74.26,,,,
-0.12381426707063448,,,75.55,,,,
-0.12380355952498157,,,75.55,,,,
-0.12379355952498157,,,75.55,,,,
-0.12347190012377496,79.95,,,,,,
-0.1233750429949938,,,75.36,,,,
-0.1233198309206941,81.37,,,,,,
-0.12318531086195739,,,75.98,,,,
-0.12294995321630409,,,,70.62,,,
-0.1228762641545843,,,75.39,,,,
-0.12256315005370833,,,75.82,,,,
-0.12242718166334687,,,75.07,,,,
-0.12093586093575459,,,75.5,,,,
-0.12087849424068497,81.99,,,,,,
-0.12073835765031671,,,75.28,,,,
-0.1202013349787111,,,73.81,,,,
-0.11970158810466658,,,,70.28,,,
-0.1196744648836986,,,,70.26,,,
-0.1196644648836986,,,,70.26,,,
-0.11824967920531093,,76.41,,,,,
-0.11746863994485568,,,75.25,,,,
-0.11743932917956923,80.74,,,,,,
-0.11178490796338592,,77.3,,,,,
-0.11163955569821271,,77.31,,,,,
-0.10955601056722686,,76.3,,,,,
-0.10954601056722686,,76.3,,,,,
-0.10949048795234362,,76.25,,,,,
-0.10948048795234362,,76.25,,,,,
-0.10904755355880669,78.5,,,,,,
-0.10901966804814311,77.49,,,,,,
-0.10820521606075462,,,74.44,,,,
-0.10819521606075462,,,74.44,,,,
-0.10818521606075461,,,74.44,,,,
-0.10785137743051809,81.29,,,,,,
-0.10769153459914327,,76.57,,,,,
-0.10762133649204064,,76.35,,,,,
-0.10761133649204065,,76.35,,,,,
-0.10673820283248614,,76.07,,,,,
-0.10672820283248614,,76.07,,,,,
-0.10638971332276514,79.97,,,,,,
-0.10597533150669969,,,74.55,,,,
-0.1058196551193471,79.46,,,,,,
-0.1058096551193471,79.46,,,,,,
-0.1057996551193471,79.46,,,,,,
-0.10579103842604165,80.64,,,,,,
-0.10565003238488302,79.4,,,,,,
-0.10564003238488302,79.4,,,,,,
-0.10563003238488301,79.4,,,,,,
-0.10562003238488302,79.4,,,,,,
-0.10561003238488302,79.4,,,,,,
-0.10560003238488302,79.4,,,,,,
-0.10559003238488301,79.4,,,,,,
-0.10533481784970045,80.58,,,,,,
-0.10533418593415822,80.68,77.27,,,,,
-0.10521621272872328,,76.3,,,,,
-0.10520621272872328,,76.3,,,,,
-0.10517744331299095,,,74.31,,,,
-0.10506132567265836,,76.25,,,,,
-0.10503371432205122,,,75.38,,,,
-0.10491039093038668,,,,70.43,,,
-0.10490722834523247,,76.16,,,,,
-0.10489722834523248,,76.16,,,,,
-0.10475560888280333,,76.06,,,,,
-0.10474560888280333,,76.06,,,,,
-0.104721439966036,,,75.12,,,,
-0.10438404012359503,,76.75,,,,,
-0.10390292721899586,,76.63,,,,,
-0.10388052746535437,,,75.75,,,,
-0.10370356581194462,76.25,,,,,,
-0.10369356581194462,76.25,,,,,,
-0.10360677965781839,,,74.73,,,,
-0.10344827586206895,76.23,,,,,,
-0.10344181608713221,,,,,68.43,,
-0.10343827586206895,76.23,,,,,,
-0.10314959700735182,80.75,,,,,,
-0.10281948421092157,78.41,,,,,,
-0.10276377092331268,,75.86,,,,,
-0.10275377092331268,,75.86,,,,,
-0.10259531795638288,,76.83,,,,,
-0.10207451505525666,79.71,,,,,,
-0.10040221490444134,,,,70.37,,,
-0.10029413460983905,75.8,,,,,,
-0.10023692182526878,,,,70.56,,,
-0.10009525145646114,76.81,,,,,,
-0.1000908908200272,76.78,,,,,,
-0.10002962979372687,75.66,,,,,,
-0.1000103152663866,76.77,,,,,,
-0.09994156543701749,76.74,,,,,,
-0.09993928051915513,76.77,,,,,,
-0.09960535009883553,76.57,,,,,,
-0.09950088651767985,,,75.0,,,,
-0.09944049185716464,78.1,,,,,,
-0.09939326817251193,75.94,,,,,,
-0.09921484721498564,,75.84,,,,,
-0.09911447694586539,,77.17,,,,,
-0.09889913930639893,,75.7,,,,,
-0.09887029162691618,,,,70.61,,,
-0.0987957064730185,,74.72,,,,,
-0.0986345261877507,,,75.5,,,,
-0.09761673455517605,,,75.32,,,,
-0.09725401300286818,,75.77,,,,,
-0.09702083410561813,78.45,,,,,,
-0.09688885339820519,,75.52,,,,,
-0.09678388510330405,,76.88,,,,,
-0.09668082500615682,,75.59,,,,,
-0.0965816735338042,78.31,,,,,,
-0.09650946858076925,77.19,,,,,,
-0.09650884066099408,75.94,,,,,,
-0.09632733526394888,78.14,,,,,,
-0.09622555985350512,77.29,,,,,,
-0.09548836554515738,76.43,,,,,,
-0.09526222157885322,,,,70.09,,,
-0.09523809523809523,79.24,,,,,,
-0.09471928317014056,78.87,,,,,,
-0.09418173860850099,,,76.11,,,,
-0.09400745536496591,,,,70.15,,,
-0.09328152630306785,,,,,68.71,,
-0.09299368652000051,79.16,,,,,,
-0.09269656549835426,,76.17,,,,,
-0.09268656549835426,,76.17,,,,,
-0.09182366575841461,,,72.41,,,,
-0.09181366575841461,,,72.41,,,,
-0.0916075208538526,,,72.35,,,,
-0.0915975208538526,,,72.35,,,,
-0.09155883280753518,,,,68.46,,,
-0.09149693368858836,,,72.32,,,,
-0.09016261068740494,,,72.57,,,,
-0.08901942734394741,,,72.69,,,,
-0.08898975796735398,,,71.91,,,,
-0.08891464223500167,,,72.35,,,,
-0.0888743817443226,,,72.54,,,,
-0.08884304250797781,,,72.22,,,,
-0.08873946241095843,74.74,,,,,,
-0.08869420359391667,,,72.9,,,,
-0.08861966207384142,,,72.68,,,,
-0.08809150089879991,,,72.55,,,,
-0.08789562242344762,,,,68.66,,,
-0.08776290958019994,,,,68.59,,,
-0.08774605769458843,,,,68.59,,,
-0.08774439327704109,,,,68.58,,,
-0.08773605769458843,,,,68.59,,,
-0.08771630531489638,,,72.37,,,,
-0.08770630531489639,,,72.37,,,,
-0.08769630531489638,,,72.37,,,,
-0.08768630531489638,,,72.37,,,,
-0.0876624131967807,,,,68.58,,,
-0.08756418415692069,,,,68.54,,,
-0.08753962359184542,,,,68.53,,,
-0.08750902510604863,,,,68.53,,,
-0.08747675917371023,,,,68.56,,,
-0.08747592647428526,,,,68.51,,,
-0.08746675917371023,,,,68.56,,,
-0.08745675917371022,,,,68.51,,,
-0.08743324859390578,,,72.85,,,,
-0.087342674989493,,,73.08,,,,
-0.08733351252018706,,,,68.74,,,
-0.08732434986690907,,,,68.52,,,
-0.08732351688930651,,,,68.51,,,
-0.08722417340732602,,,,68.48,,,
-0.08722354853711589,,,,68.5,,,
-0.08721417340732603,,,,68.48,,,
-0.0871985530271463,,,,68.75,,,
-0.08713939153276151,,,,68.71,,,
-0.08709459868107994,,,,68.69,,,
-0.08688411760476011,,,72.11,,,,
-0.08688057402339588,,,72.04,,,,
-0.08682241366990318,,,72.87,,,,
-0.08635513563292274,76.6,,,,,,
-0.08620261903467352,75.45,,,,,,
-0.08604811316917849,74.0,,,,,,
-0.08552407472182788,,,,,67.62,,
-0.08543897671596234,,,72.69,,,,
-0.08541346513744752,,,71.23,,,,
-0.08541304690299134,75.69,,,,,,
-0.08537875037585207,,73.59,,,,,
-0.0853258366638906,,73.53,,,,,
-0.08531454203528488,,,72.56,,,,
-0.08530454203528488,,,72.56,,,,
-0.08524948791122888,,73.43,,,,,
-0.08523589022098876,75.73,,,,,,
-0.08515827104976492,,,72.62,,,,
-0.0848738338432874,,,71.64,,,,
-0.08479405921519723,,73.36,,,,,
-0.0844762883936312,,,,68.74,,,
-0.08435955643629989,,,,,,67.82,
-0.08420589432560244,,,72.52,,,,
-0.08415808713594719,,,,,,67.81,
-0.0841480871359472,,,,,,67.81,
-0.08376180830601987,,,,68.62,,,
-0.08290190530656483,75.08,,,,,,
-0.08289190530656483,75.08,,,,,,
-0.08276634917388204,74.65,,,,,,
-0.08273437799186256,,,,,,67.33,
-0.08272437799186257,,,,,,67.33,
-0.08201966031432117,74.57,,,,,,
-0.081734365035383,72.24,,,,,,
-0.08172436503538301,72.24,,,,,,
-0.081714365035383,72.24,,,,,,
-0.081704365035383,72.24,,,,,,
-0.08168505611963894,73.04,,,,,,
-0.08160407033076023,,73.37,,,,,
-0.08127310741685922,,,70.96,,,,
-0.08049993218687002,,,71.34,,,,
-0.08023352870706135,,72.66,,,,,
-0.08002241065407645,,72.63,,,,,
-0.07988718496774894,74.27,,,,,,
-0.0798344806263751,,,71.99,,,,
-0.07947809169364761,,,,,67.3,,
-0.07933274640795918,,,,69.17,,,
-0.07921385120187918,,73.1,,,,,
-0.07893652168666976,,,,,,67.24,
-0.07846438069005046,74.72,72.88,,,,,
-0.07846098376593835,73.68,,,,,,
-0.07839027959795697,73.01,,,,,,
-0.07818405023343833,,,,68.19,,,68.12
-0.07801109475349133,,,71.16,,,,
-0.07799834362402436,,72.75,,,,,
-0.0776669030913838,,,,,67.61,,
-0.07751864507783546,,,,,,67.72,
-0.07722603071545431,73.63,,,,,,
-0.07721603071545431,73.63,,,,,,
-0.0772060307154543,73.63,,,,,,
-0.0771960307154543,73.63,,,,,,
-0.07714193626234644,73.21,,,,,,
-0.07694345517141277,74.69,,,,,,
-0.07693345517141277,74.69,,,,,,
-0.07686996144085823,,73.3,,,,,
-0.07685483519204761,,,,,,67.44,
-0.07682799020606823,74.68,,,,,,
-0.07681799020606823,74.68,,,,,,
-0.07680799020606822,74.68,,,,,,
-0.07679837368801512,,,73.75,,,,
-0.07679799020606823,74.68,,,,,,
-0.07678799020606823,74.68,,,,,,
-0.07677045997834564,,,,,,67.24,
-0.07676406728820451,74.65,,,,,,
-0.07675406728820451,74.65,,,,,,
-0.0767440672882045,74.65,,,,,,
-0.07674233147950882,,,,,,67.38,
-0.07673679081556217,72.33,,,,,,
-0.07672784037178315,,,,,,67.37,
-0.07672679081556218,72.33,,,,,,
-0.07671931597827242,,,,,,67.37,
-0.0764679887643096,,,,68.48,,,
-0.0764579887643096,,,,68.48,,,
-0.0763711731748633,,,72.33,,,,
-0.07632254447276032,,,,68.44,,,
-0.07629161566064435,73.8,,,,,,
-0.07617065345221175,,,,69.57,,,
-0.07590258904371638,,,,68.77,,,
-0.07587440763549536,,,,68.75,,,
-0.07586440763549536,,,,68.75,,,
-0.07575333612609858,,,,,,67.43,
-0.07569887563389732,,,,,,67.41,
-0.0751010972306908,,71.15,,,,,
-0.07502737563209438,76.48,,,,,,
-0.07485744709687958,,,,,67.35,,
-0.07455436322167985,,,,68.69,,,
-0.07454436322167986,,,,68.69,,,
-0.07393302035356308,,,,68.45,,,
-0.07392302035356309,,,,68.45,,,
-0.07391393835924864,,,72.36,,,,
-0.07391302035356308,,,,68.45,,,
-0.0738714834610813,,,,,67.55,,
-0.07378677645380738,,72.61,,,,,
-0.0733041872055279,74.19,,,,,,
-0.07323741340562084,,,,,,67.48,
-0.07322741340562085,,,,,,67.48,
-0.0732148670237106,73.92,,,,,,
-0.07261688041301939,,,,,67.39,,
-0.07261322523094826,,,,68.77,,,
-0.07213177955614036,,,,68.78,,,
-0.07193415187194363,,,71.99,,,,
-0.07052161629784581,,,,,67.4,,
-0.06968609348166255,,,,,67.51,,
-0.06770468427119913,,,70.85,,,,
-0.06457036886328926,75.36,,,,,,
-0.0644498234776546,72.4,,,,,,
-0.06428086358454821,,73.32,,,,,
-0.06254489531087304,,,,69.07,,,
-0.06247913444415076,71.72,,,,,,
-0.06221580564353957,72.51,,,,,,
-0.062205805643539565,72.51,,,,,,
-0.06219580564353957,72.51,,,,,,
-0.061852306264492674,70.28,,,,,,
-0.061082013781907696,,,72.63,,,,
-0.06107201378190769,,,71.99,,,,
-0.060886044625755975,,72.19,,,,,
-0.06031133295072344,74.09,,,,,,
-0.05982409778957598,,,72.57,,,,
-0.0592441026364684,,,72.05,,,,
-0.0591983005358101,,,71.64,,,,
-0.05883570918494008,,,,,67.5,,
-0.05882773700541111,73.14,,,,,,
-0.05881267807558255,,,71.82,,,,
-0.058557488833903326,72.05,,,,,,
-0.05842518787948403,74.03,,,,,,
-0.058209038509125954,72.63,,,,,,
-0.058029170952634046,70.52,,,,,,
-0.05769520256137295,,,72.13,,,,
-0.05765524364205876,70.27,,,,,,
-0.05760995276976677,,,71.31,,,,
-0.05731812190432106,,,72.18,,,,
-0.05729168385145378,,,71.7,,,,
-0.0570434493162032,75.27,,,,,,
-0.0570078812923801,74.37,,,,,,
-0.056952300883140516,,,,69.74,,,
-0.05691494716719647,,,72.57,,,,
-0.05690494716719647,,,72.57,,,,
-0.05688515101037073,,72.47,,,,,
-0.056740813127149514,73.5,,,,,,
-0.05663581236863657,,,71.4,,,,
-0.05655593385041924,74.11,,,,,,
-0.05651543316673757,,,72.37,,,,
-0.05650543316673757,,,72.37,,,,
-0.05648694708660862,72.92,,,,,,
-0.056402814089887565,,,,,67.65,,
-0.0562561018941411,,73.58,,,,,
-0.05584444093008767,,,,,,68.02,
-0.05580633077134256,,,,,,68.66,
-0.05571405132902352,74.59,,,,,,
-0.05508442935857294,70.52,,,,,,
-0.0547770857170673,,,72.64,,,,
-0.05364516263800334,71.3,,,,,,
-0.05312412457283777,70.2,,,,,,
-0.052657019788377446,69.85,,,,,,
-0.05205745005823925,,,72.49,,,,
-0.05204745005823925,,,72.49,,,,
-0.05184308666794191,,73.38,,,,,
-0.050947960629525224,,,73.23,,,,
-0.05053548611752334,72.8,,,,,,
-0.050481394064226914,,73.38,,,,,
-0.05021996673916651,70.51,,,,,,
-0.050127164225889254,,,,,,,68.26
-0.050057234051648414,73.36,,,,,,
-0.04983677383478513,73.04,,,,,,
-0.049808334463665394,74.41,,,,,,
-0.04979833446366539,74.41,,,,,,
-0.04941542613399397,,,72.21,,,,
-0.04940864900293662,74.12,,,,,,
-0.04939864900293662,74.12,,,,,,
-0.04938864900293662,74.12,,,,,,
-0.049219754075935485,,,70.75,,,,
-0.04921930208418268,72.83,,,,,,
-0.04920975407593548,,,70.75,,,,
-0.049041409967282235,,,70.94,,,,
-0.04903485358583992,,,71.03,,,,
-0.04894893402630096,73.55,,,,,,
-0.04890890829960126,,,71.03,,,,
-0.04889890829960126,,,71.03,,,,
-0.04829996633361133,74.11,,,,,,
-0.04826713238128322,74.09,,,,,,
-0.048158976951982124,71.81,,,,,,
-0.048103381684128865,,,71.61,,,,
-0.04804244207576247,73.72,,,,,,
-0.04799123771135183,73.83,,,,,,
-0.04787997384526288,,,,,,67.88,
-0.04781061905402362,73.59,,,,,,
-0.04779203206655547,,,,,,68.58,
-0.04771132892598262,73.54,,,,,,
-0.04738837951951702,,72.14,,,,,
-0.047380439100460525,74.13,,,,,,
-0.047156010813826366,73.49,,,,,,
-0.04609734576586455,,72.29,,,,,
-0.0460568521497825,,72.17,,,,,
-0.04587891249278453,,72.11,,,,,
-0.04569248251410407,,,72.14,,,,
-0.04514369632514004,,,71.91,,,,
-0.04504369720882184,,69.66,,,,,
-0.04494375315616239,,,71.6,,,,
-0.04493375315616239,,,71.6,,,,
-0.04492375315616239,,,71.6,,,,
-0.04491375315616239,,,71.6,,,,
-0.04480523010073434,,,69.62,,,,
-0.04401252525684762,67.98,,,,,,
-0.04247402824792812,,68.3,,,,,
-0.04242534508596618,,68.98,,,,,
-0.04241534508596618,,68.98,,,,,
-0.04240534508596618,,68.98,,,,,
-0.04239534508596618,,68.98,,,,,
-0.04215826373396814,,68.82,,,,,
-0.04205755090152652,,,69.59,,,,
-0.042047550901526516,,,69.59,,,,
-0.0419978996944429,,68.69,,,,,
-0.041987899694442894,,68.69,,,,,
-0.041973206727811574,,69.48,,,,,
-0.04195485006935551,,69.53,,,,,
-0.04191922740366494,,68.53,,,,,
-0.041917041877806094,,68.69,,,,,
-0.04184250947834478,,69.65,,,,,
-0.04181715270491593,,69.58,,,,,
-0.04174654013462087,,69.63,,,,,
-0.04164855148684732,71.66,,,,,,
-0.041638551486847315,71.66,,,,,,
-0.041613812809379036,,68.53,,,,,
-0.04159937895639765,,69.72,,,,,
-0.041491548694055136,,,69.48,,,,
-0.041451297509781715,,68.61,,,,,
-0.04116090758229407,68.93,,,,,,
-0.041095452555001244,,,69.34,,,,
-0.040894653467245745,,69.75,,,,,
-0.040864208751794306,69.75,,,,,,
-0.04040642900275604,,,68.46,,,,
-0.04013163908949635,,,68.7,,,,
-0.03998463975423616,,69.84,,,,,
-0.0396916038179117,,,68.88,,,,
-0.039677331583412134,,69.56,,,,,
-0.03961540712989531,,69.9,,,,,
-0.03961189344631155,,69.93,,,,,
-0.039446281948130935,,70.46,,,,,
-0.03927753670760403,,70.35,,,,,
-0.03926039520252389,,70.1,,,,,
-0.039202812848145974,,70.36,,,,,
-0.03902694614203628,,70.32,,,,,
-0.038955701807175114,,70.16,,,,,
-0.03894570180717511,,70.16,,,,,
-0.038887096895183326,71.73,,,,,,
-0.03876874515379236,,70.7,,,,,
-0.03860110363903557,71.71,,,,,,
-0.03858677750082473,,68.15,,,,,
-0.0384031300212655,71.58,,,,,,
-0.03758792035352598,,70.11,,,,,
-0.037393591883302824,,68.93,,,,,
-0.03677191997501106,,,69.08,,,,
-0.036438898411064735,,,,67.58,,,
-0.03613838482496279,,,68.56,,,,
-0.035893457045036437,,,69.31,,,,
-0.035850299689865084,,68.92,,,,,
-0.03574028628870907,,,,67.57,,,
-0.03514927652668809,71.99,,,,,,
-0.03505117759059351,69.29,,,,,,
-0.03493624930091721,70.83,,,,,,
-0.034510502571765134,68.68,,,,,,
-0.03445101758517577,67.8,,,,,,
-0.034313374966689625,,,70.0,,,,
-0.03420567555933285,69.65,,,,,,
-0.034193016525647324,,70.03,,,,,
-0.03418013506300943,68.76,,,,,,
-0.03397420711132981,,70.9,,,,,
-0.0339504319966657,69.13,,,,,,
-0.03385998698931447,,69.93,,,,,
-0.03381909228683988,,70.22,,,,,
-0.03380909228683988,,70.22,,,,,
-0.03379909228683988,,70.22,,,,,
-0.033747518226512674,69.84,,,,,,
-0.03373751822651267,69.84,,,,,,
-0.033727518226512675,69.84,,,,,,
-0.0336247951629699,,68.77,,,,,
-0.03359811211090247,,70.43,,,,,
-0.03355200987002682,71.54,,,,,,
-0.033545403329789614,71.41,,,,,,
-0.03354274007661251,69.74,,,,,,
-0.033461338338469426,69.65,,,,,,
-0.033435758458357556,,,68.98,,,,
-0.03293501000912258,,,68.83,,,,
-0.03290539397016523,,70.15,,,,,
-0.032686924404483064,69.58,,,,,,
-0.03267619803052879,,70.75,,,,,
-0.03261448143875101,,69.98,,,,,
-0.03255855093855653,69.46,,,,,,
-0.03245335734077648,,,69.59,,,,
-0.03233966905095109,,70.45,,,,,
-0.03231001653597865,68.56,,,,,,
-0.03227093203874798,71.51,,,,,,
-0.032200308728101645,,,69.09,,,,
-0.032082099718128476,,69.77,,,,,
-0.03196051505232256,,,69.86,,,,
-0.031950697710010245,,,68.43,,,,
-0.031937979493219526,,,,67.9,,,
-0.03162326455937137,,68.93,,,,,
-0.0314035124537293,,69.56,,,,,
-0.03137067507006419,68.14,,,,,,
-0.031180308416828728,69.23,,,,,,
-0.030892605595210676,,69.15,,,,,
-0.030790180612249807,,,68.52,,,,
-0.030721736134301292,67.98,,,,,,
-0.03057273531981297,69.26,,,,,,
-0.030571392761922778,,,68.56,,,,
-0.030356535593187406,68.2,,,,,,
-0.03013867169639839,,,,,66.57,,
-0.029814941820081042,68.81,,,,,,
-0.029813373052465786,68.36,,,,,,
-0.029690096878512984,68.7,,,,,,
-0.029653107917129606,,69.59,,,,,
-0.02951207564260161,,70.31,,,,,
-0.02936225402421777,,69.31,,,,,
-0.02935776763379605,,69.21,,,,,
-0.028878316558193173,70.86,,,,,,
-0.0284565088556189,,68.44,,,,,
-0.0284465088556189,,68.44,,,,,
-0.0284365088556189,,68.44,,,,,
-0.028394702160179364,69.43,,,,,,
-0.02744211022832177,,69.69,,,,,
-0.027022594156992708,,68.68,,,,,
-0.026751052889196325,70.39,,,,,,
-0.026597527279604405,,69.71,,,,,
-0.026587527279604405,,69.71,,,,,
-0.026555564208395,,68.69,,,,,
-0.026466662741627456,,68.62,,,,,
-0.025927942787645764,,69.15,,,,,
-0.025752451777122598,70.5,,,,,,
-0.024892633713919254,,69.99,,,,,
-0.024669589406797088,,70.14,,,,,
-0.024314999437819562,,69.97,,,,,
-0.0239240854633479,,70.24,,,,,
-0.023766296008135068,66.83,,,,,,
-0.022329983184075752,68.22,,,,,,
-0.02132368597189238,71.04,,,,,,
-0.021318780104890744,71.66,,,,,,
-0.02131368597189238,71.04,,,,,,
-0.021308780104890745,71.66,,,,,,
-0.021303685971892382,71.04,,,,,,
-0.021298780104890745,71.66,,,,,,
-0.021293685971892382,71.04,,,,,,
-0.021283685971892383,71.04,,,,,,
-0.021129516263694414,71.04,,,,,,
-0.021119516263694415,71.04,,,,,,
-0.021109516263694415,71.04,,,,,,
-0.021099516263694416,71.04,,,,,,
-0.02108991848475905,,,68.24,,,,
-0.018459504910974256,,69.82,,,,,
-0.017971817194050832,,71.74,,,,,
-0.017964699104383808,,70.06,,,,,
-0.017935915979164774,67.97,,,,,,
-0.01715027063795871,68.23,,,,,,
-0.017105868229000176,,,69.57,,,,
-0.016608791425926306,66.45,,,,,,
-0.0165824777410305,66.99,,,,,,
-0.01594082149260223,,,69.95,,,,
-0.015308968565914238,66.14,,,,,,
-0.0151822256423646,66.06,,,,,,
-0.01517936866432057,70.04,,,,,,
-0.014931801208655782,68.28,,,,,,
-0.014807218392953514,67.83,,,,,,
-0.014794733655620562,,70.72,,,,,
-0.01468957091138412,,69.11,,,,,
-0.013963682873816885,69.04,,,,,,
-0.013608445766313593,,70.28,,,,,
-0.013556939328704831,66.36,,,,,,
-0.013510907633382252,,69.63,,,,,
-0.013500907633382252,,69.63,,,,,
-0.013490907633382253,,69.62,,,,,
-0.013480907633382251,,69.62,,,,,
-0.013470907633382252,,69.63,,,,,
-0.013460907633382252,,69.63,,,,,
-0.01330342342408497,66.61,,,,,,
-0.01328078173862679,65.35,,,,,,
-0.012624071425834216,69.26,,,,,,
-0.012614090090971142,,69.42,,,,,
-0.012611768821382818,,70.62,,,,,
-0.012608286896536147,,69.17,,,,,
-0.012460452486027451,66.88,,,,,,
-0.012448556211545725,,69.11,,,,,
-0.012313859376539504,70.6,,,,,,
-0.012298994026525345,69.6,,,,,,
-0.01225602135784698,70.65,,,,,,
-0.012206307768291791,,,69.85,,,,
-0.01193036636702871,66.44,,,,,,
-0.011889724135696556,65.49,,,,,,
-0.011833528770702095,,,,,67.11,,
-0.011804931234563942,,69.53,,,,,
-0.01179935103451657,,,70.04,,,,
-0.011560273289463852,,,69.79,,,,
-0.011266048531661133,65.39,,,,,,
-0.011232172573558019,66.27,,,,,,
-0.010979539992455267,,,,,67.48,,
-0.010945611899198404,65.29,,,,,,
-0.010925272342903747,,,69.6,,,,
-0.010915272342903747,,,69.6,,,,
-0.010905272342903748,,,69.6,,,,
-0.010894195352076808,65.9,,,,,,
-0.01078410198156432,,,69.06,,,,
-0.010761734662272926,67.96,,,,,,
-0.010755443671472853,69.83,,,,,,
-0.010745443671472853,69.83,,,,,,
-0.01063566658421966,,70.24,,,,,
-0.01063333600305294,70.0,,,,,,
-0.010529147808804984,,,69.25,,,,
-0.010525250014957188,67.29,,,,,,
-0.01040319395821232,66.51,,,,,,
-0.010370142772957003,68.51,,,,,,
-0.01015976728384771,69.34,,69.25,,,,
-0.010104009785828816,,,69.52,,,,
-0.010091085432822666,66.16,,,,,,
-0.00998010767173485,,,69.43,,,,
-0.00993413233220386,,69.65,,,,,
-0.009920362237136882,,,69.48,,,,
-0.00988931977038865,,,69.52,,,,
-0.009783574054160638,,69.49,,,,,
-0.009698354118664487,,,69.61,,,,
-0.009695785618943686,,69.2,,,,,
-0.009685785618943687,,69.35,,,,,
-0.00966519609808092,,69.99,,,,,
-0.009648616255108933,69.67,,,,,,
-0.00954865839828467,,,69.53,,,,
-0.009524230722807836,67.58,,,,,,
-0.009484656091893418,,,69.5,,,,
-0.009399384695503499,69.3,,,,,,
-0.009366673962759808,69.05,,,,,,
-0.009183687672051133,,69.64,,,,,
-0.009123144760030844,,69.63,,,,,
-0.008987773032716917,,,69.63,,,,
-0.008806752008405305,,,70.13,,,,
-0.008798412417773571,67.96,,,,,,
-0.008555926297936,,70.62,,,,,
-0.008515435998254994,68.99,,,,,,
-0.00843069992988188,68.85,,,,,,
-0.008407991948272797,,,68.96,,,,
-0.008379195795527816,,67.77,,,,,
-0.00830235431327353,66.77,,,,,,
-0.00774833174803824,67.45,,,,,,
-0.007656506992444467,67.83,,,,,,
-0.007554401378081499,,69.65,,,,,
-0.0075159400029206624,69.79,,,,,,
-0.007244749624762181,,69.88,,,,,
-0.006867855222581709,67.33,,,,,,
-0.006339083475561003,,69.59,,,,,
-0.006222231897095809,,,,67.68,,,
-0.006102060066458637,,,69.81,,,,
-0.005718774183819386,69.31,,,,,,
-0.005708774183819387,69.31,,,,,,
-0.0056420344469273465,67.77,,,,,,
-0.005042539169343163,68.26,,,,,,
-0.005035468116598385,68.31,,,,,,
-0.004894497493044936,,,,67.79,,,
-0.004840409959464664,67.19,,,,,,
-0.0048247046106472125,68.05,,,,,,
-0.004761505312441017,67.94,,,,,,
-0.004711506151119815,,71.52,,,,,
-0.0046482924741457765,67.93,,,,,,
-0.004638292474145777,67.93,,,,,,
-0.004595922824899845,69.98,,,,,,
-0.004358066975410413,67.66,,,,,,
-0.004320784687842916,67.59,,,,,,
-0.004263412156948032,,68.75,,,,,
-0.004257746459839895,,69.6,,,,,
-0.00407711857694959,70.34,,,,,,
-0.003962568913339681,,,,67.76,,,
-0.0039337502107748,70.43,,,,,,
-0.003846811562682184,70.34,,,,,,
-0.0037993196423734554,,70.36,,,,,
-0.0036520895432099465,69.56,,,,,,
-0.0036106369894025603,66.81,,,,,,
-0.0035379149078320626,68.34,,,,,,
-0.003536260010605252,68.32,,,,,,
-0.0034245114926012565,66.12,,,,,,
-0.002867231534466219,,,70.49,,,,
-0.0028272222470197006,68.76,,,,,,
-0.0027434054033261823,,,70.38,,,,
-0.0027074119260046547,,,70.36,,,,
-0.0026974119260046547,,,70.36,,,,
-0.002696045024949245,,,70.37,,,,
-0.002561280141351263,,,70.2,,,,
-0.002466459674590582,66.48,,,,,,
-0.0024629664376288884,68.25,,,,,,
-0.0024286112974959417,69.11,,,,,,
-0.0024186112974959417,69.11,,,,,,
-0.00222040765561482,67.43,,,,,,
-0.0019850991622852865,68.61,,,,,,
-0.001960567229909116,67.44,,,,,,
-0.0019234361209612416,,69.37,,,,,
-0.0019134361209612416,,69.37,,,,,
-0.0019034361209612416,,69.37,,,,,
-0.0018325878369498394,,67.98,,,,,
-0.0017825311942959443,,69.44,,,,,
-0.0017720922096392533,,69.47,,,,,
-0.0017620922096392533,,69.47,,,,,
-0.0016608732744615162,63.64,,,,,,
-0.0016373148037218677,,69.6,,,,,
-0.0015991054327983978,,69.6,,,,,
-0.0015891054327983978,,69.6,,,,,
-0.0015791054327983977,,69.6,,,,,
-0.0014460876203825634,,,66.99,,,,
-0.0014360876203825634,,,66.99,,,,
-0.0013583903609208914,,69.72,,,,,
-0.0013512668453614651,,69.76,,,,,
-0.00111399572476778,,69.79,,,,,
-0.001085249525337062,68.57,,,,,,
-0.0010101690029153954,,,69.7,,,,
-0.0009880924750472753,67.58,,,,,,
-0.0009457713364682263,,,69.69,,,,
-0.0006822614742116873,,66.04,,,,,
-0.0003660564298120228,,69.62,,,,,
0.00014865845968925484,,66.29,,,,,
0.0005739006015592629,,68.74,,,,,
0.0006101339411961337,,,68.91,,,,
0.0006156060103341687,,,67.27,,,,
0.0006201339411961338,,,68.91,,,,
0.0012487001646337426,,,69.71,,,,
0.0014022015112111763,,69.65,,,,,
0.0017133852129802563,,,,66.1,,,
0.0017463778520554474,,,69.51,,,,
0.0017563778520554474,,,69.51,,,,
0.0017663778520554474,,,69.51,,,,
0.0017763778520554475,,,69.51,,,,
0.0017863778520554475,,,69.51,,,,
0.0017963778520554473,,,69.51,,,,
0.0019111455100604413,63.22,67.02,67.4,,,,
0.0019126990526199261,,69.29,,,,,
0.0019226990526199261,,69.29,,,,,
0.002392757074443752,,,66.59,,,,
0.0025300212171808223,63.71,,67.37,,,,
0.00314897583049345,,,66.96,,,,
0.0032991821439500857,,,70.03,,,,
0.0034113706120419973,,,66.86,,,,
0.003423106253906072,,,70.37,,,,
0.003627428863914206,,66.56,,,,,
0.0038497638443431015,,,,66.73,,,
0.0049546548471817164,,66.05,,,,,
0.005038670004917867,,,67.39,,,,
0.005109382170684462,64.72,,,,,,
0.0051796450208083655,,,66.9,,,,
0.005238664220585942,65.76,,,,,,
0.00541989876792659,,,67.1,,,,
0.005582583126827023,,66.06,,,,,
0.005615218249356513,,,66.57,,,,
0.005891782504249932,65.0,,,,,,
0.005996654603852125,,,66.89,,,,
0.006024946217677796,65.4,,,,,,
0.006034946217677795,65.4,,,,,,
0.0060405877929321505,,,66.87,,,,
0.006044946217677796,65.4,,,,,,
0.006054946217677795,65.4,,,,,,
0.006064946217677796,65.4,,,,,,
0.006142730035670008,,,66.82,,,,
0.0062566292872821005,65.18,,,,,,
0.006568776328064629,,66.29,,,,,
0.006576835784538604,,,67.24,,,,
0.00669244561973259,64.9,,,,,,
0.0067024456197325895,64.9,,,,,,
0.007236767255281995,,68.1,,,,,
0.007667883913847762,67.94,,,,,,
0.007679218678342092,68.75,,,,,,
0.007697665049998914,64.34,,,,,,
0.008104220158708486,67.51,,,,,,
0.008196402286308135,68.36,,,,,,
0.008642692452464296,,,66.94,,,,
0.009056742929952177,,,67.38,,,,
0.009191671875089513,,,67.11,,,,
0.009207180600836029,,,67.18,,,,
0.009363371048312974,67.7,,,,,,
0.009535521883976772,,,,66.81,,,
0.009622621420887878,,66.59,,,,,
0.009701626285103515,,,66.88,,,,
0.010046751391224795,,66.86,,,,,
0.010050229338791183,,,66.92,,,,
0.010329562454461705,68.55,,,,,,
0.010346638450440482,,,,66.75,,,
0.010358702598390002,,,,66.76,,,
0.01037610331922334,,,,66.84,,,
0.010643221581459139,,,67.32,,,,
0.010714038912020385,67.93,,,,,,
0.010728768349428375,67.37,,,,,,
0.01076092839310161,,,67.06,,,,
0.010773672025569336,67.92,,,,,,
0.01115046171657963,65.16,,,,,,
0.011356593750992294,67.59,,,,,,
0.01138276015763462,68.35,,,,,,
0.011562620554124825,,67.41,,,,,
0.011671702415849028,,,67.54,,,,
0.011735906576306299,,67.54,,,,,
0.011757326005386926,67.29,,,,,,
0.011863873953037007,,,66.71,,,,
0.011872949232494268,64.83,,,,,,
0.011882490086426278,,,66.68,,,,
0.011882949232494267,64.83,,,,,,
0.012041453217923825,,65.82,,,,,
0.012131216456971128,64.73,,,,,,
0.012141216456971127,64.73,,,,,,
0.012146214642167141,,,,,65.97,,
0.012157856139243473,,,67.02,,,,
0.012466453419754941,65.33,,,,,,
0.012540907830049575,66.56,,,,,,
0.012543107872200476,,,66.83,,,,
0.012547069055940385,,,67.61,,,,
0.01282349640021807,,67.38,,,,,
0.012915377751478552,68.08,,,,,,
0.013028000554402563,,66.11,,,,,
0.013189656899441626,,67.73,,,,,
0.013216021340171524,64.75,,,,,,
0.013523163150509054,,67.52,,,,,
0.013577562525641795,,,66.91,,,,
0.013582465760493267,,68.11,,,,,
0.013671899747849103,64.97,,,,,,
0.013905249632689909,65.69,,,,,,
0.014434012681347363,,67.09,,,,,
0.014655638854326192,67.35,,,,,,
0.0149282099757293,,67.48,,,,,
0.014953962610941396,,,,66.28,,,
0.014963962610941395,,,,66.28,,,
0.015109208447831257,66.33,,,,,,
0.015354232861801265,,66.94,,,,,
0.015392660418771076,,,,65.99,,,
0.015590467760195903,,,,66.47,,,
0.015600467760195903,,,,66.47,,,
0.015762028216924184,67.32,,,,,,
0.01602596223431485,,66.55,,,,,
0.016286452347252123,,67.67,,,,,
0.01644492381629803,,66.9,,,,,
0.0165155407496258,67.23,,,,,,
0.01666898112900639,65.84,,,,,,
0.0168506010742564,,67.51,,,,,
0.017558323840066503,66.85,,,,,,
0.017919405875951533,66.61,,,,,,
0.01801186909292829,,66.59,,,,,
0.018834545900811905,66.56,,,,,,
0.0188727654846661,64.63,,,,,,
0.019103795489956,,,67.23,,,,
0.01941632488561207,66.44,,,,,,
0.019595466229723524,64.5,,,,,,
0.019877410735229528,65.21,,,,,,
0.019888048743231357,,66.24,,,,,
0.019985219486910344,,,,65.87,,,
0.020228109092991664,,67.8,,,,,
0.020254841109220934,,66.4,,,,,
0.020288198952488568,,,,66.23,,,
0.020555850382801166,64.21,,,,,,
0.02077461945986192,,66.17,,,,,
0.02081949489851409,67.69,,,,,,
0.021058164346273278,,,67.47,,,,
0.021317685508430495,,67.85,,,,,
0.02132053030675829,,,67.65,,,,
0.021327685508430495,,67.85,,,,,
0.021337685508430494,,67.85,,,,,
0.021482472869773783,,67.69,,,,,
0.021541050394941585,,68.48,,,,,
0.021602006612086777,,,67.19,,,,
0.022054342856532738,,,,,,66.32,
0.02209070793567869,66.4,,,,,,
0.02229936968273627,,66.59,,,,,
0.022564037491845657,,67.97,,,,,
0.024166226275189384,62.55,,,,,,
0.025573021037603283,67.2,,,,,,
0.025583021037603283,67.2,,,,,,
0.025933314334568358,64.53,,,,,,
0.02610081235261208,,,66.94,,,,
0.02611081235261208,,,66.94,,,,
0.026117424773621556,,,66.92,,,,
0.02615767117849188,,,66.94,,,,
0.026171243352405726,,,66.94,,,,
0.02617592349562048,,,66.94,,,,
0.026223429365041406,,,66.96,,,,
0.02623138644316403,,,66.97,,,,
0.02624589672682287,,,66.88,,,,
0.026247300969598486,,,66.98,,,,
0.02625589672682287,,,66.94,,,,
0.026260875514555693,,,66.99,,,,
0.026261811703307325,,,66.95,,,,
0.026273514206818227,,,66.99,,,,
0.026283514206818227,,,66.99,,,,
0.026300430977761025,,,66.94,,,,
0.026310430977761024,,,66.94,,,,
0.026373012595745093,67.79,,,,,,
0.026379785153621826,,,67.0,,,,
0.02642075450136816,,,67.05,,,,
0.02643075450136816,,,67.05,,,,
0.02651792345917392,,,67.1,,,,
0.026561245670478018,,,67.09,,,,
0.026571245670478017,,,67.09,,,,
0.026588645929576105,,,67.13,,,,
0.027138430551587822,66.23,,,,,,
0.027380137271684646,63.03,,,,,,
0.027438310891416906,63.07,,,,,,
0.0276041887887013,,,66.55,,,,
0.02774453468295235,,,,,,66.2,
0.028354710161652807,64.34,,,,,,
0.028364710161652807,64.34,,,,,,
0.02838314630852734,63.56,,,,,,
0.02867770567382033,,,65.97,,,,
0.02912253036905499,,68.09,,,,,
0.03027268976569264,,66.97,,,,,
0.03028268976569264,,66.97,,,,,
0.03087711241949198,,67.18,,,,,
0.03088711241949198,,67.18,,,,,
0.03089711241949198,,67.18,,,,,
0.03090711241949198,,67.18,,,,,
0.03091711241949198,,67.18,,,,,
0.030927112419491982,,67.18,,,,,
0.03094184503913122,65.34,,,,,,
0.03131697114581389,64.5,,,,,,
0.031600986116760765,65.61,,,,,,
0.03228954783371707,,68.31,,,,,
0.03255190274675224,,,68.0,,,,
0.03285221199385546,,,67.96,,,,
0.03293786350804995,,,66.62,,,,
0.03294786350804995,,,66.62,,,,
0.03296821350213408,,,66.28,,,,
0.03306828627286418,63.99,,,,,,
0.03313066370839257,,,66.74,,,,
0.03351137132630755,,67.54,,,,,
0.033724931308978245,,,66.38,,,,
0.03390163459848439,,,,,,66.24,
0.03396942035439299,,,,66.65,,,
0.03408956686354192,63.7,,,,,,
0.034097408758713144,64.02,,,,,,
0.03418938167885255,63.68,,,,,,
0.03461078765154402,,68.46,,,,,
0.03483579225648459,,,,,,66.15,
0.03484959495986839,65.34,,,,,,
0.03489525683983441,,,,,66.62,,
0.03490525683983441,,,,,66.62,,
0.035286566145046994,66.68,,,,,,
0.035529243698863455,66.69,,,,,,
0.03555950244357531,,66.58,,,,,
0.035595249793628936,,,67.15,,,,
0.03569082649508881,,66.51,,,,,
0.03577593082305741,65.11,,,,,,
0.03598624854875587,65.2,,,,,,
0.03618987331636814,64.13,,,,,,
0.036226721696585695,64.02,,,,,,
0.036468619499178345,63.28,,,,,,
0.03647861949917835,63.28,,,,,,
0.036488619499178344,63.28,,,,,,
0.036502628225164147,,,66.57,,,,
0.03653478881663785,,,67.65,,,,
0.03654393218699248,,,66.8,,,,
0.0367738989343378,,67.61,,,,,
0.03678776424552144,,,66.18,,,,
0.03679026698998822,,67.22,,,,,
0.036810457685000575,,,,,,65.44,
0.036825985347575196,,,,,,66.16,
0.03732096416447939,63.89,,,,,,
0.03733096416447939,63.89,,,,,,
0.03750216637526216,,,,,66.26,,
0.03756332968221088,,,,,66.22,,
0.03761970960944239,,,66.58,,,,
0.03762970960944239,,,66.58,,,,
0.03763262962625635,,,64.88,,,,
0.037690055816195,,,66.45,,,,
0.03801559099417684,64.58,,,,,,
0.03809221719196065,64.72,,,,,,
0.038102217191960656,64.72,,,,,,
0.03816765715551296,,,,,,66.3,
0.03818705777557119,,,66.1,,,,
0.03819705777557119,,,66.1,,,,
0.03824958670587475,,,67.51,,,,
0.03835354969237059,,,,,,66.16,
0.03838278112137017,,,,,,66.44,
0.03843765439548741,,,,,,66.72,
0.03850954955686792,,,,,,66.39,
0.038655696259305206,,68.62,,,,,
0.03866569625930521,,68.62,,,,,
0.03867040745387662,65.83,,,,,,
0.038680407453876624,65.83,,,,,,
0.03890510735195374,,67.68,,,,,
0.03891510735195374,,67.68,,,,,
0.03892697774756937,,,67.19,,,,
0.03895528197938991,,,,,,66.6,
0.039066785781504576,65.11,,,,,,
0.03917529201403025,65.52,,,,,,
0.039196410199920484,63.21,,,,,,
0.03925640972937994,63.97,,,,,,
0.039269130519731466,,,,,,66.32,
0.03934020793890558,65.71,,,,,,
0.039432608386835266,,66.63,,,,,
0.03975034900953367,,,65.78,,,,
0.03978878885864012,60.61,,,,,,
0.03999956509109093,66.8,,,,,,
0.040832325224145594,,,69.09,,,,
0.04091899899551321,,,67.89,,,,
0.04093475941395375,,,67.6,,,,
0.04104517233808802,,,66.15,,,,
0.04110321774928294,,,66.16,,,,
0.04150224432161398,,,66.0,,,,
0.04159195019864814,65.84,,,,,,
0.041824387303077915,,,67.08,,,,
0.04183438730307792,,,67.08,,,,
0.041844387303077914,,,67.08,,,,
0.041989876489466615,63.92,64.84,,,,,
0.04199987648946662,65.29,,,,,,
0.042155423743948095,65.3,,,,,,
0.0421654237439481,65.3,,,,,,
0.04236930078793866,63.51,,,,,,
0.04279833986504289,,,,67.22,,,
0.04309295140369018,,,66.56,,,,
0.043102951403690186,,,66.56,,,,
0.04311295140369018,,,66.56,,,,
0.043122951403690185,,,66.56,,,,
0.04313295140369018,,,66.56,,,,
0.043142951403690184,,,66.56,,,,
0.04324312294133348,,,,,,66.31,
0.043267792932208504,64.55,,,,,,
0.04337202662685424,,,68.94,,,,
0.043391644241475014,64.57,,,,,,
0.04345937136790168,,67.82,,,,,
0.0434951987626464,,,67.49,,,,
0.043505198762646406,,,67.49,,,,
0.0435151987626464,,,67.49,,,,
0.043525198762646405,,,66.97,,,,
0.04354553174674214,64.61,,,,,,
0.04359877384101396,63.75,,,,,,
0.04361450549950052,64.72,,,,,,
0.04374328090262902,,,,,,66.68,
0.0437930490499705,65.14,,,,,,
0.04402437227441425,,,67.45,,,,
0.044048154348282464,65.62,,,,,,
0.04407286793359866,,,,,,66.53,
0.04412083401587896,,,,,,67.51,
0.044275625159162946,,,67.5,,,,
0.04465421945336101,,,67.69,,,,
0.04466421945336101,,,67.69,,,,
0.04467421945336101,,,67.69,,,,
0.04468421945336101,,,67.69,,,,
0.044797100403101586,67.03,,,,,,
0.04480710040310159,67.03,,,,,,
0.044831338101247065,,,67.78,,,,
0.04483456350730064,,,67.78,,,,
0.04486433742658935,,,67.8,,,,
0.044874337426589354,,,67.8,,,,
0.04488642084605421,,,67.8,,,,
0.044891879812736235,,,67.8,,,,
0.04489642084605421,,,67.8,,,,
0.04490187981273624,,,67.8,,,,
0.04540627101207195,,,,,66.36,,
0.045540165257127896,67.54,,,,,,
0.0455501652571279,67.54,,,,,,
0.045560165257127895,67.54,,,,,,
0.04557296091291829,66.41,,,,,,
0.04593732981232801,,,67.55,,,,
0.04594732981232801,,,67.55,,,,
0.04595732981232801,,,67.55,,,,
0.04656849219925885,,,67.91,,,,
0.0479394176695922,66.79,,,,,,
0.047968370409184,,,67.89,,,,
0.048571250178137904,65.74,,,,,,
0.048832230194900905,,65.97,,,,,
0.04915380976361616,66.2,,,,,,
0.04937754801985883,,65.19,,,,,
0.04951808867241447,,,66.44,,,,
0.049522159405532395,,,,66.54,,,
0.04961459749219688,63.6,,,,,,
0.0497540473983038,66.57,,,,,,
0.04984216992334556,,,65.74,,,,
0.051207037054133986,64.23,,,,,,
0.0515689408597626,63.63,,,,,,
0.05168337928732436,,65.0,,,,,
0.05171752330583157,,65.03,,,,,
0.05172752330583157,,65.03,,,,,
0.05181948765415445,,65.05,,,,,
0.05189621443132997,,,66.81,,,,
0.05203189669229724,64.68,,,,,,
0.052205881007409305,,65.64,,,,,
0.052692042494889346,63.24,,,,,,
0.05287034199288687,,,66.22,,,,
0.052932279058184095,,65.41,,,,,
0.0543061377017533,,66.99,,,,,
0.0543161377017533,,66.99,,,,,
0.054371600383791296,66.59,,,,,,
0.054594766229582925,62.39,,,,,,
0.05460476622958293,62.39,,,,,,
0.05575802393311635,,,65.78,,,,
0.055768023933116355,,,65.25,,,,
0.05577802393311635,,,65.25,,,,
0.055788023933116354,,,65.78,,,,
0.05579802393311635,,,65.78,,,,
0.05590079600841347,65.09,,,,,,
0.05595505855270799,64.49,,,,,,
0.055965058552707996,64.49,,,,,,
0.05597505855270799,64.49,,,,,,
0.055985058552707995,64.49,,,,,,
0.05599505855270799,64.49,,,,,,
0.056005058552707994,64.49,,,,,,
0.05601505855270799,64.49,,,,,,
0.05602505855270799,64.49,,,,,,
0.05626736239476937,,,68.85,,,,
0.05649898306103429,64.91,,,,,,
0.056867999254678336,,,65.86,,,,
0.05687799925467834,,,65.86,,,,
0.056885239724548065,,,65.9,,,,
0.05702439819120153,,,65.86,,,,
0.057049427396325125,,,67.39,,,,
0.057077351175573554,,,65.94,,,,
0.05709908988466572,67.56,,,,,,
0.0571432934242162,,,67.42,,,,
0.057248602141140026,,,67.43,,,,
0.05725860214114003,,,67.43,,,,
0.057268602141140025,,,67.43,,,,
0.05738573361069732,,,67.53,,,,
0.057432694409000895,,,67.49,,,,
0.0574426944090009,,,67.49,,,,
0.057468973860306916,,,,,,66.89,
0.05749679015240594,63.63,,,,,,
0.057603676888445365,,,67.56,,,,
0.05761367688844537,,,67.56,,,,
0.057657866013081094,,,67.62,,,,
0.05766557225700897,,,67.62,,,,
0.05767557225700897,,,67.62,,,,
0.05775880184604776,,,67.63,,,,
0.057790876624208565,,,67.68,,,,
0.05780087662420857,,,67.68,,,,
0.057810876624208564,,,67.68,,,,
0.05782087662420857,,,67.68,,,,
0.05783087662420856,,,67.68,,,,
0.05783579214998458,,,65.93,,,,
0.05801396202247133,,,67.77,,,,
0.05803116959825627,64.44,,,,,,
0.05806670052480101,63.69,,,,,,
0.05807670052480101,63.69,,,,,,
0.058163814340097986,,66.38,,,,,
0.058389216283952994,,,67.94,,,,
0.05841605276618189,62.08,,,,,,
0.05843751102539074,63.89,,,,,,
0.058447511025390746,63.89,,,,,,
0.05853884472952342,,,,66.78,,,
0.058558537826898904,63.78,,,,,,
0.05856474146673318,,,67.48,,,,
0.058574741466733186,,,67.48,,,,
0.05858474146673318,,,67.48,,,,
0.0585880138840722,64.26,,,,,,
0.058594741466733186,,,67.48,,,,
0.058615786216684285,,,66.28,,,,
0.05878416755330029,,,67.55,,,,
0.05890026853710806,,,66.61,,,,
0.05890998629770472,,,66.98,,,,
0.058919915498190756,,,65.88,,,,
0.05897627116569981,,,67.41,,,,
0.05898200295385392,,,67.06,,,,
0.059142767502393,67.39,,,,,,
0.05915861360742514,,,,65.94,,,
0.05917153904762529,62.99,,,,,,
0.05918153904762529,62.99,,,,,,
0.05922300006032977,,,,65.54,,,
0.05923052316337074,,68.06,,,,,
0.05934846773483504,,,67.55,,,,
0.05950285771465236,66.33,,,,,,
0.05951285771465236,66.33,,,,,,
0.0597381294930881,62.97,,,,,,
0.06009239765337959,,,67.05,,,,
0.060108630509266625,,65.96,,,,,
0.06011863050926663,,65.96,,,,,
0.060128630509266624,,65.96,,,,,
0.06023751205136629,,,67.51,,,,
0.06040309610041361,,65.49,,,,,
0.06050886514710685,,,67.74,,,,
0.06052436095158731,,,67.32,,,,
0.06053436095158731,,,67.32,,,,
0.06054560593566172,,,67.6,,,,
0.06055560593566172,,,67.6,,,,
0.06093992819743077,,,66.55,,,,
0.06100135000889173,62.84,,,,,,
0.061011350008891733,62.84,,,,,,
0.06104148059142922,,,67.39,,,,
0.06111203598160175,65.82,,,,,,
0.06141788446678609,,,67.5,,,,
0.06142788446678609,,,67.5,,,,
0.061427898853940954,,,67.36,,,,
0.06157675996157108,,,,65.97,,,
0.06165026692246944,66.94,,,,,,
0.0616850829706892,,,66.97,,,,
0.0616950829706892,,,66.97,,,,
0.06173284031999704,62.85,,,,,,
0.06226150753792581,,67.89,,,,,
0.06227150753792581,,67.89,,,,,
0.06241331804382,,64.84,,,,,
0.06245356096323884,,64.88,,,,,
0.06252448425985468,63.53,,,,,,
0.06253448425985468,63.53,,,,,,
0.06274418023574513,,,67.34,,,,
0.06274443121918027,,65.21,,,,,
0.06276088180504868,,,66.27,,,,
0.0628340398817846,66.21,,,,,,
0.06363591884316122,,,,66.81,,,
0.06364591884316122,,,,66.81,,,
0.06365591884316123,,,,66.81,,,
0.06366591884316122,,,,66.81,,,
0.06426248229506815,,65.15,,,,,
0.06455877857154269,,,65.45,,,,
0.06485425386125399,62.86,,,,,,
0.06494357218992142,,,67.06,,,,
0.06495357218992141,,,67.06,,,,
0.06503708104103811,65.0,,,,,,
0.06514520707812155,,,65.31,,,,
0.06514522900149022,66.01,,,,,,
0.06554498719096524,65.15,,,,,,
0.06600211305307746,65.59,,,,,,
0.06605337800333899,,68.42,,,,,
0.0660697939310777,,,67.13,,,,
0.06610414273855136,67.61,,,,,,
0.06623019151626708,,,66.99,,,,
0.06666790338307638,64.13,,,,,,
0.06669928396032732,67.07,,,,,,
0.06712171898606356,67.23,,,,,,
0.06719277723928374,64.4,,,,,,
0.06741610346630345,,,67.38,,,,
0.06742610346630344,,,67.38,,,,
0.06751283269037445,,,,,,66.64,
0.06753613135344128,65.41,,,,,,
0.06763262903585887,,,66.94,,,,
0.06791867870456247,,,67.0,,,,
0.06829592081885583,65.89,,,,,,
0.06839001933785949,,,,66.23,,,
0.06855416073619103,,,67.02,,,,
0.06871987545851055,,,67.23,,,,
0.06890722289114692,,,,,,67.24,
0.06901881131931709,64.26,,,,,,
0.06956752393692112,,,67.46,,,,
0.06970863276260819,,,67.06,,,,
0.06971863276260819,,,67.06,,,,
0.0697286327626082,,,67.06,,,,
0.0697386327626082,,,67.06,,,,
0.07012008375783374,64.39,,,,,,
0.07056319950896839,,,67.41,,,,
0.07056869976014712,61.67,,,,,,
0.07148222695954143,66.06,,,,,,
0.07154542090542249,,,67.74,,,,
0.0715674843562546,64.51,,,,,,
0.07166521725846131,63.71,,,,,,
0.07178583337302902,,,67.54,,,,
0.07213961308812111,64.71,,,65.89,,,
0.07279042833554494,64.04,,,,,,
0.07398414226614469,,,67.6,,,,
0.07473059133735127,63.96,,,,,,
0.07499853045413651,63.94,,,,,,
0.07661143571986107,66.3,,,,,,
0.07763784535713492,63.1,,,,,,
0.07790588194493586,,66.71,,,,,
0.07798519879453147,,66.77,,,,,
0.07819112343999213,67.64,,,,,,
0.07820112343999212,67.64,,,,,,
0.07821112343999213,67.64,,,,,,
0.07973033969490095,,,66.82,,,,
0.07974960137287801,66.05,,,,,,
0.07977194297609502,63.82,,,,,,
0.07978407135400922,66.03,,,,,,
0.08007436546805025,,,66.97,,,,
0.08008436546805024,,,66.97,,,,
0.08009436546805025,,,66.97,,,,
0.08012737049801144,,,66.87,,,,
0.08013737049801144,,,66.98,,,,
0.08019204875329411,65.51,,,,,,
0.08022857636675917,65.19,,,,,,
0.08024785582542449,,66.84,,,,,
0.08028565570873436,,,67.09,,,,
0.0803275177267655,,,67.07,,,,
0.08033751772676549,,,67.07,,,,
0.08033944265288162,,,67.1,,,,
0.08034944265288162,,,67.1,,,,
0.08035944265288163,,,67.1,,,,
0.08068766505448433,66.36,,,,,,
0.08069766505448432,66.36,,,,,,
0.08081767146291252,66.49,,,,,,
0.08082767146291252,66.49,,,,,,
0.08083767146291253,66.49,,,,,,
0.08084767146291252,66.49,,,,,,
0.08085767146291252,66.49,,,,,,
0.08091418081861401,,,66.27,,,,
0.08122617629768891,66.7,,,,,,
0.08129759472401976,66.7,,,,,,
0.08130759472401976,66.7,,,,,,
0.08131691236067473,,67.09,,,,,
0.08131759472401977,66.7,,,,,,
0.08142520557658073,66.73,,,,,,
0.08143520557658072,66.73,,,,,,
0.08144520557658073,66.73,,,,,,
0.08145520557658073,66.73,,,,,,
0.08146520557658073,66.73,,,,,,
0.08165228500220922,66.86,,,,,,
0.08197951605588538,63.34,,,,,,
0.08225006375864496,64.07,,,,,,
0.08227756372732631,,,,,65.98,,
0.0822875637273263,,,,,65.98,,
0.08234504642436735,66.43,,,,,,
0.08235504642436735,66.43,,,,,,
0.08264614722716668,,66.32,,,,,
0.08311341421835938,,,66.4,,,,
0.08315932143365079,,67.04,,,,,
0.08340014300881893,,,,66.16,,,
0.08353335516103444,,67.15,,,,,
0.08371689451029063,,67.24,,,,,
0.0837751091255512,65.52,,,,,,
0.08379936706116964,,,,,65.74,,
0.08385635167494998,64.83,,,,,,
0.08416668827143758,,66.7,,,,,
0.08431056823295346,64.57,,,,,,
0.08441076464571728,65.76,,,,,,
0.08474908810332082,,66.85,,,,,
0.08483811385328832,65.23,,,,,,
0.08484811385328832,65.23,,,,,,
0.08519257096038824,64.63,,,,,,
0.08602934215189162,67.57,,,,,,
0.08603934215189162,66.34,,,,,,
0.08612806677704254,,67.58,,,,,
0.08633198352648397,,66.74,,,,,
0.08681810138075519,,,66.52,,,,
0.08801008159602564,67.62,,,,,,
0.08833803211448932,66.69,,,,,,
0.08855231061792868,,,67.43,,,,
0.08887464342251361,65.61,,,,,,
0.08914562208446375,65.85,,,,,,
0.08946627510785143,64.85,,,,,,
0.08953644724428989,,,66.84,,,,
0.08963942410187653,,,66.57,,,,
0.08964942410187653,,,66.57,,,,
0.08965942410187654,,,66.57,,,,
0.08966942410187653,,,66.55,,,,
0.0897354501365486,,,66.58,,,,
0.08984440338837363,,,66.62,,,,
0.0898650604898803,,,66.61,,,,
0.0898849436896727,,,66.62,,,,
0.08988726774739253,,,66.62,,,,
0.0899182561307903,,,66.61,,,,
0.09004041917267358,65.54,,,,,,
0.09020367957369402,65.06,,,,,,
0.09054004224479484,,63.91,,,,,
0.09083941515830452,,,65.55,,,,
0.09089736268448023,,,66.22,,,,
0.09122420885651805,,,65.72,,,,
0.09123420885651805,,,65.72,,,,
0.09124420885651806,,,65.72,,,,
0.09125420885651805,,,65.72,,,,
0.09138835275095114,,,,,65.91,,
0.09172562565750342,65.06,,,,,,
0.09180486717511416,,,65.69,,,,
0.09185230240942244,,,,65.22,,,
0.09205605191349586,,,65.94,,,,
0.09317668718726324,,,65.67,,,,
0.09321229043917523,,,65.09,,,,
0.09330242931799804,,,65.22,,,,
0.09335074190681292,,,65.54,,,,
0.09339936197770271,,,65.84,,,,
0.0934093619777027,,,65.84,,,,
0.09341936197770272,,,65.84,,,,
0.09342936197770271,,,65.84,,,,
0.09343936197770271,,,65.84,,,,
0.09347993571288837,,,66.94,,,,
0.0935669556873,,,65.77,,,,
0.09364195301668587,65.2,,,,,,
0.0936564055113902,,,65.6,,,,
0.09403439691710624,,,66.65,,,,
0.09426550163866265,,,66.65,,,,
0.09427972115017003,66.02,,,,,,
0.0942901989214402,,,65.36,,,,
0.09518879001260849,,,66.11,,,,
0.0954469959813411,65.49,,,,,,
0.09581310359611628,,,65.57,,,,
0.09601252376977154,64.5,,,,,,
0.09708417881192188,64.72,,,,,,
0.09763284044283083,,,66.16,,,,
0.09785727992593118,,65.17,,,,,
0.0980009291832864,,,,65.55,,,
0.0983146838704132,67.83,,,,,,
0.0983246838704132,67.83,,,,,,
0.09926777315601831,64.96,,,,,,
0.09961995262743661,66.41,,,,,,
0.1000847767459867,64.65,,,,,,
0.10084521978604144,65.24,,,,,,
0.10112239514269139,65.6,,,,,,
0.10131046768066754,65.01,,,,,,
0.10153110528778542,,,66.21,,,,
0.10178925985011067,,65.11,,,,,
0.10260421332635006,,,66.24,,,,
0.10280864684689761,,64.6,,,,,
0.10281472781498624,,65.91,,,,,
0.10308970831090769,,64.77,,,,,
0.10370859885573025,64.17,,,,,,
0.10371859885573025,64.17,,,,,,
0.10372859885573026,64.17,,,,,,
0.10373859885573025,64.17,,,,,,
0.10382459123420706,64.2,,,,,,
0.10383459123420706,64.2,,,,,,
0.10455918308643741,,,65.66,,,,
0.1057227602894415,,65.37,,,,,
0.10578972678994414,65.5,,,,,,
0.10584274317193954,,,,65.44,,,
0.10612439898613113,65.6,,,,,,
0.10615850215783285,65.62,,,,,,
0.10652153184957447,64.54,,,,,,
0.10661216909126159,,,66.01,,,,
0.10662467026043032,64.26,,,,,,
0.10675607718609115,,65.22,,,,,
0.10711856478684845,64.49,,,,,,
0.10712856478684844,64.49,,,,,,
0.10713856478684845,64.49,,,,,,
0.10773227126424789,,,,65.6,,,
0.10842207391901715,65.58,,,,,,
0.10843207391901714,65.58,,,,,,
0.11300295850098907,,66.5,,,,,
0.11344186453263161,,,,65.87,,,
0.11700590291077795,65.15,,,,,,
0.11875437887456108,65.69,,,,,,
0.12382989991592352,66.25,,,,,,
0.12383989991592352,66.25,,,,,,
0.12384989991592353,66.25,,,,,,
0.12385989991592353,66.25,,,,,,
0.12387857990448903,,,66.6,,,,
0.1259435935099673,,,,66.11,,,
0.12627462611202023,,,65.97,,,,
0.12714395107631682,67.58,,,,,,
0.12715395107631683,67.58,,,,,,
0.12721515390479077,67.58,,,,,,
0.12730489816326807,67.6,,,,,,
0.1273371990039036,67.6,,,,,,
0.12735440922401375,67.63,,,,,,
0.12745106099016978,69.26,,,,,,
0.12797220676482546,,,66.97,,,,
0.12923427564796874,,67.33,,,,,
0.1293331099763404,,,,,65.6,,
0.12951993285004004,,,65.63,,,,
0.12953029894431278,,,65.64,,,,
0.12992621346424782,,66.66,,,,,
0.12993621346424783,,66.66,,,,,
0.1299462134642478,,66.66,,,,,
0.1301395745919196,,66.7,,,,,
0.13014957459191961,,66.7,,,,,
0.1303511530052741,68.48,,,,,,
0.13046189731072544,68.52,,,,,,
0.13057266331828732,,,66.86,,,,
0.13066294301670767,,,66.37,,,,
0.13069889912328425,,,,66.26,,,
0.13070889912328426,,,,66.26,,,
0.13071889912328424,,,,66.26,,,
0.1307652241636048,,,66.65,,,,
0.1307657569263525,,,66.66,,,,
0.13128783922137233,,,,66.33,,,
0.13129783922137234,,,,66.33,,,
0.1315686677122676,,,,66.28,,,
0.13172074130537847,,,,65.89,,,
0.13186031145966126,,,66.81,,,,
0.13199564464675717,,,66.24,,,,
0.1320175358949791,,,66.23,,,,
0.13204636956266946,,,66.24,,,,
0.13217880971683038,,,,66.36,,,
0.13225545758924873,,,66.3,,,,
0.13226907902884344,,,,,64.83,,
0.132334519925549,,,66.32,,,,
0.13239729687328605,,,66.32,,,,
0.13240729687328606,,,66.32,,,,
0.13252527654851587,,,,66.19,,,
0.13268295307436095,,,,65.97,,,
0.13296955569182667,,,66.47,,,,
0.1335662182152757,68.04,,,,,,
0.1335762182152757,68.04,,,,,,
0.13406114857713125,,,,66.26,,,
0.13407114857713126,,,,66.26,,,
0.13444770888075164,,,,65.33,,,
0.13447679518473588,,,64.8,,,,
0.13453419996619087,,,,65.37,,,
0.13455170571907105,,,,65.33,,,
0.1347038740605786,,,,65.37,,,
0.1347138740605786,,,,65.37,,,
0.13472679296478463,,,,65.4,,,
0.134727050485822,,,,65.4,,,
0.13472988322494772,,,,65.41,,,
0.13473705048582202,,,,65.4,,,
0.13473709389745192,,,,65.41,,,
0.13474894020122719,,,,65.4,,,
0.13475537851354313,,,,65.41,,,
0.1347589402012272,,,,65.4,,,
0.13476537851354314,,,,65.41,,,
0.13481899296616495,,,,65.41,,,
0.13482899296616496,,,,65.41,,,
0.1348514468107611,,,,65.43,,,
0.13486278033664112,,,,65.42,,,
0.1349467585126114,,,64.94,,,,
0.13495165332947145,,,,65.43,,,
0.13496165332947146,,,,65.43,,,
0.13567696047418298,,,66.51,,,,
0.13594357389620582,,,66.56,,,,
0.1362760914556811,66.33,,,,,,
0.13628564584885328,,,,,64.81,,
0.13634722604621485,67.24,,,,,,
0.13677027933050856,,,66.78,,,,
0.13696441869851683,,64.93,,,,,
0.13705672412138492,,65.26,,,,,
0.13789591666050316,,,65.2,,,,
0.13838032670092404,,,65.96,,,,
0.13852683735461002,67.16,,,,,,
0.13853539262506875,,,,65.38,,,
0.1398365759309259,,,66.89,,,,
0.13984657593092592,,,66.89,,,,
0.13991602922562318,,,65.93,,,,
0.14012371254380063,,,,65.12,,,
0.14039233145457497,,,,65.15,,,
0.1404610017079544,,,,65.16,,,
0.1404786908399489,,,65.05,,,,
0.14058005624485403,68.89,,,,,,
0.140627769586803,,,65.7,,,,
0.14090521701728598,,,,,64.94,,
0.1409302095272693,,,,,,65.69,
0.14102254161344874,,,,66.17,,,
0.14103254161344875,,,,66.17,,,
0.14104254161344873,,,,66.17,,,
0.14110180225618651,,,,,,65.65,
0.14110831285994818,,,65.19,,,,
0.14113409558047896,,,,,,65.68,
0.14113669996047107,,,,,,65.68,
0.14114034611243165,,,,,,65.68,
0.14121405546619847,,,,,,65.71,
0.14123307037801736,68.12,,,,,,
0.14124307037801737,68.12,,,,,,
0.14128855586596067,,,,,,65.68,
0.14132685181423033,,,,,,65.69,
0.14133883610830855,,,,,,65.71,
0.14134144142293326,,,,,,65.7,
0.14136984012376086,,,,,,65.71,
0.14140188806134724,,,,,,65.72,
0.1414026697408446,,,,,,65.69,
0.1414126697408446,,,,,,65.69,
0.1417360233242968,,,,,,65.74,
0.14186900204759945,,,,,,65.74,
0.14200462009389092,,,,,,65.79,
0.14202548726801467,,,,,,65.77,
0.14202913910188997,,,,,,65.79,
0.14202939994806063,,,,,,65.79,
0.1420607023536271,,,,,,65.8,
0.14206252838025368,,,,,,65.8,
0.14207070235362712,,,,,,65.8,
0.1420725283802537,,,,,,65.8,
0.1421100071221979,,,,,,65.8,
0.1421200071221979,,,,,,65.8,
0.14218071080646855,66.19,,,,,,
0.14218097172188338,,,,,,65.82,
0.14218201538473485,,,,,,65.82,
0.14230178836483387,,,,,,65.83,
0.1427181121534975,67.95,,,,,,
0.1427281121534975,67.95,,,,,,
0.1427381121534975,67.95,,,,,,
0.1428297149439841,,,66.05,,,,
0.14287542886400462,,,,,,65.67,
0.14288542886400463,,,,,,65.67,
0.1430917706080015,66.78,,,,,,
0.1431618118108735,,,65.66,,,,
0.14317181181087352,,,65.66,,,,
0.14319840391211636,,,65.67,,,,
0.14325728290616002,,68.21,,,,,
0.1432624457264735,,,65.66,,,,
0.14327244572647352,,,65.66,,,,
0.14328022186953304,,,,,,65.74,
0.1433181287266454,,,65.7,,,,
0.14346245921269407,66.91,,,,,,
0.14347135032531755,66.91,,,,,,
0.14348135032531756,66.91,,,,,,
0.1435521611877939,,,65.74,,,,
0.14355443878993834,,,66.68,,,,
0.14357151564623116,,,65.74,,,,
0.14378942928110106,,,65.78,,,,
0.1438273699130852,,,65.74,,,,
0.1438373699130852,,,65.74,,,,
0.14391346523418203,,65.67,,,,,
0.14397470809197377,,,65.8,,,,
0.14398470809197378,,,65.79,,,,
0.14399470809197376,,,65.8,,,,
0.1440257488163339,,,65.81,,,,
0.1440357488163339,,,65.81,,,,
0.14404145457091477,,,65.83,,,,
0.14406344335181287,,,,65.63,,,
0.144604026621582,68.42,,,,,,
0.14464697828078155,67.22,,,,,,
0.1452269118246281,69.04,,,,,,
0.14555252976947375,,65.85,,,,,
0.14661252820953474,,65.58,,,,,
0.14671324462971258,67.0,,,,,,
0.1467232446297126,67.0,,,,,,
0.14673324462971257,67.0,,,,,,
0.14740374659450572,,,65.74,,,,
0.14764445974637064,,,66.31,,,,
0.14765445974637065,,,66.31,,,,
0.14774957297977132,,,64.97,,,,
0.14806397379842462,66.04,,,,,,
0.14809033542147998,66.52,,,,,,
0.14810033542148,66.52,,,,,,
0.14873472613589755,,,,,64.59,,
0.1487352539727287,,,,65.73,,,
0.14884743030402192,,65.97,,,,,
0.149020356734052,,,,,64.17,,
0.14918329841348332,,,,65.03,,,
0.1492142018052316,,,65.64,,,,
0.1492263523118873,66.79,,,,,,
0.1492363523118873,66.79,,,,,,
0.14926623947674367,,,65.66,,,,
0.14963010651322928,,65.22,,,,,
0.14968852638443186,,,65.78,,,,
0.14982336413480146,,,65.82,,,,
0.14983336413480147,,,65.82,,,,
0.15028099064039369,,,65.65,,,,
0.15038526402492192,,,,,64.34,,
0.15047234943250642,,,,,64.34,,
0.1505170884002105,,,65.26,,,,
0.1505270884002105,,,65.26,,,,
0.15079327632917194,,65.54,,,,,
0.1509339368523981,,,65.84,,,,
0.15095274717458373,,,,,64.41,,
0.1509914294876178,,,,,64.41,,
0.15101209644652647,,,,,64.41,,
0.15111491234835506,,,65.86,,,,
0.15129249852346738,,,66.78,,,,
0.15132590144788427,,,65.52,,,,
0.15132961300357706,,,66.01,,,,
0.1517351119809014,,,65.37,,,,
0.15174068328167767,,66.54,,,,,
0.15176217308958373,,,66.97,,,,
0.15257194123542805,67.88,,,,,,
0.15264660339251557,65.95,,,,,,
0.15284273726368158,,,,,64.4,,
0.15289138241361044,,,66.28,,,,
0.15289802824461818,,,66.28,,,,
0.1529080282446182,,,66.28,,,,
0.15292514402917368,,,64.69,,,,
0.1535265382622446,67.8,,,,,,
0.15353478818678878,,,,65.09,,,
0.1536026549472942,,,66.63,,,,
0.1536126549472942,,,66.63,,,,
0.15404704680514758,64.96,,,,,,
0.1541304250477693,,,65.9,,,,
0.1541781132281046,,,65.9,,,,
0.15422553890213297,68.11,,,,,,
0.15423553890213298,68.11,,,,,,
0.15429748416246136,,,65.49,,,,
0.15430748416246137,,,65.49,,,,
0.15435717888957767,,,65.92,,,,
0.15436717888957768,,,65.92,,,,
0.15457255761143873,,,,,64.32,,
0.15671685815343106,,,65.64,,,,
0.15678135305475882,,,65.64,,,,
0.1574703716521615,,,65.66,,,,
0.1574803716521615,,,65.66,,,,
0.15769441914882143,,,65.57,,,,
0.15770441914882144,,,65.57,,,,
0.15771441914882142,,,65.57,,,,
0.15832092578568324,,,66.87,,,,
0.15861295491489402,,66.75,,,,,
0.15889089505779386,,,65.32,,,,
0.15922352426208475,,,,,,65.57,
0.16053386414604898,67.58,,,,,,
0.16077472891266975,,,65.52,,,,
0.16090975389409778,,,,65.76,,,
0.16113028137205654,,,65.61,,,,
0.16197704351673736,,,65.87,,,,
0.16198704351673737,,,65.87,,,,
0.16226227378017666,,,65.92,,,,
0.16236440728597912,,,,65.33,,,
0.16250899200705327,,,65.94,,,,
0.16251899200705328,,,65.94,,,,
0.1634045965184885,,,66.17,,,,
0.16356812353928585,,,66.18,,,,
0.16980846024195384,,67.65,,,,,
0.1700162281250841,,67.7,,,,,
0.1702298214346316,,67.7,,,,,
0.1716458883079348,,,66.43,,,,
0.17165588830793482,,,66.43,,,,
0.1725185111359946,71.51,,,,,,
0.1725285111359946,71.51,,,,,,
0.17286341231473745,,,65.96,,,,
0.17287341231473746,,,65.96,,,,
0.17288341231473744,,,65.96,,,,
0.17289341231473745,,,65.96,,,,
0.17311850561595277,,,66.61,,,,
0.1731942018865431,,,,,64.76,,
0.17364087105747616,,68.29,,,,,
0.17441412002794165,,,,,,66.01,
0.17491030734713697,,,66.5,,,,
0.17492030734713698,,,66.5,,,,
0.17493030734713697,,,66.5,,,,
0.1753715466996273,,,66.62,,,,
0.1753815466996273,,,66.62,,,,
0.17550114552586615,,,66.74,,,,
0.17577038239109855,69.65,,,,,,
0.1758066033298844,,,65.88,,,,
0.17640664707400622,,,66.5,,,,
0.17650879016777488,,,,66.21,,,
0.17653841221435118,71.14,,,,,,
0.1767283609656609,,67.56,,,,,
0.17683942355580617,,,,66.27,,,
0.17715749425547145,,,,66.08,,,
0.17716830281289075,,,,65.65,,,
0.17728915045637628,,68.2,,,,,
0.17745604968676143,,68.23,,,,,
0.17758721799730104,,,67.64,,,,
0.1778507521754904,,,,65.66,,,
0.17794065817669869,,,,65.68,,,
0.1779506581766987,,,,65.68,,,
0.17798589385451824,,,,65.68,,,
0.17799589385451825,,,,65.68,,,
0.17810552149783399,,,,,,66.51,
0.1781082973696142,,,66.37,,,,
0.17825349369834687,,,68.11,,,,
0.1785776076854575,,,,65.76,,,
0.17860177756720086,,,,65.77,,,
0.17861177756720087,,,,65.76,,,
0.17871736220027867,,,,,,66.65,
0.1787618238651647,,,,65.82,,,
0.17879433858085414,,,,65.83,,,
0.17880962389607435,,,,66.68,,,
0.17894526369350805,70.49,,,,,,
0.17900447691579968,,,,65.9,,,
0.17900670100248584,,,,65.9,,,
0.17910456912453387,,,67.49,,,,
0.17939632363295588,,,,65.92,,,
0.1794063236329559,,,,65.92,,,
0.17941632363295587,,,,65.92,,,
0.17953849848523662,,,,65.94,,,
0.17954849848523663,,,,65.94,,,
0.1795584984852366,,,,65.94,,,
0.17963784646258452,,,,65.98,,,
0.17966205985039063,71.27,,,,,,
0.17966651299544223,,,,65.95,,,
0.1797564180518778,,,,65.99,,,
0.17976641805187782,,,,65.99,,,
0.1797764180518778,,,,65.99,,,
0.1797864180518778,,,,65.99,,,
0.17979873105567679,,,,,,66.31,
0.17981070173252833,71.3,,,,,,
0.17991928408161462,,,,66.32,,,
0.17998667087056575,,,,,,66.24,
0.1800965818275566,,,65.34,,,,
0.18074739420857577,,,,65.67,,,
0.18075739420857578,,,,65.67,,,
0.18097524463311698,,,,,,66.34,
0.18101643270806833,,,65.47,,,,
0.1810195978392064,,,,,,66.36,
0.18105670087872983,,,,,,66.37,
0.18114542286069168,,,,,,66.37,
0.1811493291662385,,,,,,66.37,
0.18131369643451167,,,,,,66.39,
0.18132369643451168,,,,,,66.39,
0.18157555064965392,,,,,,66.39,
0.18158555064965393,,,,,,66.42,
0.18164536081304772,,,,,,66.2,
0.18166435060453967,,,,,,66.43,
0.18177914013277063,,,,,,66.45,
0.1817947822814927,,,,,,66.45,
0.18184282861317125,,,,,,66.45,
0.18185148854194977,,,,,,66.46,
0.18186148854194978,,,,,,66.46,
0.1820417596441013,,,,,,66.56,
0.1821549455215714,,,,,,66.58,
0.18216494552157142,,,,,,66.58,
0.1821749455215714,,,,,,66.58,
0.18224523029073048,,,,,,66.51,
0.18232685107479196,,,65.83,,,,
0.18247254062266172,,,,65.73,,66.62,
0.182494633248107,,,,65.73,,,
0.18250805701864636,,,,65.73,,,
0.18253210870308156,,,,,65.66,,
0.18256427236820327,,,,,,66.63,
0.18259615807620921,,,,,,66.64,
0.18260615807620922,,,,,,66.64,
0.1827975812262581,,,,65.77,,,
0.18280758122625812,,,,65.77,,,
0.18287117373704254,,,,65.77,,,
0.1829934750811888,,,,,,67.23,
0.18334960833494662,,,,,,66.64,
0.18406560291791663,,,,66.32,,,
0.1842080644095503,,,,,,66.57,
0.18448270797384292,,,,,,66.64,
0.18495346095282117,,,67.39,,,,
0.18536349627522308,,,65.66,,,,
0.185690798873404,,,66.66,,,,
0.1857151424260508,,,66.49,,,,
0.18576278341212737,,68.04,,,,,
0.18577712512604805,,,66.67,,,,
0.1864082226631969,,,66.04,,,,
0.18692384262941975,70.29,,,,,,
0.18705958947826895,,66.77,,,,,
0.18743127741481969,,69.74,,,,,
0.1874412774148197,,69.74,,,,,
0.18745127741481968,,69.74,,,,,
0.1875285749063338,,,66.33,,,,
0.1875385749063338,,,66.31,,,,
0.18754857490633378,,,66.33,,,,
0.1875585749063338,,,66.33,,,,
0.18761601523948856,,68.52,,,,,
0.18789647529733644,,,66.34,,,,
0.18789995963424544,70.52,,,,,,
0.188295103107178,,,66.48,,,,
0.1885651475140091,,,,,,66.6,
0.18873921605501676,,,,,,66.66,
0.18903886896720334,,,,,,,66.73
0.18903970638036438,70.69,,,,,,
0.19033221696042468,,,67.74,,,,
0.19043040469139472,70.13,,,,,,
0.19054847377638406,,,68.62,,,,
0.19055847377638407,,,68.62,,,,
0.19071093063108635,,,67.85,,,,
0.19091342583396087,,,,66.41,,,
0.19100023057764481,,,68.66,,,,
0.19101023057764482,,,68.66,,,,
0.1910202305776448,,,68.66,,,,
0.19115940547804677,,,,66.24,,,
0.19116940547804678,,,,66.24,,,
0.19117940547804677,,,,66.24,,,
0.1912641266056454,,,67.99,,,,
0.1912741266056454,,,67.99,,,,
0.1912841266056454,,,67.99,,,,
0.1912941266056454,,,67.99,,,,
0.1916337775744057,,,68.07,,,,
0.19186613340986702,,,67.82,,,,
0.1927491859486805,,,65.4,,,,
0.19314985136106277,,,65.95,,,,
0.19315985136106278,,,65.95,,,,
0.19328374015512217,,,65.9,,,,
0.19368421680886438,,,65.25,,,,
0.19382030855479693,,68.83,,,,,
0.19388345952528452,,,66.12,,,,
0.19420425118341056,,,66.27,,,,
0.19432191798912934,,,66.3,,,,
0.1944577161968466,,,66.34,,,,
0.19654768380583154,70.04,,,,,,
0.1966782054061318,70.0,,,,,,
0.19798609322451322,70.31,,,,,,
0.1998040627672879,70.82,,,,,,
0.20553516835878205,,,66.2,,,,
0.2078119418224862,,,66.65,,,,
0.2078219418224862,,,66.65,,,,
0.21681687725008758,,69.39,,,,,
0.2206515462368721,,,67.25,,,,
0.22094761031202959,74.49,,,,,,
0.2209943402216199,,,67.34,,,,
0.2210043402216199,,,67.34,,,,
0.22194605719130522,71.19,,,,,,
0.2228009101401236,,,67.7,,,,
0.2228109101401236,,,67.7,,,,
0.2239951059026457,,,68.05,,,,
0.22400510590264572,,,68.05,,,,
0.22525687981738018,72.16,,,,,,
0.2291711627935562,,,67.1,,,,
0.23686779405580372,,,68.68,,,,
0.2403651062396568,,,69.27,,,,
0.2489982466335523,,,67.36,,,,
0.24957713173882756,,,67.38,,,,
0.24992699290064202,73.55,,,,,,
0.2538847629747436,,,68.3,,,,
0.2543520313889054,,,67.06,,,,
0.2568435129278923,,,67.75,,,,
0.2569061278515772,75.33,,,,,,
0.25691158541114145,75.33,,,,,,
0.2569270966286701,75.33,,,,,,
0.25697047262089767,75.34,,,,,,
0.2569940290498176,75.35,,,,,,
0.25726815289478,,72.88,,,,,
0.25727815289478,,72.88,,,,,
0.25734173268091776,70.04,,,,,,
0.2594565147449155,,,,,,,66.11
0.2594703583651159,,,,,,,66.11
0.2594803583651159,,,,,,,66.11
0.2596388134568819,,,,,,,66.27
0.2596488134568819,,,,,,,66.27
0.2596588134568819,,,,,,,66.27
0.25966881345688186,,,,,,,66.27
0.26330779920296754,77.71,,,,,,
0.26413910862563483,,71.19,,,,,
0.26437101335198787,,71.39,,,,,
0.26574442226706796,,,67.53,,,,
0.2670495920906617,,,,,,,65.71
0.26858447423285803,,,,,,65.51,
0.2690940975587244,,,,,,65.38,
0.2702151859999191,,,,,,65.51,
0.27022281324791586,,,,,,,65.77
0.2702251859999191,,,,,,65.51,
0.27092373741236697,,,69.53,,,,
0.2761624912176819,,,,,,65.33,
0.2914138821826677,77.21,,,,,,
0.2916458926952257,77.4,,,,,,
0.2931318242093086,,,,,,,66.61
0.29324189407737533,,,,,,,66.62
0.29328629219993174,,72.31,,,,,
0.29382630781727515,,,69.71,,,,
0.29383630781727516,,,69.71,,,,
0.296033642205642,,,,,,,66.42
0.2968789311642601,,,,,,66.08,
0.2979102936321454,,,,,,65.88,
0.30153455657072636,,,71.0,,,,
0.301623266208227,79.75,,,,,,
0.30622434901934614,,,,,,,66.66
0.3103009427734402,,,70.98,,,,
0.3118107329015012,,,71.02,,,,
0.3118207329015012,,,71.02,,,,
0.3118307329015012,,,71.02,,,,
0.3119496669317601,,,71.22,,,,
0.31211116778371073,,,71.25,,,,
0.3121124198836085,,,71.25,,,,
0.31212116778371074,,,71.25,,,,
0.31218348046886457,,,71.25,,,,
0.3133757529821988,,,71.46,,,,
0.31363140983460913,,,71.5,,,,
0.3636555787831557,,,74.05,,,,
0.367867426289044,,,71.63,,,,
0.36817216531259445,,,,67.34,,,
0.36838278592700413,,,,67.75,,,
0.36839278592700414,,,,67.75,,,
0.3690625184680829,,,72.96,,,,
0.36932341273735503,,,,67.5,,,
0.36933341273735504,,,,67.5,,,
0.37018960683779434,,,73.13,,,,
0.3702521903481264,,76.59,,,,,
0.37051479048140945,,,71.93,,,,
0.3705899270320767,,,,67.81,,,
0.3710785154967293,,,,67.98,,,
0.3711057739549317,,76.64,,,,,
0.3711283334986304,,76.66,,,,,
0.3711371068549998,,76.66,,,,,
0.37116248755384396,,,73.24,,,,
0.37187352880854396,,77.92,,,,,
0.371940030672006,,,71.32,,,,
0.371950030672006,,,71.32,,,,
0.371960030672006,,,71.32,,,,
0.37204105055353853,,,73.42,,,,
0.3721172959044128,,77.96,,,,,
0.3721696998859041,,,,67.35,,,
0.37233917728723753,,78.05,,,,,
0.376337455922793,,,72.64,,,,
0.3763440860215055,,,,67.41,,,
0.37637818468104856,,,,67.56,,,
0.3763794476268123,,,72.64,,,,
0.37671136695507235,,,,,,65.73,
0.3774986965418585,,,72.46,,,,
0.37784760913586446,,,,67.69,,,
0.37787925092972396,,,,67.72,,,
0.3784582358169859,,,,,65.48,,
0.3792856128097013,,,,66.65,,,
0.37936393390915657,,77.97,,,,,
0.37944384962314737,,,,,65.21,,
0.37968301782665437,,,,,65.24,,
0.3799473412094596,,,,67.57,,,
0.3800704940008335,,,,,65.26,,
0.3802082734284604,,,,,65.29,,
0.3805715842473101,,,,67.32,,,
0.3806989788580468,,,,,65.29,,
0.3808346593181713,,,,,57.07,,
0.38086198928819326,,,,,,66.08,
0.38098498754236454,,,,67.84,,,
0.38099498754236455,,,,67.84,,,
0.3811086435303346,,,,67.84,,,
0.38111690924450614,,,,,65.33,,
0.38114679380583283,,,,67.87,,,
0.3811833564643179,,,,67.87,,,
0.38120338726318703,,,,67.88,,,
0.38134266507044856,,,,67.87,,,
0.38228368469832685,,,,67.42,,,
0.3824139435800007,,,,,,65.35,
0.3824346471301001,,,,,,65.94,
0.38267262322032747,,,,,,65.96,
0.3826793144952494,,,,,,65.96,
0.3826962022866107,,,,67.93,,,
0.38270620228661073,,,,67.93,,,
0.3832030279236416,,,,,,,66.25
0.38346742591358995,,,,,,,66.27
0.3834715728872773,,,,,,,66.26
0.3842235428740173,,,,,,66.08,
0.38447139958982746,,,,,,65.74,
0.3845103748284937,,,,,,66.2,
0.38458353919398314,,,,,,66.43,
0.3846793994091573,,,,,,66.14,
0.38527370930585336,,,,,,66.29,
0.3868699016639896,,,,,,66.28,
0.38871690658680014,,,,67.58,,,
0.39080639882207957,,,,,,66.32,
0.39087765075201264,,,,,,66.32,
0.39095374684688156,,,,,,66.32,
0.3909747069795866,,,,,,66.32,
0.39099083058844464,,,,,,66.07,
0.39102404640085275,,,,,,66.33,
0.39108016215357777,,,,,65.8,,
0.3911688600762362,,,,,,66.33,
0.3916577078701722,,,,,,66.41,
0.39209715724479843,,,,,,66.17,
0.3921611120211721,,,,,,67.32,
0.39307909020790777,,,,68.17,,,
0.39362010008979564,,,,,,66.26,
0.4071548665395692,,,,,,66.92,
0.4083373099302099,,,,,65.98,,
0.4083409461985592,,,,,65.98,,
0.4085657701615062,,,,,65.99,,
0.4095031994548042,,,,,,66.67,
0.41202551530106146,,,,68.23,,,
0.4132940563211813,,,,68.46,,,
0.41338893919506536,,,,,,66.82,
0.4141034666510801,,,,,,66.49,
0.4148934514486389,,,,,,66.55,
0.41693401456372015,,,,,,66.78,
0.4209921272299513,,,,,66.25,,
0.42126881404592575,,,,,66.26,,
0.42164732910377456,,,,,,67.29,
0.42189933521466405,,,,,66.28,,
0.42193235867769774,,,,,66.28,,
0.42625037587640113,,,,,,66.77,
0.4262781770168109,,,,,,,66.97
0.4302922063139296,,,,,,66.86,
0.4828577086243917,,,72.66,,,,
0.4833213070205824,,,79.48,,,,
0.4847616626315414,,,79.65,,,,
0.48480812852499167,,,79.66,,,,
0.4849580602152779,,,79.67,,,,
0.48539378017634593,,,79.73,,,,
0.48626836656133965,,,76.45,,,,
0.48637916434848694,,,79.88,,,,
0.4870204845078774,,,79.87,,,,
0.4871841335299161,,,79.89,,,,
0.4872133968182786,,,79.89,,,,
0.4874087417528905,,,79.91,,,,
0.4874444811347416,,,79.91,,,,
0.48762422520525206,,,79.93,,,,
0.4876787016821984,,,79.93,,,,
0.4878390899735212,,,79.94,,,,
0.4878490899735212,,,79.95,,,,
0.48785908997352123,,,79.95,,,,
0.4878976692655279,,,79.95,,,,
0.4879102712277297,,,79.96,,,,
0.48791572079101275,,,79.96,,,,
0.4882431084040859,,,80.01,,,,
0.4883354570735434,,,80.02,,,,
0.48834545707354343,,,80.02,,,,
0.48835545707354344,,,80.01,,,,
0.4964407731764142,,,,,,67.01,
0.5044864944561986,,,,,,67.52,
0.5052711120641924,,,,,,67.52,
0.5070035089997091,,,,,,,66.57
0.5070135089997091,,,,,,,66.57
0.5078949901928831,,,,,,,66.62
0.507904990192883,,,,,,,66.62
0.5085140533169206,,,,,,,66.63
0.5087892778470273,,,,,,,66.63
0.5089213232172154,,,,,,,66.65
0.5089313232172153,,,,,,,66.65
0.5089413232172154,,,,,,,66.65
0.5191157344165016,,85.16,,,,,
0.5191257344165016,,85.16,,,,,
0.5191357344165016,,85.16,,,,,
0.5193152890099977,,85.19,,,,,
0.5193252890099976,,85.19,,,,,
0.5193352890099977,,85.17,,,,,
0.5193452890099977,,85.17,,,,,
0.5305915807102135,,,,,,,67.47
0.5306445638451864,,,,,,,67.47
0.530648168273337,,,,,,,67.46
0.5306545638451864,,,,,,,67.47
0.5306586212109725,,,,,,,67.47
0.5306694347449716,,,,,,,67.47
0.5307065623745262,,,,,,,67.47
0.5307165623745261,,,,,,,67.47
0.530722783748905,,,,,,,67.48
0.5312842551232648,,,,,,,67.27
0.5312942551232648,,,,,,,67.27
0.5313531601946184,,,,,,,67.27
0.5313631601946184,,,,,,,67.27
0.5313731601946184,,,,,,,67.27
0.5313831601946184,,,,,,,67.27
0.5317533650854023,,,,,,,67.28
0.5317631111852641,,,,,,,67.3
0.5317633650854022,,,,,,,67.3
0.5326917249973766,,,,,,,67.37
0.5328489530641651,,,,,,,67.39
0.5330289917008886,,,,,,,67.4
0.5331591664520243,,,,,,,67.4
0.5331691664520243,,,,,,,67.4
0.5363629938845662,,,,,,,66.88
0.5363729938845662,,,,,,,66.88
0.5432135403930207,,,,,,,67.45
0.5433733011615189,,,,,,,67.54
0.5434575919592035,,,,,,,67.29
0.5438714833873493,,,,,,,67.54
0.5439341913490281,,,,,,,67.56
0.5440093742747609,,,,,,,67.35
0.5440193742747609,,,,,,,67.35
0.5441117081676383,,,,,,,67.57
0.5441847072974129,,,,,,,67.51
0.544752061352799,,,,,,,67.54
0.5449238911071093,,,,,,,67.55
0.5451637089063712,,,,,,,67.56
0.5498911141881087,,,,,,,67.3
0.5886485162817181,,,,71.25,,,
0.5886585162817181,,,,71.25,,,
0.5934455665336367,,,,,,,66.64
0.597295003729684,,,,,68.04,,
0.5976351348267113,,,83.07,,,,
0.597687279191059,,,84.06,,,,
0.597697279191059,,,84.06,,,,
0.5985939680938912,,,,,,68.87,
0.5987137206179258,,,,,,68.76,
0.6007160231445243,,,83.39,,,,
0.6007260231445243,,,83.39,,,,
0.6007360231445243,,,83.39,,,,
0.6018794164673662,,,,,69.02,,
0.6056231675825601,,,,,68.24,,
0.6057509741747071,,,,,68.2,,
0.6058331199869331,,,,,68.24,,
0.6058762222725396,,,,,68.18,,
0.6058862222725395,,,,,68.18,,
0.6058972216601584,,,,,68.7,,
0.6058979584907496,,,,,68.25,,
0.6059093794513799,,,,,68.25,,
0.6059974368280907,,,,,68.21,,
0.6060103330704831,,,,,68.19,,
0.6060203330704831,,,,,68.19,,
0.6060641310585042,,,,,68.2,,
0.6061776345271286,,,,,68.21,,
0.6061876345271285,,,,,68.21,,
0.6062472923259932,,,,,68.22,,
0.6062480294778638,,,,,68.3,,
0.6066155839416478,,,,,68.23,,
0.6066399214674405,,,,,68.33,,
0.6069069451665963,,,,,68.26,,
0.6069988011788943,,,,,68.31,,
0.6070537722487985,,,,,68.31,,
0.6072024712345196,,,,,68.26,,
0.6072124712345196,,,,,68.26,,
0.6072840275231315,,,,,68.34,,
0.6072940275231314,,,,,68.34,,
0.6073216716788314,,,,,68.33,,
0.6073279458762164,,,,,68.33,,
0.6073441852027894,,,,,68.33,,
0.6077362430603213,,,,,68.35,,
0.6078913469719271,,,77.61,,,,
0.6084022935816709,,,,,,68.79,
0.6084122935816708,,,,,,68.79,
0.6086724912867403,,,,,68.38,,
0.6088573573276788,,,,,68.39,,
0.6090992262531436,,,,,68.4,,
0.6091025552318705,,,,,68.4,,
0.6091106927934138,,,,,68.4,,
0.6091513818357612,,,,,68.4,,
0.609321558310663,,,,,68.41,,
0.609863773327501,,,,,68.37,,
0.6135988579408311,,,,,68.1,,
0.6152788767442994,,,,,,68.34,
0.6152888767442993,,,,,,68.34,
0.6174626816699422,,,,,68.31,,
0.6175931277249223,,,,,,,66.22
0.6184780248834059,,,85.65,,,,
0.6222028587849238,,95.88,,,,,
0.6229012698738752,,,,,68.64,,
0.6238413312158442,,,,,68.72,,
0.6244031768684988,,,,71.7,,,
0.6413677188927989,,,,,,69.01,
0.6449517371160329,,,,,,68.96,
0.6449664262352406,,,82.01,,,,
0.6459550654267139,,,,73.42,,,
0.6468677868661352,,,,,68.95,,
0.6473351882327552,,,,,68.98,,
0.6473451882327551,,,,,68.98,,
0.6531002241603905,,,,,,,67.37
0.6545385054837314,,,,,,,67.19
0.6550681852626581,,,,,,69.01,
0.7095992630943335,,,,,,69.89,
0.7097804915413739,,,,,,69.92,
0.7838883485689292,,,,,,70.94,
0.818517830680987,,,,,,71.14,
0.8188337047164402,,,101.9,,,,
0.8188437047164402,,,101.9,,,,
0.8222184461806643,,,,,71.33,,
0.8224301513778824,,,,,71.36,,
0.8225173384047915,,,,,71.37,,
0.8245107973408665,,,102.37,,,,
0.8274043959126445,,,,77.64,,,
0.8289505961578778,,,,,70.77,,
0.8295198516625304,,,,77.99,,,
0.8295298516625303,,,,77.99,,,
0.8295398516625304,,,,77.99,,,
0.8376492056301899,,,96.1,,,,
0.8381609567260146,,,,,71.38,,
0.8481051608798642,,,,,,,67.25
0.8717719245909885,,,,,72.02,,
0.8756724578835333,,,,78.96,,,
0.8756962056775917,,,,78.96,,,
0.88177291234937,,,,,72.63,,
0.8837384862371713,,,,,,,68.31
0.8844364628091153,,,,,,,68.32
0.8849248657167743,,,,,,,68.33
0.9075746690298339,,,102.32,,,,
0.9075846690298338,,,102.32,,,,
1.0529122156488477,,,,,,75.21,
1.0572914523654737,,,,,,74.66,
1.0609288423098615,,,,,,,68.39
1.0609514955065533,,,,,,,68.4
1.0609614955065534,,,,,,,68.4
1.0612271492930794,,,,,,,68.39
1.0612371492930794,,,,,,,68.39
1.0788181595391304,,,,,,,68.42
1.0788719394096606,,,,,,,68.42
1.078881543250784,,,,,,,68.41
1.078890666982042,,,,,,,68.42
1.0788940283769035,,,,,,,68.42
1.078934365963132,,,,,,,68.42
1.0789386879402154,,,,,,,68.42
1.0789454110513965,,,,,,,68.42
1.0789473319482923,,,,,,,68.42
1.0789675015800153,,,,,,,68.41
1.0789771063041056,,,,,,,68.42
1.0789775865426394,,,,,,,68.41
1.0789934345387335,,,,,,,68.42
1.078995835771341,,,,,,,68.41
1.0790054407572383,,,,,,,68.42
1.0790933304996062,,,,,,,68.42
1.0791245499561652,,,,,,,68.42
1.0792355066889008,,,,,,,68.42
1.0792446335273578,,,,,,,68.42
1.079252319348205,,,,,,,68.42
1.0792638481860153,,,,,,,68.43
1.079270093026544,,,,,,,68.43
1.079363289719073,,,,,,,68.43
1.079900534534437,,,,,,,68.41
1.1187403288332072,,,,,,,69.55
1.129796419859547,,,,,,,69.55
1.2960261985773363,,,,,76.79,,
1.2960361985773363,,,,,76.79,,
1.3021747032899689,,,,,,,69.83
1.3037790731159578,,,,,,77.72,
1.3039526381064093,,,,,,77.72,
1.3042690501411252,,,,,,77.73,
1.3042791385314185,,,,,,77.73,
1.3042871031124696,,,,,,77.73,
1.3042891385314186,,,,,,77.73,
1.3042924128637585,,,,,,77.73,
1.3042971031124697,,,,,,77.73,
1.3043168380348695,,,,,,77.73,
1.3044713657910445,,,,,,77.73,
1.3044813657910446,,,,,,77.73,
1.3047735778913214,,,,,,77.74,
1.3047799522864456,,,,,,77.74,
1.3049016037505359,,,,,,77.75,
1.3049302919931791,,,,,,77.75,
1.3049361359820124,,,,,,77.75,
1.3052735437587022,,,,,,77.76,
1.3053468832401744,,,,,,77.76,
1.3055127114443343,,,,,,77.76,
1.3056775002766816,,,,,,77.77,
1.3056854745273632,,,,,,77.77,
1.3063326358983445,,,,,,77.79,
1.3063778497316414,,,,,,77.79,
1.306394871869386,,,,,,77.79,
1.3064379602785254,,,,,,77.79,
1.3068114606084262,,,,,,77.8,
1.3069615332620024,,,,,77.03,,
1.3070557377745078,,,,,,77.81,
1.3070823506123803,,,,,,77.81,
1.3072212795941507,,,,,,77.81,
1.3072255382180376,,,,,,77.82,
1.30724949327033,,,,,,77.81,
1.3072963401434725,,,,,,77.82,
1.3073032608655524,,,,,,77.81,
1.3075646816149167,,,,,,77.82,
1.3076434921568967,,,,,,77.83,
1.3076813018276372,,,,,,77.83,
1.307868238263394,,,,,,77.84,
1.3080738500541358,,,,,,77.85,
1.3081633505668506,,,,,,77.85,
1.3081697437262214,,,,,,77.85,
1.3081733505668507,,,,,,77.85,
1.3083072052193594,,,,,,77.85,
1.3083253215208632,,,,,,77.85,
1.308536344095653,,,,,,77.86,
1.3088444210584158,,,,,,77.88,
1.3092570958274727,,,,,,,69.64
1.3094960240871196,,,,,,77.88,
1.3095066916801636,,,,,,77.89,
1.3105782198889488,,,,,77.17,,
1.310588219888949,,,,,77.17,,
1.3158596320423266,,,,,,,69.48
1.3165146646960846,,,,,,78.12,
1.3166423882544378,,,,,,78.12,
1.3440387929044069,,,,85.81,,,
1.3479497116130768,,,,,,79.01,
1.3763095247713637,,,,,,79.95,
1.3763195247713638,,,,,,79.95,
1.75512516418824,,,,,,,72.77
1.7606064224128115,,,,,,,72.87
2.404144068823623,,,,,,91.14,
2.404154068823623,,,,,,91.14,
2.4044160269012416,,,,,,91.14,
2.4044260269012416,,,,,,91.14,
2.4044360269012417,,,,,,91.14,
2.4316822975982344,,,,,,,77.15
2.4316922975982345,,,,,,,77.15
2.445480666374337,,,,,,,76.54
2.4484621583005057,,,,,,,77.37
2.4489188674026354,,,,,,,77.37
2.4496120911203536,,,,,,,77.38
2.451292370941222,,,,,,,77.41
2.479354899766744,,,,,,92.36,
3.589738217396163,,,,,,98.66,
3.6153924260487207,,,,,,,83.9
3.6158078494581964,,,,,,,83.9
3.615951667293282,,,,,,,83.9
8.267207176525238,,,,,,,92.81
8.267327411665573,,,,,,,92.82
8.267337411665572,,,,,,,92.82
8.426509985502028,,,319.27,,,,
