Date,-1.0,-0.99,-0.98,-0.97,-0.96,-0.95,-0.94,-0.9299999999999999,-0.92,-0.91,-0.9,-0.89,-0.88,-0.87,-0.86,-0.85,-0.84,-0.83,-0.8200000000000001,-0.81,-0.8,-0.79,-0.78,-0.77,-0.76,-0.75,-0.74,-0.73,-0.72,-0.71,-0.7,-0.69,-0.6799999999999999,-0.6699999999999999,-0.6599999999999999,-0.6499999999999999,-0.64,-0.63,-0.62,-0.61,-0.6,-0.59,-0.5800000000000001,-0.5700000000000001,-0.56,-0.55,-0.54,-0.53,-0.52,-0.51,-0.5,-0.49,-0.48,-0.47,-0.45999999999999996,-0.44999999999999996,-0.43999999999999995,-0.42999999999999994,-0.42000000000000004,-0.41000000000000003,-0.4,-0.39,-0.38,-0.37,-0.36,-0.35,-0.33999999999999997,-0.32999999999999996,-0.31999999999999995,-0.30999999999999994,-0.29999999999999993,-0.29000000000000004,-0.28,-0.27,-0.26,-0.25,-0.24,-0.22999999999999998,-0.21999999999999997,-0.20999999999999996,-0.19999999999999996,-0.18999999999999995,-0.17999999999999994,-0.16999999999999993,-0.16000000000000003,-0.15000000000000002,-0.14,-0.13,-0.12,-0.10999999999999999,-0.09999999999999998,-0.08999999999999997,-0.07999999999999996,-0.06999999999999995,-0.05999999999999994,-0.04999999999999993,-0.040000000000000036,-0.030000000000000027,-0.020000000000000018,-0.010000000000000009,0.0,0.010000000000000009,0.020000000000000018,0.030000000000000027,0.040000000000000036,0.050000000000000044,0.06000000000000005,0.07000000000000006,0.08000000000000007,0.09000000000000008,0.10000000000000009,0.1100000000000001,0.1200000000000001,0.13000000000000012,0.14000000000000012,0.15000000000000013,0.15999999999999992,0.16999999999999993,0.17999999999999994,0.18999999999999995,0.19999999999999996,0.20999999999999996,0.21999999999999997,0.22999999999999998,0.24,0.25,0.26,0.27,0.28,0.29000000000000004,0.30000000000000004,0.31000000000000005,0.32000000000000006,0.33000000000000007,0.3400000000000001,0.3500000000000001,0.3600000000000001,0.3700000000000001,0.3800000000000001,0.3900000000000001,0.40000000000000013,0.4099999999999999,0.41999999999999993,0.42999999999999994,0.43999999999999995,0.44999999999999996,0.45999999999999996,0.47,0.48,0.49,0.5,0.51,0.52,0.53,0.54,0.55,0.56,0.5700000000000001,0.5800000000000001,0.5900000000000001,0.6000000000000001,0.6100000000000001,0.6200000000000001,0.6300000000000001,0.6400000000000001,0.6500000000000001,0.6600000000000001,0.6699999999999999,0.6799999999999999,0.69,0.7,0.71,0.72,0.73,0.74,0.75,0.76,0.77,0.78,0.79,0.8,0.81,0.8200000000000001,0.8300000000000001,0.8400000000000001,0.8500000000000001,0.8600000000000001,0.8700000000000001,0.8800000000000001,0.8900000000000001,0.9000000000000001,0.9100000000000001,0.9199999999999999,0.9299999999999999,0.94,0.95,0.96,0.97,0.98,0.99,1.0
2017-11-25,2.4883868241514673,2.4760482052819848,2.4636497416629513,2.451190588098131,2.438669880344844,2.42608673455403,2.413440246691813,2.4007294919420574,2.3879535240893954,2.3751113748822372,2.3622020533752877,2.3492245452511193,2.336177812120392,2.3230607908003407,2.3098723925712297,2.296611502410511,2.2832769782045315,2.269867649937723,2.2563823188593166,2.2428197566278003,2.229178704433461,2.215457872099603,2.2016559371632303,2.187771543936295,2.1738033025489245,2.1597497879764345,2.1456095390523937,2.1313810574705365,2.117062806778944,2.1026532113706455,2.08815065547566,2.073553482160455,2.058859992342028,2.0440684438251124,2.0291770503726534,2.014183980821522,1.9990873582576176,1.9838852592670562,1.9685757132830852,1.9531567020518497,1.937626159244186,1.9219819702453698,1.9062219721603089,1.8903439540781908,1.8743456576482522,1.8582247780272994,1.8419789652701672,1.8256058262466792,1.8091029271832475,1.7924677969443918,1.7756979311896337,1.758790797564999,1.7417438421163727,1.7245544971449662,1.7072201907640987,1.6897383584623764,1.6721064570324637,1.654321981288359,1.636382484069107,1.6182856001150436,1.60002907450614,1.5816107964730781,1.5630288395329262,1.5442815090652673,1.5253673986338991,1.5062854565759818,1.4870350646261297,1.4676161306173656,1.4480291976015225,1.4282755720520321,1.4083574741393958,1.388278213382051,1.368042393237541,1.3476561483564575,1.3271274181938533,1.3064662603437736,1.2856852061708042,1.2647996598412345,1.2438283394262704,1.2227937550201957,1.2017227134048885,1.1806468313238376,1.1596030296365405,1.138633968517126,1.1177883699762787,1.0971211597107373,1.07669334818907,1.056571564910032,1.0368271650489211,1.0175348496736647,0.9987707833324034,0.9806102560502434,0.9631250140666441,0.9463804608684796,0.930432987527491,0.9153277094019173,0.901096853117015,0.8877589557764501,0.8753189251868172,0.8637688927251829,0.8530896963186143,0.8432527773807517,0.8342222663186284,0.8259570582467589,0.8184127292240417,0.8115431986218744,0.8053020937443285,0.799643812245206,0.7945243044233569,0.7899016123246172,0.785736208369044,0.7819911758684392,0.7786322698392604,0.7756278908595486,0.7729489986420349,0.7705689862547026,0.7684635308933452,0.7666104329304261,0.7649894516184642,0.7635821432276039,0.762371705429934,0.7613428302881733,0.7604815671542076,0.7597751960402367,0.7592121115153818,0.7587817168428352,0.758474327859956,0.75828108598038,0.7581938796364511,0.7582052734623688,0.7583084445289857,0.758497124969852,0.7587655503775611,0.7591084133945983,0.759520821970226,0.7599982618021416,0.7605365625272202,0.7611318672686825,0.7617806051870415,0.7624794667189282,0.763225381221372,0.7640154967693946,0.7648471618820281,0.7657179089763035,0.7666254393706001,0.7675676096782142,0.7685424194493536,0.7695479999351752,0.7705826038611799,0.7716445961094454,0.7727324452199598,0.7738447156309152,0.7749800605863121,0.7761372156467811,0.7773149927462393,0.7785122747429523,0.7797280104188771,0.7809612098858733,0.7822109403615705,0.7834763222814201,0.7847565257167911,0.7860507670719539,0.7873583060354498,0.7886784427637178,0.7900105152769912,0.7913538970493622,0.7927079947766378,0.7940722463071306,0.7954461187219156,0.7968291065523069,0.798220730123437,0.7996205340138116,0.8010280856216245,0.8024429738294295,0.8038648077595002,0.8052932156128844,0.8067278435857446,0.808168354857143,0.809614428642907,0.811065759310666,0.81252205555156,0.8139830396044866,0.8154484465290915,0.8169180235240154,0.8183915292871836,0.8198687334151914,0.8213494158390536,0.822833366293815,0.824320383819704,0.8258102762926897,0.827302859982465,0.8287979591360337,0.8302954055852032,0.8317950383764252,0.8332967034215256,0.8348002531679865,0.8363055462875244,0.8378124473818134,0.8393208267042717,0.8408305598969144,0.84234152774134
2017-11-27,2.5204776351658276,2.5045862570063084,2.488600143015887,2.4725177338617197,2.4563374334309285,2.440057608024692,2.4236765855713056,2.407192654865485,2.3906040648423987,2.3739090238963287,2.3571056992554644,2.3401922164262228,2.3231666587226196,2.306027066898745,2.288771438905239,2.271397729794009,2.2539038517992784,2.2362876746274924,2.2185470259937654,2.2006796924485,2.182683420544726,2.1645559184046883,2.1462948577534817,2.127897876498297,2.1093625819442754,2.090686554752463,2.0718673537621193,2.052902521819116,2.033789592774765,2.014526099845624,1.9951095855552343,1.975537613513981,1.9558077823340438,1.9359177420235745,1.9158652132586673,1.8956480099943671,1.8752640659479345,1.8547114655699073,1.8339884802122217,1.8130936103086632,1.7920256345019356,1.7707836667838033,1.749367222859626,1.7277762971044,1.706011451640799,1.6840739192346723,1.661965721860468,1.639689806923562,1.617250203217034,1.5946521987065099,1.5719025421357753,1.549009670170501,1.5259839612717963,1.502838016618749,1.4795869670607487,1.4562488031375045,1.432844722506797,1.409399485522937,1.3859417651072068,1.3625044714302634,1.339125025435531,1.3158455482824742,1.2927129271548365,1.269778712787835,1.2470988022138705,1.2247328636483537,1.2027434711880887,1.181194936555153,1.1601518536160909,1.139677406827956,1.119831532521637,1.1006690551774208,1.0822379417739574,1.0645778193029216,1.0477188805929383,1.0316812637278676,1.0164749376321223,1.0021000710101728,0.9885478140940108,0.9758013901731819,0.9638373798702353,0.9526270843718683,0.9421378699835555,0.9323344197855427,0.9231798435033531,0.9146366199820599,0.9066673655544252,0.8992354352902666,0.892305372838145,0.8858432291442031,0.8798167717961654,0.8741956060999377,0.8689512270961394,0.8640570192026056,0.8594882174675589,0.8552218418142792,0.8512366133060775,0.847512859429039,0.8440324136932416,0.8407785134727044,0.8377356989054319,0.8348897148166448,0.832227416969508,0.8297366834505582,0.8274063316284234,0.8252260408564499,0.8231862808994774,0.8212782459337761,0.8194937938824095,0.8178253907945361,0.8162660599475583,0.8148093353387734,0.8134492192331517,0.8121801434421783,0.8109969340225222,0.809894779100487,0.8088691995472762,0.8079160222499306,0.8070313557426688,0.806211567982699,0.805453266073089,0.8047532777527443,0.8041086344898487,0.8035165560302224,0.8029744362659512,0.8024798303023605,0.802030442613022,0.8016241161830336,0.8012588225503801,0.8009326526638617,0.8006438084838999,0.8003905952596068,0.8001714144218893,0.7999847570381083,0.7998291977789883,0.7997033893531629,0.7996060573689273,0.7995359955865751,0.7994920615281017,0.799473172414139,0.7994783014007621,0.7995064740913064,0.799556765300595,0.7996282960510145,0.7997202307817145,0.7998317747538761,0.7999621716364924,0.8001107012584681,0.8002766775140797,0.8004594464099487,0.8006583842427,0.8008728958973873,0.8011024132576086,0.8013463937189872,0.8016043187983865,0.8018756928318465,0.8021600417548107,0.8024569119587197,0.8027658692185333,0.8030864976861651,0.8034183989452146,0.8037611911227402,0.8041145080541511,0.8044779984975831,0.804851325394422,0.8052341651728703,0.8056262070917004,0.8060271526215395,0.8064367148612345,0.8068546179870217,0.8072805967323925,0.8077143958966929,0.8081557698806472,0.8086044822471081,0.8090603053054714,0.8095230197182883,0.8099924141287209,0.8104682848075712,0.8109504353187076,0.8114386762017866,0.8119328246712447,0.8124327043306043,0.8129381449011969,0.8134489819644711,0.8139650567171013,0.8144862157381711,0.8150123107677388,0.8155431984961614,0.8160787403635549,0.8166188023688529,0.8171632548879179,0.8177119725002194,0.8182648338236173,0.8188217213568072,0.8193825213290261,0.8199471235566278,0.8205154213061735,0.8210873111636863,0.8216626929097648,0.8222414694002372,0.8228235464520902
2017-12-19,4.336459455974653,4.30229573494397,4.267865228929943,4.233161798084102,4.198179074735777,4.162910452283583,4.127349073479555,4.091487818079408,4.05531928983403,4.018835802799892,3.982029366950093,3.944891673073327,3.9074140769559613,3.8695875828531427,3.831402826269215,3.792850056086919,3.7539191161100853,3.714599426117728,3.6748799625707775,3.6347492391692384,3.5941952875311336,3.5532056383602555,3.511767303594204,3.4698667601860285,3.4274899363835822,3.384622201645568,3.341248361692366,3.297352660659887,3.2529187929417636,3.207929928117188,3.162368753433356,3.116217539729851,3.06945823857539,3.0220726208946083,2.9740424707101387,2.925349852105461,2.8759774735208627,2.8259091815557436,2.7751306272626537,2.7236301623841053,2.6714000422288464,2.6184380372259706,2.564749587973737,2.5103506797237167,2.455271661125161,2.399562284377181,2.3432982872172854,2.2865898426873494,2.229592112012764,2.1725178427443486,2.115651288299694,2.0593614686399593,2.004110799499264,1.9504526474261807,1.8990096489346906,1.8504262300150838,1.805296485567735,1.7640818707781913,1.7270445493576656,1.694220842123747,1.6654423538717678,1.6403914925654248,1.6186678954403568,1.5998462141204182,1.5835162859350267,1.5693056798123375,1.5568889150633798,1.5459883088722501,1.536370383777,1.5278404151828409,1.5202365976315169,1.5134245721386432,1.5072926209391206,1.5017476020217084,1.4967115831771693,1.492119089793031,1.487914869630878,1.4840520829394421,1.4804908377327544,1.4771970030316182,1.474141245107254,1.471298242422929,1.4686460438550923,1.4661655420013935,1.4638400391724433,1.4616548882626836,1.4595971943310557,1.4576555655901273,1.455819904764278,1.4540812335633464,1.4524315444306783,1.4508636748446087,1.4493712003432733,1.447948343153419,1.4465898938730388,1.4452911441149436,1.4440478283872074,1.4428560737849632,1.4417123563105547,1.4406134628368426,1.4395564578902975,1.438538654563454,1.4375575889758336,1.436610997793066,1.4356967983890938,1.4348130712989386,1.433958044661773,1.433130080397817,1.432327661899384,1.4315493830474022,1.4307939383909265,1.4300601143494152,1.4293467813163643,1.4286528865590202,1.4279774478226133,1.427319547559336,1.4266783277123771,1.4260529849940324,1.425442766604412,1.424846966343731,1.4242649210768157,1.4236960075132983,1.4231396392712534,1.4225952641956965,1.4220623619066093,1.4215404415539872,1.421029039759872,1.4205277187295184,1.4200360645157453,1.4195536854222337,1.4190802105330007,1.4186152883566008,1.4181585855747945,1.4177097858864207,1.4172685889381749,1.416834709334767,1.4164078757217022,1.4159878299345587,1.4155743262092066,1.4151671304479685,1.4147660195371508,1.4143707807118124,1.4139812109640106,1.413597116491097,1.4132183121809456,1.4128446211312737,1.412475874200435,1.41211190958734,1.4117525724383067,1.4113977144788616,1.4110471936686666,1.410700873877897,1.4103586245835364,1.410020320584165,1.4096858417319622,1.4093550726807076,1.409027902648687,1.4087042251954887,1.408383938011747,1.4080669427209664,1.4077531446926304,1.4074424528658522,1.4071347795828735,1.4068300404317842,1.4065281540978833,1.406229042223102,1.4059326292730192,1.4056388424109747,1.4053476113788548,1.4050588683841168,1.4047725479927242,1.4044885870275794,1.4042069244721616,1.4039275013790646,1.4036502607831152,1.403375147618849,1.4031021086420559,1.4028310923551808,1.4025620489363613,1.4022949301718852,1.4020296893918949,1.4017662814091358,1.4015046624606151,1.4012447901519627,1.4009866234044075,1.4007301224041697,1.400475248554196,1.4002219644280633,1.3999702337259665,1.3997200212326864,1.399471292777408,1.39922401519532,1.3989781562908903,1.3987336848027427,1.3984905703700359,1.398248783500302,1.3980082955386375,1.397769078638194,1.397531105731924,1.3972943505054825,1.3970587873712652
2018-02-20,2.678936554933988,2.6627584551945875,2.6464874434872954,2.630122112563496,2.6136610323551803,2.59710275074443,2.5804457945582886,2.5636886708267244,2.546829868347551,2.529867859609441,2.512801103132684,2.4956280462973663,2.478347128740497,2.460956786417581,2.4434554564406943,2.4258415828247326,2.4081136232968365,2.3902700573517297,2.372309395768799,2.354230191846268,2.3360310546551064,2.317710664672009,2.2992677922188434,2.280701319217804,2.2620102648700593,2.2431938159844647,2.224251362826205,2.2051825415281914,2.1859872843167745,2.1666658790550573,2.1472190399102478,2.1276479913155306,2.1079545678323393,2.0881413330363565,2.0682117211599484,2.0481702059318736,2.028022501861876,2.0077758041099005,1.9874390740199646,1.9670233783095656,1.9465422906429057,1.9260123646308114,1.9054536867810083,1.884890515919439,1.864352011130928,1.84387304190118,1.8234950599509103,1.8032669898611577,1.7832460625495175,1.7634984704336267,1.7440996670558442,1.7251340744888297,1.7066939166046933,1.6888768958996316,1.6717825167558409,1.6555070646963763,1.6401375807671317,1.6257455558800997,1.6123813685975446,1.6000705319283774,1.5888125078526791,1.5785822654564081,1.5693341239937817,1.5610069845386219,1.5535299429553733,1.546827454980757,1.5408235486440347,1.5354449033555497,1.5306228515005027,1.5262944865534949,1.5224031021417022,1.5188981727189148,1.515735047937077,1.512874488730579,1.510282133580018,1.50792795209339,1.505785720155497,1.5038325351636577,1.502048379606218,1.5004157348921936,1.4989192436563046,1.4975454168195617,1.4962823808336125,1.495119660340763,1.4940479916563403,1.493059162845967,1.4921458766172342,1.4913016327085775,1.4905206269019722,1.4897976641924324,1.4891280840089187,1.4885076956970529,1.4879327227463242,1.4873997544771496,1.4869057041007845,1.4864477722322689,1.4860234150776426,1.4856303166354707,1.485266364352732,1.4849296277592816,1.484618339675978,1.4843308796512587,1.4840657593313227,1.4838216095116123,1.4835971686532563,1.4833912726786238,1.4832028458859918,1.483030892845323,1.4828744911558769,1.4827327849623482,1.482604979139897,1.4824903340701316,1.4823881609401455,1.4822978175053507,1.482218704264285,1.4821502609999921,1.482091963648132,1.4820433214567814,1.4820038744070707,1.4819731908674314,1.4819508654573865,1.4819365170995886,1.4819297872412118,1.481930338227932,1.4819378518155655,1.4819520278060831,1.4819725827961399,1.4819992490275227,1.4820317733300439,1.4820699161483828,1.4821134506452582,1.4821621618740888,1.4822158460149775,1.4822743096684823,1.4823373692021635,1.4824048501453988,1.482476586628377,1.482552420861578,1.4826322026523926,1.4827157889558409,1.4828030434566322,1.482893836180061,1.4829880431294526,1.483085545948082,1.483186231603671,1.4832899920937266,1.4833967241701478,1.4835063290816461,1.4836187123326605,1.4837337834575504,1.4838514558089553,1.483971646359299,1.4840942755144981,1.484219266939016,1.48434654739146,1.48447604657,1.4846076969669242,1.4847414337317184,1.484877194542087,1.485014919482392,1.4851545509290094,1.4852960334421625,1.4854393136637989,1.4855843402211264,1.4857310636354508,1.4858794362359709,1.4860294120782285,1.48618094686692,1.4863339978827974,1.4864885239134151,1.4866444851874865,1.486801843312631,1.486960561216314,1.4871206030897868,1.4872819343348513,1.4874445215132908,1.487608332298804,1.4877733354313039,1.4879395006734488,1.4881067987692762,1.4882752014048246,1.488444681170631,1.488615211526001,1.4887867667649584,1.4889593219837771,1.4891328530500152,1.4893073365729692,1.489482749875472,1.4896590709669673,1.4898362785177903,1.4900143518345927,1.4901932708368566,1.4903730160344355,1.4905535685060785,1.4907349098788771,1.490917022308602,1.491099888460873,1.4912834914931294,1.4914678150373573,1.4916528431835396,1.4918385604637927
2018-03-09,1.9581236714418757,1.9448177116592904,1.9314541009272472,1.9180337365905369,1.9045577013222252,1.8910272851842582,1.8774440102220067,1.8638096578716534,1.8501262994832266,1.8363963302852595,1.8226225071382582,1.8088079904415506,1.7949563905692358,1.7810718192124808,1.7671589459929287,1.7532230606796306,1.7392701412822527,1.7253069281967695,1.7113410044346429,1.6973808817580505,1.6834360922549847,1.6695172844991537,1.6556363229290663,1.6418063884264118,1.628042077256096,1.614359494535663,1.6007763372297474,1.5873119603365038,1.5739874185013143,1.5608254738581528,1.5478505596197731,1.5350886880430568,1.5225672911851469,1.510314983695688,1.4983612391342958,1.4867359752811724,1.4754690497891465,1.4645896751986185,1.4541257713064735,1.444103282202429,1.434545493614764,1.4254723919754866,1.416900108355776,1.4088404871604652,1.4013008110689906,1.3942837010406286,1.3877871950392402,1.381804993782137,1.3763268485776232,1.3713390569548658,1.36682502720231,1.3627658730599728,1.3591410038214913,1.3559286817058889,1.3531065261687527,1.3506519526298024,1.3485425400291304,1.3467563271957657,1.345272042058347,1.3440692703274264,1.3431285716529133,1.3424315516878813,1.3419608982504607,1.3417003891131924,1.341634878058383,1.341750264861266,1.3420334538966003,1.3424723051679286,1.3430555807634301,1.3437728890600975,1.344614628428267,1.3455719317232593,1.3466366124782887,1.3478011134196668,1.3490584576986695,1.3504022030622027,1.3518263990560087,1.3533255472605032,1.354894564492869,1.3565287488635307,1.3582237485456292,1.3599755330985916,1.361780367178251,1.363634786463763,1.3655355756339245,1.367479748230982,1.3694645282575801,1.371487333361282,1.3735457594705733,1.3756375667559484,1.3777606667993136,1.3799131108643008,1.3820930791690187,1.3842988710712245,1.3865288960837918,1.3887816656456902,1.391055785580462,1.39334994918041,1.3956629308604063,1.3979935803304273,1.4003408172406702,1.4027036262573946,1.4050810525315456,1.4074721975257571,1.4098762151685287,1.4122923083072787,1.4147197254345933,1.4171577576643617,1.4196057359366367,1.4220630284319824,1.4245290381778406,1.4270032008310154,1.4294849826218095,1.4319738784466478,1.434469410097183,1.4369711246149466,1.439478592761566,1.4419914075954394,1.4445091831465398,1.447031553181754,1.4495581700537836,1.4520887036272554,1.4546228402761907,1.4571602819475011,1.4597007452855963,1.462243960813608,1.4647896721670883,1.4673376353763925,1.4698876181942382,1.472439399465235,1.4749927685344122,1.4775475246920216,1.4801034766520902,1.4826604420624063,1.4852182470437814,1.4877767257566201,1.4903357199929508,1.4928950787922273,1.4954546580793306,1.498014320323315,1.5005739342155466,1.5031333743659936,1.5056925210164915,1.5082512597699234,1.5108094813342983,1.5133670812808069,1.5159239598149816,1.5184800215601608,1.5210351753525018,1.5235893340468427,1.5261424143327689,1.5286943365602634,1.5312450245743847,1.5337944055584338,1.5363424098851224,1.53888897097527,1.5414340251636105,1.5439775115712862,1.5465193719846657,1.549059550740121,1.551597994614434,1.5541346527205206,1.5566694764081805,1.5592024191695943,1.5617334365493156,1.5642624860585124,1.566789527093231,1.5693145208564685,1.5718374302838547,1.5743582199727513,1.576876856114591,1.5793933064302919,1.5819075401085858,1.5844195277471094,1.5869292412961293,1.5894366540047513,1.591941740369503,1.5944444760851697,1.5969448379977622,1.5994428040595268,1.6019383532858853,1.6044314657142178,1.6069221223643992,1.6094103052009998,1.61189599709708,1.6143791817994955,1.616859843895645,1.6193379687815936,1.621813542631507,1.6242865523683365,1.6267569856356954,1.6292248307708748,1.6316900767789457,1.6341527133079004,1.6366127306247802,1.6390701195927553,1.6415248716491055,1.643976978784067,1.6464264335205052,1.6488732288943795,1.6513173584359604
2018-03-17,1.5983564012959524,1.5944156216080085,1.5904650776721148,1.586504696546652,1.5825344043772982,1.5785541263809568,1.5745637868293247,1.5705633090320799,1.5665526153196851,1.562531627025795,1.5585002644692496,1.5544584469356575,1.550406092658535,1.5463431188000099,1.5422694414310623,1.5381849755112968,1.534089634868231,1.5299833321760807,1.525865978934036,1.5217374854440062,1.51759776078782,1.5134467128038644,1.5092842480631465,1.5051102718447564,1.500924688110721,1.496727399480219,1.492518307203149,1.4882973111330202,1.4840643096991526,1.4798191998781587,1.4755618771646892,1.4712922355414164,1.4670101674482288,1.4627155637506182,1.4584083137072261,1.4540883049365267,1.449755423382614,1.4454095532800688,1.441050577117871,1.4366783756023258,1.4322928276189728,1.427893810193441,1.4234811984512172,1.4190548655762854,1.4146146827686048,1.4101605192003819,1.4056922419710947,1.4012097160612278,1.3967128042846713,1.3922013672397358,1.3876752632587337,1.383134348356079,1.3785784761748454,1.3740074979317332,1.3694212623603814,1.364819615652969,1.3602024014000371,1.3555694605284676,1.3509206312375504,1.346255748933065,1.341574646159302,1.3368771525289431,1.3321630946507204,1.3274322960547684,1.3226845771155773,1.3179197549724526,1.3131376434473867,1.3083380529602378,1.3035207904411081,1.298685659239813,1.293832459032323,1.28896098572406,1.2840710313499217,1.2791623839709074,1.2742348275672137,1.2692881419276651,1.2643221025353475,1.259336480449317,1.254331042182259,1.249305549573993,1.2442597596607556,1.2391934245402323,1.2341062912324232,1.2289981015365705,1.2238685918846837,1.2187174931927183,1.213544530711468,1.208349423881212,1.2031318861982754,1.1978916251108465,1.1926283419835995,1.1873417322301774,1.1820314858950363,1.1766972896374082,1.1713388343023543,1.1659558568984454,1.160548887458066,1.162465856494742,1.1684712095680139,1.1744462552954724,1.1803911262274749,1.186306230965449,1.1921919995303552,1.1980488591307497,1.2038772292462598,1.2096775203664125,1.2154501337199572,1.2211954613338663,1.2269138862158278,1.2326057825849537,1.2382715161199476,1.2439114442110966,1.2495259162097114,1.2551152736719455,1.2606798505955354,1.2662199736488238,1.271735962391854,1.2772281294895622,1.282696780917217,1.2881422161583302,1.293564728395293,1.2989646046930048,1.3043421261757797,1.3096975681977965,1.3150312005073639,1.3203432874052619,1.3256340878974069,1.3309038558420827,1.3361528400919656,1.3413812846311655,1.346589428707489,1.3517775069601292,1.3569457495429673,1.3620943822436713,1.3672236265987643,1.3723337000048241,1.3774248158259763,1.3824971834978257,1.3875510086279705,1.3925864930932383,1.397603835133766,1.4026032294440571,1.407584867261126,1.4125489364498471,1.4174956215856143,1.4224251040344142,1.4273375620304112,1.4322331707511362,1.4371121023903743,1.44197452622883,1.4468206087026558,1.451650513469924,1.4564644014751134,1.4612624310116828,1.4660447577828057,1.4708115349603235,1.4755629132419867,1.4802990409070438,1.4850200638702322,1.489726125734232,1.4944173678406296,1.4990939293194503,1.503755947137301,1.5084035561441766,1.5130368891189703,1.5176560768137344,1.5222612479967315,1.5268525294943196,1.5314300462317039,1.5359939212725977,1.540544275857825,1.5450812294428995,1.5496048997346152,1.5541154027266766,1.5586128527344014,1.5630973624285254,1.5675690428681348,1.572028003532759,1.5764743523536433,1.580908195744231,1.5853296386298792,1.589738784476829,1.5941357353204557,1.5985205917928202,1.60289345314954,1.607254417296005,1.6116035808129527,1.6159410389814235,1.6202668858071185,1.624581214044168,1.6288841152183382,1.633175679649685,1.637455996474675,1.6417251536677855,1.6459832380626014,1.6502303353724237,1.6544665302103982,1.658691906109186,1.6629065455401797,1.6671105299322861,1.671303939690281
2018-09-22,0.6733374384882661,0.6732013055872123,0.6730660597575477,0.6729317042089861,0.672798242160245,0.6726656768390524,0.6725340114821622,0.6724032493353623,0.6722733936534824,0.6721444477004037,0.6720164147490751,0.6718892980815155,0.6717631009888263,0.6716378267712011,0.6715134787379353,0.6713900602074333,0.6712675745072211,0.6711460249739525,0.6710254149534179,0.6709057478005561,0.6707870268794595,0.6706692555633851,0.6705524372347602,0.670436575285196,0.6703216731154886,0.6702077341356332,0.6700947617648296,0.6699827594314891,0.6698717305732445,0.6697616786369572,0.6696526070787219,0.669544519363879,0.6694374189670177,0.6693313093719835,0.669226194071888,0.669122076569113,0.6690189603753204,0.6689168490114538,0.6688157460077473,0.6687156549037384,0.6686165792482611,0.6685185225994643,0.6684214885248115,0.6683254806010871,0.6682305024144016,0.6681365575602045,0.6680436496432762,0.6679517822777455,0.6678609590870918,0.6677711837041429,0.667682459771091,0.6675947909394914,0.6675081808702646,0.6674226332337062,0.6673381517094917,0.6672547399866746,0.6671724017636947,0.6670911407483847,0.6670109606579676,0.6669318652190642,0.6668538581676973,0.6667769432492919,0.6667011242186851,0.6666264048401176,0.6665527888872502,0.6664802801431565,0.6664088824003295,0.6663385994606862,0.6662694351355627,0.6662013932457276,0.6661344776213738,0.6660686921021267,0.6660040405370408,0.6659405267846071,0.6658781547127526,0.6658169281988393,0.6657568511296654,0.6656979274014745,0.6656401609199434,0.665583555600191,0.6655281153667816,0.6654738441537181,0.6654207459044434,0.665368824571848,0.6653180841182609,0.6652685285154534,0.6652201617446418,0.6651729877964796,0.6651270106710637,0.6650822343779315,0.6650386629360577,0.6649963003738578,0.6649551507291798,0.6649152180493121,0.6648765063909761,0.6648390198203223,0.6648027624129349,0.6647677382538274,0.6647339514374365,0.6647014060676254,0.6646701062576792,0.6646400561303003,0.6646112598176087,0.6645837214611376,0.6645574452118304,0.6645324352300372,0.6645086956855132,0.6644862307574126,0.664465044634287,0.6644451415140791,0.6644265256041207,0.66440920112113,0.664393172291203,0.6643784433498113,0.664365018541799,0.6643529021213759,0.664342098352112,0.6643326115069353,0.6643244458681229,0.6643176057272984,0.664312095385423,0.6643079191527973,0.6643050813490444,0.6643035863031123,0.6643034383532643,0.6643046418470739,0.6643072011414182,0.6643111206024689,0.6643164046056893,0.6643230575358233,0.6643310837868914,0.6643404877621845,0.6643512738742497,0.6643634465448898,0.664377010205154,0.6643919692953278,0.6644083282649258,0.664426091572684,0.6644452636865529,0.664465849083685,0.6644878522504302,0.6645112776823255,0.6645361298840845,0.6645624133695892,0.6645901326618846,0.6646192922931631,0.6646498968047571,0.6646819507471323,0.664715458679873,0.6647504251716772,0.6647868548003413,0.6648247521527538,0.6648641218248822,0.6649049684217664,0.6649472965575003,0.6649911108552318,0.6650364159471408,0.6650832164744351,0.6651315170873372,0.6651813224450719,0.6652326372158553,0.6652854660768863,0.6653398137143263,0.6653956848232983,0.6654530841078647,0.6655120162810224,0.6655724860646863,0.6656344981896778,0.6656980573957124,0.6657631684313869,0.6658298360541666,0.665898065030371,0.665967860135162,0.6660392261525321,0.6661121678752838,0.6661866901050275,0.6662627976521578,0.6663404953358433,0.6664197879840141,0.666500680433346,0.6665831775292459,0.666667284125838,0.6667530050859518,0.6668403452811024,0.6669293095914796,0.667019902905933,0.6671121301219567,0.6672059961456716,0.667301505891814,0.6673986642837201,0.6674974762533054,0.6675979467410574,0.6677000806960139,0.6678038830757497,0.6679093588463586,0.6680165129824414,0.6681253504670872,0.668235876291856,0.6683480954567671,0.6684620129702772,0.6685776338492675
2018-12-19,0.9757013411245014,0.9756822354286474,0.9756631295240936,0.9756440234116801,0.9756249170922542,0.9756058105666686,0.9755867038357823,0.9755675969004599,0.9755484897615732,0.9755293824199985,0.9755102748766203,0.9754911671323279,0.975472059188018,0.9754529510445931,0.9754338427029621,0.975414734164041,0.9753956254287519,0.9753765164980241,0.9753574073727928,0.9753382980540009,0.9753191885425968,0.9753000788395377,0.975280968945786,0.9752618588623118,0.9752427485900929,0.9752236381301128,0.9752045274833636,0.9751854166508438,0.9751663056335599,0.9751471944325248,0.9751280830487601,0.975108971483294,0.9750898597371627,0.9750707478114099,0.9750516357070873,0.9750325234252543,0.9750134109669778,0.9749942983333333,0.9749751855254036,0.9749560725442806,0.9749369593910632,0.9749178460668597,0.9748987325727856,0.9748796189099658,0.9748605050795328,0.9748413910826284,0.9748222769204029,0.9748031625940147,0.9747840481046318,0.9747649334534304,0.9747458186415965,0.9747267036703241,0.9747075885408172,0.9746884732542886,0.9746693578119608,0.9746502422150648,0.9746311264648421,0.9746120105625433,0.9745928945094288,0.9745737783067685,0.9745546619558423,0.9745355454579404,0.9745164288143623,0.9744973120264184,0.9744781950954284,0.9744590780227237,0.9744399608096448,0.9744208434575432,0.9744017259677816,0.9743826083417322,0.9743634905807794,0.9743443726863177,0.9743252546597528,0.9743061365025016,0.9742870182159925,0.9742678998016648,0.9742487812609698,0.9742296625953702,0.9742105438063401,0.9741914248953658,0.9741723058639458,0.9741531867135901,0.974134067445821,0.9741149480621736,0.9740958285641946,0.9740767089534443,0.9740575892314948,0.9740384693999313,0.9740193494603522,0.9740002294143686,0.9739811092636053,0.9739619890096994,0.973942868654303,0.9739237481990803,0.9739046276457105,0.9738855069958858,0.9738663862513128,0.9738472654137121,0.9738281444848191,0.9738090234663834,0.9737899023601685,0.9737707811679541,0.9737516598915332,0.9737325385327156,0.9737134170933247,0.9736942955752007,0.9736751739801982,0.9736560523101884,0.9736369305670574,0.9736178087527086,0.9735986868690607,0.973579564918049,0.9735604429016256,0.9735413208217587,0.9735221986804344,0.9735030764796552,0.973483954221441,0.973464831907829,0.9734457095408745,0.9734265871226504,0.9734074646552474,0.973388342140775,0.9733692195813602,0.9733500969791501,0.9733309743363088,0.9733118516550208,0.9732927289374893,0.9732736061859371,0.9732544834026063,0.9732353605897597,0.9732162377496788,0.9731971148846672,0.9731779919970477,0.9731588690891642,0.9731397461633817,0.9731206232220864,0.9731015002676863,0.9730823773026102,0.9730632543293098,0.9730441313502585,0.9730250083679521,0.9730058853849098,0.9729867624036724,0.9729676394268058,0.9729485164568974,0.9729293934965597,0.9729102705484284,0.9728911476151645,0.9728720246994521,0.9728529018040015,0.9728337789315477,0.9728146560848506,0.9727955332666967,0.9727764104798977,0.9727572877272924,0.9727381650117453,0.9727190423361489,0.9726999197034218,0.9726807971165116,0.9726616745783919,0.9726425520920666,0.9726234296605665,0.9726043072869522,0.9725851849743131,0.9725660627257684,0.9725469405444677,0.9725278184335894,0.9725086963963443,0.972489574435973,0.9724704525557484,0.9724513307589742,0.9724322090489872,0.9724130874291562,0.9723939659028829,0.972374844473603,0.9723557231447848,0.9723366019199322,0.9723174808025822,0.9722983597963079,0.9722792389047172,0.9722601181314545,0.9722409974801999,0.9722218769546705,0.972202756558621,0.9721836362958431,0.9721645161701673,0.972145396185462,0.9721262763456358,0.9721071566546359,0.9720880371164501,0.9720689177351068,0.9720497985146755,0.9720306794592677,0.9720115605730364,0.9719924418601779,0.9719733233249315,0.9719542049715808,0.9719350868044532,0.9719159688279214,0.9718968510464038,0.9718777334643647
2018-12-25,1.4869420904059871,1.4815701530181251,1.4761869485274062,1.4707926228471266,1.4653873347087905,1.4599712564150233,1.454544574634696,1.4491074912424085,1.4436602242045504,1.4382030085142192,1.4327360971773218,1.4272597622522265,1.4217742959453725,1.416280011765231,1.4107772457370344,1.405266357680628,1.3997477325537662,1.3942217818630591,1.388688945144656,1.383149691516566,1.3776045213042853,1.3720539677411037,1.366498598744087,1.3609390187662942,1.3553758707252264,1.349809838006855,1.344241646543805,1.3386720669653427,1.3331019168157594,1.3275320628364977,1.3219634233059376,1.316396970429126,1.31083373276787,1.3052747976995065,1.299721313890292,1.2941744937667208,1.2886356159651355,1.2831060277367892,1.2775871472819798,1.2720804659830878,1.266587550502265,1.261110044705208,1.2556496713679464,1.2502082336189388,1.244787616064086,1.2393897855376677,1.2340167914177917,1.2286707654409232,1.2233539209465816,1.2180685514806402,1.2128170286840525,1.207601799393565,1.2024253818823705,1.1972903611720167,1.1921993833525228,1.187155148855896,1.182160404639303,1.17721793524828,1.1723305527476242,1.1675010855280334,1.1627323660199689,1.1580272173723143,1.1533884391816644,1.1488187923878097,1.1443209834812902,1.1398976481986762,1.1355513349092854,1.1312844879220225,1.1270994309615943,1.1229983510781723,1.1189832832625182,1.1150560960386797,1.1112184782980266,1.1074719276213514,1.103817740310257,1.100257003315707,1.0967905882115423,1.0934191473154369,1.0901431120109546,1.0869626932740564,1.0838778843576349,1.0808884655404134,1.0779940108036277,1.0751938962618501,1.072487310144248,1.0698732641002526,1.0673506055893405,1.0649180311083197,1.062574100010699,1.0603172486806252,1.0581458048375503,1.0560580017660708,1.0540519922871205,1.0521258623106977,1.0502776438354764,1.0485053272860105,1.0468068731029354,1.0451802225249442,1.0436233075228367,1.0421340598652753,1.0407104193128092,1.0393503409511649,1.038051801686782,1.0368128059371833,1.0356313905561778,1.0345056290393113,1.0334336350586177,1.032413565377838,1.0314436222000705,1.0305220549995682,1.0296471618882492,1.0288172905657003,1.0280308388991353,1.0272862551771114,1.0265820380779007,1.0259167363903896,1.0252889485223087,1.02469732182754,1.0241405517812818,1.023617381028994,1.0231265983323312,1.0226670374327265,1.0222375758509126,1.021837133638473,1.0214646720955092,1.0211191924666627,1.020799734626086,1.0205053757604363,1.0202352290576384,1.0199884424079522,1.0197641971228137,1.0195617066759814,1.0193802154706737,1.0192189976356711,1.019077355852702,1.0189546202168882,1.0188501471315423,1.0187633182381943,1.0186935393823764,1.018640239615386,1.0186028702319994,1.0185809038438889,1.0185738334883232,1.0185811717715787,1.0186024500463717,1.0186372176225331,1.018685041010056,1.0187455031936077,1.0188182029375414,1.0189027541204232,1.0189987850980637,1.019105938094045,1.0192238686167234,1.0193522449016998,1.0194907473787609,1.0196390681623086,1.0197969105643145,1.0199639886288605,1.020140026687351,1.020324758933505,1.0205179290172715,1.0207192896568316,1.020928602267887,1.0211456366094587,1.0213701704454534,1.02160198922128,1.0218408857548302,1.0220866599411678,1.0223391184702888,1.0225980745573597,1.022863347684845,1.0231347633559817,1.0234121528590694,1.0236953530420732,1.0239842060970616,1.0242785593540198,1.0245782650836017,1.0248831803084069,1.0251931666223832,1.02550809001798,1.0258278207206912,1.0261522330306432,1.0264812051709078,1.0268146191422232,1.027152360583829,1.02749431864014,1.027840385832978,1.028190457939124,1.0285444338729308,1.0289022155737793,1.0292637078981492,1.0296288185161013,1.0299974578119666,1.0303695387890606,1.030744976978234,1.0311236903500929,1.0315055992307252,1.0318906262207772,1.0322786961177288,1.0326697358412327,1.0330636743613766
2019-03-20,0.6237056345034845,0.6234306888709131,0.6231556309333599,0.6228804605898663,0.6226051777395699,0.6223297822817132,0.6220542741156487,0.6217786531408308,0.6215029192568353,0.6212270723633398,0.6209511123601545,0.6206750391472025,0.6203988526245394,0.6201225526923454,0.6198461392509304,0.6195696122007451,0.6192929714423792,0.61901621687656,0.618739348404168,0.6184623659262248,0.6181852693439159,0.6179080585585793,0.6176307334717146,0.6173532939849827,0.6170757400002254,0.6167980714194434,0.6165202881448247,0.6162423900787328,0.6159643771237243,0.6156862491825323,0.615408006158094,0.6151296479535431,0.6148511744722125,0.614572585617646,0.6142938812935953,0.6140150614040292,0.6137361258531361,0.6134570745453357,0.6131779073852686,0.6128986242778095,0.6126192251280825,0.61233970984145,0.612060078323521,0.6117803304801602,0.6115004662174996,0.6112204854419221,0.6109403880600951,0.6106601739789491,0.6103798431057057,0.6100993953478616,0.6098188306132107,0.6095381488098431,0.6092573498461552,0.6089764336308514,0.6086954000729442,0.6084142490817714,0.6081329805669998,0.6078515944386229,0.6075700906069775,0.6072884689827404,0.6070067294769409,0.6067248720009718,0.6064428964665861,0.6061608027859035,0.6058785908714251,0.6055962606360403,0.6053138119930183,0.6050312448560371,0.604748559139179,0.6044657547569285,0.604182831624198,0.6038997896563262,0.6036166287690842,0.6033333488786855,0.6030499499017918,0.6027664317555254,0.6024827943574729,0.6021990376256888,0.6019151614787144,0.6016311658355797,0.6013470506158093,0.6010628157394331,0.600778461127005,0.60049398669959,0.6002093923787902,0.5999246780867553,0.5996398437461712,0.599354889280293,0.5990698146129438,0.5987846196685234,0.5984993043720157,0.5982138686490018,0.5979283124256746,0.5976426356288405,0.5973568381859321,0.5970709200250214,0.5967848810748285,0.5964987212647302,0.5962124405247688,0.5959260387856714,0.595639515978851,0.5953528720364281,0.5950661068912264,0.5947792204768065,0.5944922127274551,0.59420508357821,0.5939178329648708,0.593630460824005,0.5933429670929686,0.5930553517099125,0.5927676146137875,0.592479755744383,0.5921917750423097,0.5919036724490381,0.5916154479068892,0.5913271013590651,0.5910386327496567,0.5907500420236607,0.5904613291269808,0.5901724940064653,0.5898835366098968,0.5895944568860243,0.5893052547845729,0.5890159302562616,0.5887264832528052,0.5884369137269568,0.5881472216324933,0.5878574069242554,0.5875674695581496,0.5872774094911722,0.5869872266814219,0.5866969210881152,0.5864064926716176,0.5861159413934436,0.5858252672162825,0.5855344701040187,0.5852435500217438,0.5849525069357846,0.5846613408137072,0.5843700516243603,0.5840786393378661,0.5837871039256566,0.5834954453604964,0.5832036636164949,0.5829117586691328,0.5826197304952775,0.5823275790732125,0.582035304382641,0.5817429064047418,0.5814503851221531,0.5811577405190221,0.5808649725810152,0.5805720812953482,0.58027906665081,0.5799859286377761,0.5796926672482475,0.5793992824758692,0.5791057743159524,0.5788121427655047,0.5785183878232554,0.5782245094896828,0.5779305077670344,0.5776363826593678,0.5773421341725606,0.5770477623143574,0.5767532670943841,0.5764586485241823,0.5761639066172419,0.5758690413890213,0.5755740528569905,0.5752789410406569,0.5749837059615933,0.5746883476434722,0.5743928661120966,0.5740972613954384,0.5738015335236656,0.5735056825291843,0.5732097084466632,0.5729136113130726,0.5726173911677274,0.5723210480523109,0.5720245820109225,0.5717279930901088,0.5714312813389012,0.5711344468088608,0.5708374895541146,0.5705404096313891,0.5702432071000643,0.5699458820222011,0.5696484344625912,0.5693508644888012,0.5690531721712097,0.5687553575830546,0.5684574208004806,0.5681593619025789,0.5678611809714403,0.5675628780921971,0.5672644533530729,0.5669659068454301,0.5666672386638237,0.5663684489060425
2019-09-24,0.9001075311997431,0.9006279386909226,0.901148304773302,0.9016686299563665,0.9021889147493886,0.9027091596614403,0.903229365201392,0.9037495318779062,0.9042696601994658,0.9047897506743502,0.9053098038106603,0.9058298201163075,0.9063498000990199,0.9068697442663548,0.9073896531256935,0.9079095271842451,0.908429366949053,0.9089491729270007,0.909468945624799,0.9099886855490176,0.9105083932060601,0.9110280691021908,0.9115477137435203,0.9120673276360208,0.9125869112855154,0.9131064651977011,0.9136259898781359,0.9141454858322524,0.9146649535653539,0.9151843935826226,0.9157038063891149,0.9162231924897787,0.9167425523894455,0.9172618865928337,0.9177811956045664,0.9183004799291512,0.9188197400710016,0.9193389765344364,0.9198581898236751,0.920377380442855,0.9208965488960263,0.9214156956871434,0.9219348213201,0.9224539262987002,0.9229730111266766,0.9234920763076963,0.9240111223453576,0.9245301497431941,0.9250491590046771,0.9255681506332275,0.926087125132205,0.9266060830049245,0.9271250247546574,0.9276439508846138,0.9281628618979805,0.9286817582979032,0.9292006405874905,0.9297195092698246,0.9302383648479476,0.93075720782489,0.9312760387036568,0.9317948579872384,0.9323136661786028,0.9328324637807149,0.9333512512965234,0.9338700292289764,0.9343887980810174,0.9349075583555922,0.9354263105556561,0.935945055184164,0.9364637927440859,0.9369825237384026,0.9375012486701159,0.9380199680422465,0.9385386823578388,0.9390573921199674,0.9395760978317277,0.9400947999962537,0.9406134991167188,0.9411321956963304,0.9416508902383431,0.9421695832460533,0.9426882752228045,0.9432069666720015,0.9437256580970986,0.9442443500016028,0.9447630428890949,0.9452817372632113,0.9458004336276593,0.946319132486217,0.9468378343427342,0.9473565397011445,0.9478752490654577,0.9483939629397651,0.9489126818282497,0.9494314062351783,0.9499501366649176,0.950468873621928,0.9509876176107639,0.9515063691360924,0.9520251287026792,0.9525438968153964,0.9530626739792393,0.9535814606993028,0.9541002574808102,0.9546190648291031,0.9551378832496555,0.9556567132480513,0.956175555330017,0.9566944100014181,0.9572132777682423,0.9577321591366272,0.9582510546128562,0.9587699647033472,0.9592888899146802,0.959807830753577,0.96032678772692,0.9608457613417543,0.9613647521052795,0.9618837605248648,0.9624027871080467,0.9629218323625327,0.9634408967962017,0.9639599809171169,0.9644790852335134,0.9649982102538185,0.9655173564866382,0.9660365244407741,0.9665557146252255,0.9670749275491691,0.9675941637220076,0.9681134236533202,0.9686327078529081,0.9691520168307773,0.9696713510971424,0.9701907111624387,0.9707100975373115,0.971229510732634,0.9717489512595007,0.9722684196292338,0.9727879163533857,0.9733074419437425,0.9738269969123309,0.9743465817714085,0.9748661970334842,0.9753858432113112,0.9759055208178865,0.9764252303664672,0.9769449723705625,0.9774647473439358,0.977984555800622,0.9785043982549114,0.9790242752213681,0.9795441872148233,0.9800641347503865,0.9805841183434396,0.9811041385096531,0.9816241957649701,0.9821442906256288,0.9826644236081573,0.9831845952293694,0.9837048060063831,0.984225056456615,0.9847453470977771,0.9852656784478939,0.9857860510252968,0.9863064653486291,0.9868269219368476,0.9873474213092329,0.9878679639853778,0.9883885504852064,0.9889091813289714,0.989429857037249,0.9899505781309593,0.9904713451313517,0.9909921585600187,0.9915130189388989,0.9920339267902724,0.9925548826367737,0.9930758870013883,0.9935969404074574,0.9941180433786843,0.9946391964391333,0.9951604001132315,0.9956816549257788,0.9962029614019494,0.9967243200672861,0.9972457314477147,0.9977671960695446,0.9982887144594625,0.9988102871445524,0.999331914652285,0.9998535975105247,1.0003753362475343,1.0008971313919823,1.0014189834729323,1.0019408930198657,1.0024628605626653,1.002984886631633,1.0035069717574887,1.0040291164713666
2022-03-21,0.8410209841815969,0.8409231348911665,0.8408252803984578,0.8407274207123981,0.8406295558419509,0.8405316857960997,0.8404338105838643,0.8403359302142902,0.8402380446964505,0.8401401540394532,0.8400422582524312,0.839944357344549,0.8398464513249992,0.8397485402030063,0.8396506239878222,0.8395527026887304,0.839454776315045,0.8393568448761087,0.839258908381295,0.8391609668400085,0.8390630202616817,0.838965068655782,0.838867112031802,0.8387691503992705,0.8386711837677417,0.8385732121468052,0.8384752355460803,0.8383772539752153,0.8382792674438924,0.8381812759618231,0.8380832795387516,0.8379852781844542,0.8378872719087357,0.8377892607214364,0.8376912446324241,0.8375932236516043,0.8374951977889084,0.8373971670543028,0.8372991314577876,0.8372010910093909,0.837103045719178,0.8370049955972427,0.8369069406537151,0.8368088808987542,0.8367108163425532,0.8366127469953393,0.8365146728673708,0.8364165939689429,0.8363185103103788,0.8362204219020382,0.8361223287543132,0.8360242308776294,0.8359261282824479,0.8358280209792596,0.8357299089785942,0.8356317922910115,0.8355336709271056,0.8354355448975076,0.8353374142128785,0.8352392788839188,0.8351411389213599,0.8350429943359661,0.8349448451385436,0.8348466913399258,0.8347485329509855,0.834650369982627,0.8345522024457935,0.8344540303514617,0.834355853710643,0.834257672534386,0.8341594868337721,0.8340612966199222,0.8339631019039884,0.8338649026971647,0.8337666990106759,0.8336684908557843,0.8335702782437903,0.8334720611860271,0.8333738396938692,0.8332756137787247,0.8331773834520376,0.8330791487252918,0.8329809096100048,0.8328826661177342,0.8327844182600728,0.832686166048651,0.8325879094951378,0.8324896486112393,0.8323913834086989,0.8322931138992962,0.8321948400948521,0.832096562007224,0.8319982796483059,0.8318999930300331,0.831801702164378,0.8317034070633498,0.8316051077389989,0.8315068042034134,0.8314084964687191,0.8313101845470846,0.8312118684507134,0.8311135481918498,0.8310152237827803,0.830916895235826,0.8308185625633511,0.830720225777759,0.8306218848914909,0.8305235399170322,0.8304251908669064,0.8303268377536746,0.8302284805899415,0.8301301193883532,0.8300317541615944,0.8299333849223909,0.8298350116835096,0.8297366344577605,0.8296382532579908,0.8295398680970916,0.8294414789879976,0.8293430859436811,0.8292446889771588,0.8291462881014865,0.8290478833297668,0.8289494746751399,0.8288510621507914,0.828752645769946,0.8286542255458768,0.8285558014918927,0.8284573736213496,0.8283589419476463,0.8282605064842238,0.8281620672445665,0.8280636242422034,0.8279651774907043,0.8278667270036858,0.8277682727948074,0.8276698148777718,0.8275713532663264,0.8274728879742643,0.8273744190154195,0.8272759464036745,0.8271774701529543,0.8270789902772299,0.8269805067905167,0.8268820197068754,0.8267835290404112,0.8266850348052769,0.8265865370156689,0.8264880356858311,0.8263895308300521,0.8262910224626667,0.8261925105980564,0.8260939952506489,0.8259954764349187,0.8258969541653863,0.8257984284566207,0.8256998993232356,0.8256013667798933,0.8255028308413032,0.8254042915222223,0.8253057488374554,0.8252072028018556,0.8251086534303215,0.8250101007378022,0.8249115447392947,0.8248129854498436,0.8247144228845438,0.8246158570585375,0.8245172879870152,0.8244187156852176,0.8243201401684359,0.8242215614520081,0.8241229795513241,0.8240243944818211,0.8239258062589884,0.8238272148983644,0.8237286204155386,0.8236300228261498,0.8235314221458881,0.8234328183904933,0.8233342115757579,0.8232356017175242,0.8231369888316863,0.8230383729341896,0.8229397540410319,0.82284113216826,0.8227425073319762,0.8226438795483326,0.8225452488335354,0.8224466152038418,0.8223479786755629,0.8222493392650602,0.8221506969887513,0.8220520518631056,0.8219534039046454,0.8218547531299478,0.8217560995556433,0.8216574431984154,0.8215587840750018,0.821460122202196,0.821361457596844
2022-11-07,1.2151183729699502,1.209784184740593,1.2044263846987784,1.199044656706196,1.1936386775129024,1.188208116531595,1.1827526356026017,1.1772718887491254,1.1717655219222352,1.1662331727350834,1.1606744701857845,1.1550890343683617,1.1494764761711285,1.1438363969618333,1.1381683882588518,1.132472031387666,1.1267468971218189,1.1209925453074858,1.115208524470734,1.109394371406496,1.1035496107482052,1.0976737545169755,1.091766301649126,1.0858267375007753,1.0798545333281333,1.0738491457420232,1.0678100161350652,1.061736570079834,1.0556282166961826,1.0494843479857883,1.0433043381318376,1.0370875427615993,1.030833298169474,1.0245409204979128,1.0182097048734045,1.011838924494498,1.0054278296685977,0.9989756467939928,0.9924815772833094,0.9859447964242436,0.9793644521731022,0.9727396638762943,0.9660695209145054,0.9593530812638337,0.9525893699676691,0.945777377512553,0.93891605810065,0.9320043278108127,0.9250410626394835,0.9180250964118865,0.9109552185530775,0.9038301717074526,0.8966486491942453,0.8894092922853689,0.8821106872906632,0.874751362434179,0.8673297845035689,0.8598443552529372,0.8522934075376124,0.8446752011572605,0.8369879183815224,0.8292296591299498,0.8213984357754263,0.8134921675375271,0.8055086744294111,0.7974456707189258,0.7893007578617399,0.7810714168616625,0.7727550000111104,0.7643487219633233,0.7558496500879694,0.7472546940641007,0.7385605946702535,0.7297639117428271,0.7208610112935573,0.7118480518093947,0.7027209698101279,0.69347546482109,0.6841069840465824,0.674610707230032,0.6649815325009024,0.6552140645038254,0.6453026068953865,0.635241162570923,0.6250234470831293,0.6146429242372331,0.6040928789034652,0.593366552795341,0.5824573885265787,0.571359464393766,0.5600682760044062,0.5485821747472605,0.5369051142937261,0.5250521669461271,0.513061354314775,0.5010211485527251,0.489140290057995,0.4779347637153206,0.4686407559495994,0.46316398097921296,0.4617635325029259,0.4627238635142501,0.4647551555942251,0.46728569680602405,0.47006973467488244,0.47299173824888363,0.47599195157997315,0.47903689286070056,0.48210656527665813,0.48518840718727907,0.4882742060428952,0.4913584207629474,0.49443721960323644,0.4975079027596037,0.5005685421735064,0.503617749209295,0.506654520402709,0.5096781324166424,0.5126880688932214,0.5156839685013341,0.5186655873843369,0.5216327715875246,0.5245854365267757,0.5275235515061537,0.5304471279095615,0.5333562101020204,0.5362508683539403,0.5391311932927951,0.5419972915199793,0.5448492821249993,0.5476872938967976,0.5505114630810609,0.5533219315683382,0.5561188454244382,0.5589023536945079,0.5616726074272297,0.5644297588770262,0.5671739608509344,0.569905366173604,0.5726241272491458,0.5753303957027033,0.5780243220878706,0.5807060556486766,0.5833757441269073,0.5860335336071996,0.5886795683936675,0.5913139909129018,0.5939369416390586,0.5965485590374733,0.5991489795238184,0.6017383374363118,0.6043167650188774,0.6068843924134958,0.6094413476602539,0.6119877567038368,0.6145237434053921,0.6170494295588652,0.6195649349110347,0.6220703771845939,0.6245658721037223,0.6270515334216702,0.6295274729499549,0.6319938005888194,0.6344506243586606,0.6368980504321775,0.6393361831670202,0.641765125138763,0.6441849771740416,0.6465958383837258,0.6489978061960142,0.6513909763893567,0.6537754431251266,0.6561512989799745,0.6585186349778086,0.6608775406213564,0.6632281039232696,0.6655704114367414,0.6679045482856131,0.670230598193949,0.6725486435150675,0.6748587652600158,0.6771610431254832,0.679455555521146,0.6817423795964456,0.6840215912667973,0.686293265239234,0.6885574750374874,0.6908142930265129,0.6930637904364624,0.6953060373861156,0.6975411029057733,0.6997690549596244,0.7019899604675949,0.7042038853266874,0.7064108944318215,0.7086110516961849,0.7108044200711057,0.7129910615654552,0.7151710372645927,0.7173444073488613,0.7195112311116457
2022-11-17,2.1810324777494468,2.1665128359655434,2.151925317933938,2.1372694893538546,2.12254493391002,2.107751255264894,2.0928880791988727,2.0779550559079314,2.0629518624685765,2.047878205480431,2.0327338238971824,2.0175184920570204,2.0022320229240607,1.9868742715525731,1.971445138786096,1.9559445752037372,1.9403725853260676,1.924729232093047,1.9090146416262976,1.8932290082878076,1.877372600046711,1.8614457641651523,1.845448933213392,1.8293826314231496,1.8132474813867214,1.7970442111076028,1.780773661406102,1.7644367936807583,1.7480346980231876,1.7315686016802145,1.7150398778527915,1.6984500548161552,1.6818008253399184,1.665094056380263,1.6483317990090807,1.6315162985367415,1.61465000477618,1.5977355823861532,1.5807759212208927,1.5637741466019934,1.5467336294163683,1.529657995931551,1.5125511372067932,1.4954172179654208,1.4782606847811932,1.4610862734191723,1.4438990151603828,1.4267042419297105,1.4095075900386214,1.3923150023489248,1.3751327286615793,1.3579673241360233,1.3408256455513632,1.323714845231475,1.3066423624722032,1.289615912330736,1.2726434716651387,1.255733262345956,1.2388937316015955,1.2221335295043982,1.2054614836541977,1.1888865711697179,1.1724178881541134,1.1560646168577209,1.1398359908169404,1.1237412583011885,1.1077896444480786,1.0919903125084807,1.0763523246560505,1.0608846028386718,1.045595890160768,1.0304947132848203,1.0155893463273455,1.0008877766992454,0.9863976733035255,0.9721263574561438,0.9580807768397781,0.9442674827376084,0.930692610727011,0.9173618649436681,0.9042805059573819,0.8914533422340324,0.8788847250956379,0.866578547034067,0.8545382431849302,0.8427667957274982,0.8312667409446741,0.8200401786542668,0.8090887837088507,0.7984138192558682,0.7880161514516072,0.7778962653313224,0.7680542815520792,0.7584899737437365,0.7492027862258229,0.7401918518727887,0.7314560099362925,0.7229938236599173,0.7148035975482315,0.7068833941777845,0.6992310504619399,0.6918441933039912,0.6847202545934961,0.6778564855190377,0.6712499701865327,0.6648976385458214,0.6587962786395232,0.6529425481972375,0.6473329856051534,0.6419640202862191,0.6368319825293668,0.6319331128081167,0.6272635706293404,0.6228194429523229,0.6185967522166439,0.6145914640150413,0.6107994944444886,0.6072167171653468,0.6038389701948453,0.6006620624573776,0.5976817801103425,0.5948938926605597,0.592294158882806,0.5898783325487188,0.5876421679713734,0.5855814253681831,0.5836918760425157,0.5819693073825175,0.5804095276741273,0.5790083707241194,0.5777617002882439,0.576665414299071,0.5757154488880298,0.5749077821962661,0.5742384379693278,0.5737034889312855,0.5732990599346564,0.5730213308833969,0.5728665394272275,0.5728309834266155,0.5729110231888317,0.5731030834766198,0.573403655292082,0.5738092974394527,0.5743166378714148,0.574922374824537,0.5756232777502575,0.5764161880485781,0.5772980196122968,0.5782657591901572,0.5793164665777536,0.5804472746453774,0.5816553892122782,0.582938088776952,0.5842927241131886,0.5857167177415951,0.5872075632862656,0.5887628247261165,0.5903801355502571,0.5920571978264774,0.5937917811917054,0.5955817217729309,0.5974249210467756,0.5993193446454902,0.6012630211168085,0.6032540406446528,0.6052905537373091,0.6073707698892538,0.6094929562224344,0.611655436112378,0.6138565878041086,0.6160948430224858,0.6183686855811681,0.6206766499940751,0.6230173200928456,0.6253893276534745,0.6277913510349906,0.6302221138327235,0.6326803835484477,0.6351649702794113,0.6376747254280011,0.6402085404335861,0.6427653455278359,0.6453441085146405,0.6479438335755424,0.6505635601014492,0.6532023615512159,0.6558593443375577,0.6585336467406158,0.6612244378493894,0.6639309165311266,0.666652310428679,0.6693878749857465,0.6721368924998392,0.6748986712027408,0.6776725443681727,0.6804578694463305,0.6832540272248908,0.6860604210160768,0.6888764758692986,0.6917016378089003
2022-11-18,2.2360830430114444,2.220192754795943,2.20424412943726,2.188237409317542,2.172172882187021,2.1560508837668384,2.1398718004556563,2.1236360721404206,2.107344195111099,2.090996725078631,2.07459428029461,2.0581375447704797,2.0416272715931387,2.025064286332902,2.0084494905387205,1.991783865314379,1.9750684749681633,1.9583044707270678,1.9414930945051774,1.9246356827142364,1.9077336701027288,1.8907885936080049,1.873802096204077,1.856775930725752,1.8397119636477093,1.8226121787950353,1.8054786809595915,1.7883136993944606,1.7711195911565725,1.753898844265582,1.7366540806450597,1.7193880588102513,1.702103676264995,1.6848039715689749,1.6674921260353603,1.6501714650181094,1.632845458747839,1.6155177226752673,1.5981920172818656,1.580872247318561,1.5635624604351852,1.5462668451658972,1.5289897282390637,1.5117355711840648,1.4945089662122686,1.4773146313549075,1.4601574048468422,1.4430422387521267,1.4259741918348479,1.4089584216868147,1.3920001761322203,1.3751047839382518,1.3582776448696376,1.3415242191341556,1.3248500162749608,1.3082605835740868,1.2917614940394093,1.275358334054542,1.25905669077742,1.242862139378483,1.226780230213307,1.2108164760270832,1.194976339289428,1.1792652197575622,1.1636884423638996,1.1482512455205336,1.1329587699280754,1.1178160479698653,1.1028279937648584,1.087999393943665,1.0733348992024576,1.0588390166789727,1.0445161031838264,1.0303703593090827,1.0164058244246763,1.002626372562099,0.9890357091739602,0.9756373687477768,0.9624347132428235,0.9494309313102248,0.9366290382487943,0.92403187664254,0.9116421176202719,0.8994622626734516,0.887494645965263,0.8757414370618939,0.8642046440161095,0.8528861167333632,0.8417875505517987,0.8309104899695514,0.8202563324555665,0.8098263322837179,0.7996216043341776,0.7896431278106892,0.7798917498275256,0.7703681888253944,0.7610730377812941,0.752006767183239,0.7431697277468003,0.7345621528564595,0.7261841607208205,0.7180357562366315,0.7101168325623879,0.7024271724078479,0.6949664490511218,0.6877342271000347,0.6807299630191068,0.6739530054477839,0.6674025953393703,0.6610778659534735,0.6549778427375823,0.6491014431356816,0.6434474763634968,0.6380146431910315,0.6328015357735124,0.6278066375716894,0.6230283234015811,0.6184648596523373,0.6141144047087962,0.6099750096126664,0.6060446189930754,0.6023210722935203,0.5988021053181376,0.5954853521157063,0.5923683472150271,0.5894485282203333,0.5867232387702856,0.5841897318589868,0.5818451735124027,0.5796866468086741,0.5777111562261651,0.5759156322987515,0.5742969365539435,0.5728518667059437,0.5715771620727691,0.5704695091841444,0.5695255475449931,0.5687418755180802,0.5681150562886125,0.5676416238734832,0.5673180891381785,0.5671409457852853,0.5671066762798246,0.5672117576784053,0.5674526673312641,0.5678258884286344,0.5683279153655058,0.5689552589016268,0.5697044510964752,0.5705720500019248,0.5715546440982688,0.5726488564622048,0.5738513486582387,0.5751588243477057,0.5765680326121727,0.5780757709904241,0.57967888823048,0.5813742867600644,0.5831589248808345,0.585029818693232,0.5869840437602285,0.5890187365194234,0.5911310954539218,0.5933183820332173,0.5955779214359053,0.5979071030664923,0.6003033808788512,0.602764273518999,0.605287364299936,0.607870301021119,0.610510795645021,0.6132066238429129,0.6159556244216593,0.6187556986429504,0.6216048094458879,0.6245009805834115,0.6274422956825055,0.6304268972375918,0.6334529855460009,0.6365188175938409,0.6396227059000387,0.6427630173258011,0.645938171856215,0.6491466413601725,0.6523869483343304,0.6556576646363153,0.6589574102119476,0.6622848518207957,0.6656387017639794,0.6690177166177314,0.6724206959758766,0.6758464812040219,0.6792939542079482,0.6827620362183804,0.6862496865940355,0.6897559016445997,0.6932797134750445,0.696820188852462,0.7003764280964171,0.7039475639936196,0.7075327607375633
2022-11-19,2.1145513798581623,2.101408257381616,2.0881993086107067,2.0749238197192397,2.061581074079157,2.048170352965942,2.0346909363399153,2.0211421037099124,2.0075231350863687,1.9938333120313703,1.9800719188138247,1.9662382436785129,1.9523315802384567,1.9383512290007363,1.9242964990366194,1.9101667098076591,1.8959611931602245,1.8816792955017851,1.8673203801731635,1.8528838300318777,1.838369050262657,1.8237754714321543,1.8091025528058637,1.7943497859462119,1.7795166986117337,1.764602858978172,1.7496078802031627,1.7345314253569772,1.7193732127424,1.704133021627353,1.6888106984141538,1.6734061632693469,1.6579194172377851,1.6423505498639797,1.626699747342638,1.6109673012186392,1.5951536176543795,1.5792592272793435,1.5632847956327725,1.5472311342053016,1.5310992120792668,1.5148901681598803,1.498605323980494,1.4822461970545542,1.4658145147344586,1.449312228523174,1.4327415287681382,1.416104859648461,1.3994049343458277,1.3826447502667663,1.365827604159221,1.348957106939902,1.332037198021,1.3150721588960972,1.2980666257161204,1.281025600557863,1.2639544610610034,1.2468589680859334,1.2297452710255745,1.2126199103912965,1.1954898172878665,1.1783623093968312,1.1612450831036758,1.1441462014331965,1.1270740775010561,1.1100374532485504,1.0930453733024263,1.076107153891956,1.059232346860049,1.0424306989219054,1.02571210645039,1.0090865661978488,0.9925641224945638,0.976154811588889,0.9598686039073779,0.9437153451090716,0.9277046968809864,0.9118460784671388,0.8961486099376573,0.8806210581857457,0.8652717865882888,0.8501087091823196,0.8351392500977746,0.8203703088518591,0.805808231957994,0.7914587911396556,0.7773271682735899,0.7634179470249226,0.749735110984976,0.7362820479865875,0.7230615601555618,0.7100758791634304,0.697326686077343,0.6848151351577809,0.6725418809328212,0.6605071078768863,0.6487105620396195,0.6371515840036059,0.6258291425948126,0.6147418688235214,0.6038880895930997,0.5932658607763197,0.5828729993217349,0.5727071141137814,0.5627656353682802,0.5530458423986886,0.5435448896370272,0.5342598308364689,0.5251876414199349,0.5163252389707998,0.507669501888179,0.4992172862506196,0.490965440948813,0.4829108211606254,0.4750503002508789,0.4673807801843406,0.4598992005438387,0.452602546246705,0.44548785405233005,0.4385522179517842,0.43179279352763117,0.4252068013684333,0.41879152961832194,0.412544335737534,0.40646264754522,0.40054396361117267,0.39478585305860914,0.38918595483573676,0.38374197650972486,0.378451692632824,0.37331294272685883,0.3683236289290779,0.3634817133394869,0.35878521510722877,0.354232207291363,0.34982081352945915,0.3455492045457952,0.34141559452955667,0.33741823741228183,0.33355542307281494,0.3298254734972363,0.32622673892050635,0.32275759397598497,0.3194164338783611,0.31620167066498334,0.3131117295199534,0.31014504520466135,0.30730005861766385,0.30457521350588146,0.30196895334803076,0.29947971842996796,0.2971059431301808,0.2948460534320767,0.29269846467787014,0.290661579576905,0.2887337864790668,0.2869134579216208,0.28519894945536733,0.28358859875343273,0.2820807250034553,0.28067362858122913,0.2793655910013094,0.27815487513747067,0.2770397257035005,0.2760183699824471,0.2750890187903472,0.2742498676584739,0.27349909821652346,0.272834879757675,0.27225537096536095,0.27175872178072563,0.27134307538917996,0.27100657030424014,0.2707473425268583,0.27056352775872955,0.27045326364869665,0.27041469205208396,0.2704459612838598,0.27054522834765465,0.27071066112404507,0.27094044050287835,0.27123276244600947,0.2715858399683639,0.2719979050268348,0.2724672103081663,0.2729920309085171,0.2735706658989465,0.27420143977253897,0.2748827037702603,0.2756128370839351,0.2763902479359621,0.2772133745364048,0.2780806859191611,0.27899068265969085,0.27994189747759973,0.28093289572798774,0.2819622757859978,0.2830286693294806,0.28413074152496853,0.28526719112246185,0.2864367504646811
2022-11-21,2.2552234764033234,2.2420573975691074,2.228828403071902,2.2155358369310187,2.2021790408311555,2.18875735475747,2.1752701176980453,2.1617166684195532,2.1480963463224088,2.1344084923821964,2.1206524501847155,2.106827567062565,2.0929331953418213,2.078968693708043,2.0649334287015337,2.050826776352589,2.036648123968245,2.022396872082916,2.008072436586244,1.993674251042409,1.9792017692162123,1.9646544678222642,1.9500318495147384,1.9353334461363032,1.920558822245998,1.9057075789470488,1.8907793580368162,1.875773846502284,1.8606907813856897,1.8455299550460385,1.8302912208433144,1.8149744992731645,1.799579784580647,1.784107151882238,1.7685567648256566,1.752928883817081,1.7372238748449436,1.7214422189286125,1.7055845222187473,1.689651526773895,1.6736441220347658,1.657563357013502,1.6414104532098928,1.625186818259767,1.6088940603124717,1.592534003124211,1.576108701841884,1.5596204594376517,1.5430718437376323,1.526465704968612,1.5098051937243577,1.4930937792278969,1.4763352677379395,1.4595338209165476,1.4426939739413835,1.4258206531097157,1.408919192643415,1.3919953503651397,1.3750553218768644,1.3581057528341083,1.341153748874299,1.3242068827275668,1.3072731980150691,1.2903612092261665,1.27347989736395,1.2566387007614472,1.239847500600841,1.2231166007174987,1.2064567013413272,1.1898788665209667,1.173394485091729,1.1570152251848285,1.1407529824308822,1.1246198221808932,1.1086279162475259,1.0927894748516345,1.0771166746357888,1.0616215837693237,1.0463160853094708,1.0312118000919805,1.0163200104950973,1.0016515864471858,0.9872169150274206,0.9730258349400288,0.959087577027648,0.9454107118332652,0.93200310503007,0.9188718813235031,0.9060233972001133,0.8934632226643217,0.8811961318773082,0.8692261024014817,0.85755632256727,0.8461892063222621,0.835126414799842,0.8243688837570496,0.8139168559791103,0.8037699177288294,0.7939270383294385,0.7843866120051104,0.7751465011593739,0.766204080342952,0.7575562802442478,0.7491996311232361,0.7411303051989682,0.7333441575889041,0.7258367654822422,0.7186034653073746,0.7116393877242027,0.7049394903345589,0.6984985880580526,0.6923113811663688,0.6863724810067459,0.6806764334755634,0.6752177403264189,0.6699908784144436,0.6649903169907752,0.66021053316876,0.6556460256873958,0.6512913270983924,0.6471410145016789,0.6431897189507209,0.6394321336441482,0.6358630210143307,0.6324772188169737,0.6292696453188985,0.6262353036740634,0.6233692855708063,0.6206667742263761,0.6181230467981362,0.6157334762744919,0.6134935329026324,0.6113987852046163,0.6094449006281868,0.6076276458739934,0.6059428869365889,0.6043865888926495,0.6029548154663474,0.6016437283986157,0.6004495866441908,0.5993687454177763,0.5983976551083858,0.5975328600789065,0.5967709973661175,0.5961087952948044,0.5955430720181932,0.5950707339956699,0.5946887744176358,0.5943942715863597,0.5941843872608082,0.5940563649726534,0.5940075283199544,0.5940352792443927,0.5941370962973669,0.5943105328997664,0.5945532155997755,0.5948628423326489,0.5952371806860334,0.5956740661740649,0.5961714005231525,0.5967271499720884,0.5973393435888438,0.5980060716061831,0.5987254837779954,0.5994957877580301,0.6003152475025461,0.601182181698189,0.602094962216251,0.6030520125943177,0.6040518065461475,0.6050928665005139,0.6061737621696032,0.6072931091474472,0.6084495675387671,0.6096418406184992,0.6108686735221915,0.6121288519673578,0.6134212010058245,0.6147445838070001,0.6160979004719649,0.6174800868781953,0.6188901135546977,0.6203269845872593,0.6217897365535074,0.6232774374874007,0.6247891858727478,0.6263241096653412,0.6278813653432275,0.6294601369846321,0.6310596353730539,0.6326790971289802,0.6343177838677069,0.6359749813827034,0.6376499988539709,0.6393421680808244,0.6410508427385276,0.6427753976582111,0.6445152281294878,0.646269749225208,0.6480383951477564,0.6498206185963437
2022-11-25,2.2250651985804604,2.2083382973249703,2.191530968639776,2.1746429063610364,2.1576738449067254,2.140623562959464,2.123491887393644,2.1062786974586727,2.0889839292301464,2.071607580340545,2.0541497150007717,2.036610469323291,2.018990056956982,2.0012887750428225,1.9835070104983392,1.9656452466372119,1.9477040701285617,1.9296841782981617,1.911586386771108,1.8934116374522885,1.8751610068372528,1.8568357146417687,1.8384371327334057,1.8199667943428812,1.8014264035265672,1.7828178448445218,1.764143193210583,1.7454047238625243,1.726604922390957,1.7077464947556897,1.6888323772076312,1.6698657460231714,1.650850026946452,1.631788904223186,1.6126863290979632,1.5935465276355474,1.5743740077158705,1.5551735650426224,1.535950287996972,1.5167095611615045,1.4974570673354166,1.4781987878609373,1.4589410010833537,1.439690278773444,1.4204534803520559,1.4012377447723934,1.3820504799366342,1.362899349549937,1.3437922573467136,1.3247373286610582,1.3057428893549807,1.2868174421639447,1.267969640568221,1.2492082603495993,1.2305421690446499,1.2119802935564556,1.1935315862348792,1.175204989779214,1.1570094013548449,1.1389536363456907,1.121046392185331,1.1032962127207575,1.0857114535628722,1.0683002488668605,1.0510704799635,1.034029746229912,1.0171853385461507,1.0005442156338142,0.9841129835161285,0.9678978782776849,0.9519047522381854,0.9361390635902369,0.9206058694884015,0.9053098225171817,0.8902551704109468,0.8754457588502913,0.8608850371178931,0.8465760663632304,0.8325215301997813,0.818723747340571,0.8051846859678004,0.79190597952929,0.7788889436578863,0.7661345939189736,0.7536436641049337,0.7414166248128542,0.7294537020621352,0.7177548957309837,0.7063199976143953,0.6951486089303527,0.684240157125073,0.6735939118517217,0.6632090000196728,0.6530844198328802,0.6432190537560135,0.633611680365588,0.6242609850603452,0.6151655696205729,0.6063239606200039,0.5977346167063797,0.5893959347778991,0.581306255092608,0.5734638653564958,0.5658670038437071,0.5585138616089839,0.5514025838582648,0.5445312705483991,0.5378979762912025,0.5315007096406313,0.525337431844708,0.5194060551459928,0.5137044407158489,0.5082303963084718,0.5029816737206423,0.4979559661423347,0.4931509054817084,0.48856405974553657,0.48419293055281154,0.4800349508551052,0.4760874829322086,0.47234781672576875,0.468813168567013,0.4654806803473486,0.46234741917273,0.45941037753428426,0.45666647401892224,0.4541125545747105,0.45174539433672717,0.4495617000102143,0.4475581127991576,0.44573121186020825,0.4440775182541752,0.4425934993603597,0.4412755737128756,0.4401201162128854,0.4391234636664305,0.43828192059436705,0.4375917652587511,0.43704925584889853,0.4366506367702628,0.43639214498009127,0.4362700163155254,0.4362804917623264,0.43641982361552867,0.43668428148708266,0.4370701581196837,0.43757377497049404,0.4381914875331781,0.4389196903714704,0.43975482184232717,0.44069336849145546,0.4417318691085817,0.44286691843418113,0.4440951705134712,0.4454133416972021,0.44681821329219573,0.4483066338676301,0.44987552122569596,0.4515218640475558,0.4532427232274429,0.4550352329092971,0.45689660124155873,0.4588241108666525,0.46081511916231754,0.46286705825232094,0.464977434804182,0.467143829631534,0.4693638971184295,0.4716353644825556,0.47395603089378435,0.47632376646385094,0.47873651112229,0.48119227339294324,0.4836891290846182,0.4862252199085858,0.4887987520348023,0.4914079945978818,0.4940512781630058,0.4967269931611529,0.4994335883022146,0.5021695689737992,0.5049334956328119,0.5077239821961649,0.51053969443632,0.5133793483867708,0.5162417087619321,0.5191255873953977,0.5220298417000345,0.5249533731528532,0.5278951258072375,0.5308540848346681,0.5338292750977321,0.5368197597558961,0.5398246389051985,0.5428430482527704,0.5458741578268232,0.5489171707225832,0.5519713218843797,0.5550358769239919,0.5581101309751826,0.5611934075841981
2022-11-26,1.812559793920127,1.8022359428505057,1.7918621239572998,1.7814377534842507,1.7709622409557086,1.760434989338125,1.7498553952307079,1.739222849088135,1.7285367354784764,1.7177964333797722,1.7070013165190094,1.696150753757606,1.6852441095278499,1.6742807443251728,1.663260015261552,1.6521812766858301,1.6410438808772405,1.629847178819,1.6185905210594378,1.6072732586687792,1.5958947443004354,1.5844543333664007,1.5729513853372168,1.5613852651778481,1.549755344931791,1.538061005466785,1.5263016383966144,1.514476648194689,1.5025854545163828,1.490627494748473,1.4786022268054797,1.466509132194246,1.454347719369718,1.4421175274065874,1.4298181300132298,1.4174491399162077,1.4050102136454894,1.3925010567524414,1.3799214294945772,1.3672711530229185,1.3545501161096662,1.341758282455565,1.3288956986178846,1.3159625026012152,1.3029589331542104,1.2898853398158956,1.2767421937550798,1.2635300994455971,1.2502498072183943,1.23690222672869,1.2234884413722968,1.210009723679506,1.1964675517073557,1.1828636264413719,1.169199890205597,1.1554785460645915,1.1417020781827238,1.1278732730840588,1.1139952417302392,1.1000714423035285,1.0861057035475048,1.0721022484785534,1.0580657182373816,1.0440011958014423,1.029914229226912,1.0158108540334463,1.0016976142875622,0.9875815818826325,0.9734703734572842,0.9593721643418995,0.9452956988780143,0.9312502964211395,0.9172458523177417,0.9032928331458486,0.8894022655300414,0.8755857178892321,0.8618552745527478,0.8482235017890274,0.8347034054324539,0.8213083799665442,0.808052149122843,0.7949486982791758,0.7820121991808678,0.7692569277545392,0.756697176024934,0.7443471593686743,0.7322209205325168,0.7203322319960188,0.7086944983597692,0.6973206604834002,0.6862231030788527,0.6754135673839933,0.6649030704037566,0.6547018320181847,0.6448192110296627,0.6352636509678979,0.6260426362043174,0.6171626586608947,0.6086291951441575,0.6004466951033857,0.5926185784104135,0.5851472425917775,0.5780340788142215,0.5712794958313374,0.5648829510398806,0.5588429877651144,0.5531572778905529,0.5478226689635465,0.5428352349392294,0.5381903297668952,0.5338826430710433,0.529906257231124,0.5262547052172222,0.5229210285921149,0.5198978351425138,0.5171773556535032,0.5147514993902066,0.5126119078996654,0.5107500067940176,0.5091570552234096,0.507824192793733,0.506742483730127,0.5059029581320056,0.5052966502087994,0.5049146334272464,0.5047480525404406,0.5047881525055066,0.5050263043302933,0.5054540279195009,0.5060630120169461,0.5068451313630202,0.507792461204803,0.5088972893107738,0.5101521256527566,0.5115497099249,0.5130830170733572,0.5147452610112786,0.5165298966920868,0.5184306207101533,0.5204413705923142,0.5225563229365083,0.524769890545532,0.52707671869479,0.5294716806632879,0.5319498726471554,0.5345066081649844,0.5371374120543331,0.5398380141490733,0.542604342717934,0.5454325177357099,0.5483188440502397,0.55125980450043,0.5542520530333471,0.557292407861736,0.560377844697227,0.5635054900889651,0.5666726148924148,0.5698766278886249,0.5731150695702657,0.5763856061072268,0.5796860235014656,0.5830142219380928,0.5863682103373191,0.5897461011098643,0.5931461051166806,0.5965665268323749,0.6000057597104534,0.6034622817474901,0.6069346512424542,0.6104215027467449,0.6139215431999303,0.6174335482457534,0.6209563587226584,0.6244888773228482,0.6280300654137481,0.6315789400156545,0.6351345709293387,0.6386960780073799,0.6422626285630815,0.6458334349109089,0.6494077520325165,0.652984875362564,0.6565641386887031,0.6601449121602613,0.6637266004003557,0.6673086407163471,0.6708905014037345,0.6744716801387933,0.6780517024554522,0.681630120302091,0.6852065106741395,0.6887804743185449,0.69235163450635,0.6959196358698145,0.6994841433006744,0.7030448409063051,0.7066014310207223,0.7101536332674894,0.7137011836717793,0.7172438338189502,0.7207813500571582
