test_date,PC_type,Strike,Spot_t,Premium_t,Tau_t,Moneyness_t,Delta_t,IV_t,IR_t,DividendYield_t,Volume_t,Quantity_t,Spot_th,Tau_th,Premium_th,Delta_th,option_return,M_floor,Return_t,Cluster
2019-05-15,1,7000,8046.17,1259.23,9,0.869979132929083,0.976180107370869,1.2581,0.0237,0,7241.553,0.9,7880.29,0,829.92,1,-0.3009299333719813,0.86,-0.13928605276014072,1
2019-05-15,1,8000,8081.82936708861,559.04753164557,9,0.989921167683891,0.947692767414411,1.03667594936709,0.0237,0,127692.904,15.8,7880.29,0,11.1037985368599,0,-1,0.98,-0.010129967626157147,1
2019-05-15,1,8250,8125.45192307692,473.172788461539,9,1.01564402203492,0.95069928346335,1.06205961538462,0.0237,0,422523.5,52,7880.29,0,5.14448275862069,0,-1,1.01,0.015522915748801476,1
2019-05-15,1,8500,8208.23,398.1,9,1.03554603123938,0.948879417065004,1.0517,0.0237,0,41041.15,5,7880.29,0,3.93240896358543,0,-1,1.03,0.03492885401795715,1
2019-08-14,1,9500,10190.28,937.51,9,0.932260938855458,0.914698929243506,0.85,0.0192,0,1019.028,0.1,10111.98,0,678.721162790698,1,-0.3472282962315073,0.93,-0.07014252617015647,1
2019-08-14,1,10000,10215.8577821012,674.719105058366,9,0.979384140788234,0.915498596790774,0.86788793774319,0.0192,0,262547.545,25.7,10111.98,0,187.58731092437,1,-0.8340346387696954,0.97,-0.020831332628122402,1
2019-08-14,1,10500,10315.3212937595,497.029452054794,9,1.01839707236834,0.91571664019184,0.879000304414003,0.0192,0,677716.609,65.7,10111.98,0,7.4241091954023,0,-1,1.01,0.018229893520419385,1
2019-08-14,1,11000,10355.991655129,342.263398363751,9,1.06288113186477,0.916328472790572,0.892982315921963,0.0192,0,1645567.074,158.9,10111.98,0,6.43571428571429,0,-1,1.06,0.0609832698378567,1
2019-10-09,1,8000,8513.44839694656,667.540458015267,9,0.940103397442171,0.867878534279063,0.675445038167939,0.0166,0,223052.348,26.2,8076.78,0,7.67628865979382,0.0283505154639175,-0.8849807542328112,0.94,-0.06176541248843927,0
2019-10-09,1,8500,8506.32421128107,358.122284894837,9,0.99959934921781,0.857755372761875,0.663820028680688,0.0166,0,1779523.025,209.2,8076.78,0,4.03,0,-1,0.99,-4.007310641586884e-4,0
2019-12-04,1,6000,7227.6,1243.15,9,0.830151087497925,0.870278169703457,0.6396,0.0152,0,1445.52,0.2,7189.16,0,1216.17586206897,1,-0.04342999638016348,0.83,-0.1861475616274832,0
2019-12-04,1,6500,7501.14216,1040.35932,9,0.867175794158696,0.84767997980044,0.5706756,0.0152,0,187528.554,25,7189.16,0,722.290625,1,-0.3375750216761649,0.86,-0.1425135613262004,0
2019-12-04,1,7000,7485.88241758242,599.664175824176,9,0.935920047691275,0.84408558231131,0.603889952904239,0.0152,0,476850.71,63.7,7189.16,0,216.11,1,-0.6845567775663451,0.93,-0.06622522528622012,0
2019-12-04,1,7250,7427.18149402391,363.836952191235,9,0.976703086453409,0.821685584603784,0.550389243027888,0.0152,0,372844.511,50.2,7189.16,0,12.5286511627907,0,-1,0.97,-0.0235725764503477,0
2019-12-04,1,7500,7422.81203163017,250.163211678832,9,1.01098816256563,0.828841930568202,0.586343917274939,0.0152,0,610155.149,82.2,7189.16,0,7.11760942760943,0,-1,1.01,0.010928231330450486,0
2019-12-04,1,7750,7233.78108108108,93.0937519872814,9,1.07177078799536,0.817981272348343,0.579325993640699,0.0152,0,910009.66,125.8,7189.16,0,3.61,0,-1,1.07,0.06931222261795304,0
2019-12-04,1,9500,7287.25717908082,8.32633914421553,9,1.30487399273119,0.883787164844094,0.832638668779714,0.0152,0,459825.928,63.1,7189.16,0,3.62,0,-1,1.3,0.2661064788185939,0
2020-01-08,1,6000,8099.66,2105.91,9,0.740771834867143,1,0,0.0151,0,809.966,0.1,8722.03,0,2809.08,1,0.2925671087558352,0.74,-0.30006261626070757,1
2020-01-08,1,6250,8199.37,1967.85,9,0.762253685344118,0.919886399013363,0.8267,0.0151,0,819.937,0.1,8722.03,0,2546.5,1,0.2562085524811346,0.76,-0.2714758583020851,1
2020-01-08,1,6500,8246.625,1763.08,9,0.788241246396866,0.960443195609938,0.41995,0.0151,0,1649.325,0.2,8722.03,0,2311.18,1,0.26031150032897016,0.78,-0.23795108572885298,1
2020-01-08,1,7000,8334.19132075472,1367.12943396226,9,0.839914497227535,0.887287887820679,0.711369811320755,0.0151,0,44171.214,5.3,8722.03,0,1805.04,1,0.25959543933536416,0.83,-0.17445518134047042,1
2020-01-08,1,7250,8156.295,943.05,9,0.888984677383256,0.832751924503129,0.5433,0.0151,0,1631.259,0.2,8722.03,0,1682.575,1,0.5609246593499823,0.88,-0.11767527940613369,1
2020-01-08,1,7500,8294.23342105263,813.152894736842,9,0.904266197361553,0.883312228289355,0.382173026315789,0.0151,0,126072.348,15.2,8722.03,0,1387.44445783133,1,0.5028293054229147,0.9,-0.1006314958286831,1
2020-01-08,1,7750,8096.07893652102,503.618920032976,9,0.957339322813607,0.83906474037644,0.593470074196208,0.0151,0,982054.375,121.3,8722.03,0,1009.31230769231,1,0.9300903149872805,0.95,-0.043597381080804576,1
2020-01-08,1,8000,8111.88540983607,388.688315946349,9,0.986732164053243,0.84761606447871,0.632589716840536,0.0151,0,544307.511,67.1,8722.03,0,834.648039215686,1,0.8576066487670371,0.98,-0.013356640048965458,1
2020-01-08,1,8250,8173.05189565218,302.080147826087,9,1.00969249377959,0.847592081298059,0.641260434782609,0.0151,0,939900.968,115,8722.03,0,569.072479564033,1,0.5625985467663266,1,0.009645822890957704,1
2020-01-08,1,8500,8222.91898617511,246.03759344598,9,1.03409344652807,0.857999295446889,0.681599743983615,0.0151,0,1605936.078,195.3,8722.03,0,282.505473684211,1,-0.09757693167833092,1.03,0.03352514582101942,1
2020-01-08,1,8750,8344.46741344196,206.03733197556,9,1.04863011491634,0.860281018421875,0.692883570943653,0.0151,0,1229140.05,147.3,8722.03,0,118.346348993289,0.703355704697987,-1,1.04,0.047484659908832647,1
2020-01-08,1,9000,8277.82279974076,141.884873622813,9,1.08751090672764,0.868175087132615,0.730000907323396,0.0151,0,1277268.058,154.3,8722.03,0,18.2654948805461,0,-1,1.08,0.0838915131052517,1
2020-01-08,1,9250,8096.0393119266,64.0885091743119,9,1.14275109875373,0.867059197357056,0.741470412844037,0.0151,0,352987.314,43.6,8722.03,0,8.8,0,-1,1.14,0.13343859972890873,1
2020-01-15,1,8250,8776.65758196721,690.850245901639,9,0.940017691543674,0.857778506994036,0.64446762295082,0.0154,0,214150.445,24.4,8388.11,0,71.5628571428572,1,-0.8000869206903861,0.94,-0.06185658310405381,0
2020-01-15,1,8500,8774.4261209068,514.954937027708,9,0.968790280487531,0.85005500073489,0.631478589420655,0.0154,0,348344.717,39.7,8388.11,0,8.1738036809816,0,-1,0.96,-0.0317071193209021,0
2020-01-15,1,8750,8774.35636363637,365.893157894737,9,0.997284649431431,0.843865510057153,0.62335023923445,0.0154,0,183384.048,20.9,8388.11,0,4.17375,0,-1,0.99,-0.002719043820087514,0
2020-01-15,1,9000,8714.26686597938,242.578824742268,9,1.03292856400822,0.845492763517692,0.641621649484536,0.0154,0,422641.943,48.5,8388.11,0,4.15,0,-1,1.03,0.03239803383359726,0
2020-01-29,1,8000,9312.33,1359.6,9,0.859076085147326,0.854620675638419,0.5964,0.0153,0,1862.466,0.2,9755.66,0,1798.09,1,0.29130626654898495,0.85,-0.15189778682565994,0
2020-01-29,1,8750,9316.3166568915,713.236392961877,9,0.939224674439056,0.836303193041982,0.575712023460411,0.0153,0,317686.398,34.1,9755.66,0,1058.81,1,0.40999535346726645,0.93,-0.06270055849120414,0
2020-01-29,1,9000,9348.09255,556.1049,9,0.962766808330694,0.830370624015325,0.568652,0.0153,0,186961.851,20,9755.66,0,750.052173913044,1,0.3588443475322728,0.96,-0.037944047773516974,0
2020-01-29,1,9250,9309.67517241379,354.194798850575,9,0.993595281105203,0.813117738204958,0.532904885057471,0.0153,0,323976.696,34.8,9755.66,0,495.890293577982,1,0.4276324825800839,0.99,-0.006425317104455268,0
2020-01-29,1,9500,9315.87248160863,249.507322216773,9,1.01976719684512,0.814343835355535,0.548164639529181,0.0153,0,1899506.399,203.9,9755.66,0,275.145025380711,1,0.02465930750473684,1.01,0.01957436285869798,0
2020-01-29,1,9750,9320.01094972067,167.521508379888,9,1.04614277374995,0.812809801239299,0.555346927374302,0.0153,0,166828.196,17.9,9755.66,0,81.0272431506849,0.905821917808219,-0.966213293715308,1.04,0.045109851308970605,0
2020-01-29,1,10000,9322.23651758174,116.215354719309,9,1.0727059138431,0.816482965239905,0.575472146822949,0.0153,0,3022269.079,324.2,9755.66,0,19.906579261025,0,-1,1.07,0.07018434765079672,0
2020-01-29,1,10250,9304.8396137339,79.0380686695279,9,1.10158894589415,0.825007261524197,0.608283690987124,0.0153,0,216802.763,23.3,9755.66,0,4.89101593625498,0,-1,1.1,0.096753633790594,0
2020-02-05,1,9750,9609.68625545419,288.229726299088,9,1.01490952037092,0.817534134145874,0.55458107893693,0.0154,0,2422601.905,252.1,10242.43,0,489.2575,1,0.7084636145024797,1.01,0.014799466028618143,0
2020-02-05,1,10000,9379.132170418,122.779485530547,9,1.06642142894072,0.808441711156135,0.551588585209003,0.0154,0,583382.021,62.2,10242.43,0,194.707076271186,1,0.9745155222994052,1.06,0.06430858433605577,0
2020-02-05,1,10250,9463.56344537815,100.706330532213,9,1.08330113217035,0.815712487724615,0.577169467787115,0.0154,0,675698.43,71.4,10242.43,0,38.0250931677018,0.157349896480331,-1,1.08,0.08001298308131902,0
2020-02-05,1,10500,9512.14067857143,82.5450714285715,9,1.10401353283049,0.828136304960364,0.617045476190476,0.0154,0,799019.817,84,10242.43,0,9.73003984063745,0,-1,1.1,0.09895220577840724,0
2020-02-05,1,10750,9550.89212971078,65.2280981595092,9,1.12562981525332,0.838318984890568,0.651585889570552,0.0154,0,1089756.792,114.1,10242.43,0,5.125,0,-1,1.12,0.11834271478752424,0
2020-02-12,1,9500,10333.7371428571,982.457142857143,9,0.919319933788216,0.846232134122502,0.597328571428571,0.0155,0,7233.616,0.7,9606.86,0,177.482450331126,1,-0.8912318967021456,0.91,-0.08412108468797432,0
2020-02-12,1,9750,10408.4605369128,898.998322147651,9,0.936743592421284,0.875959858633594,0.70828389261745,0.0155,0,155086.062,14.9,9606.86,0,15.53303712036,0,-1,0.93,-0.06534568155454336,0
2020-02-12,1,10000,10364.7695857988,624.695680473373,9,0.964839016663826,0.830896498422983,0.570260355029586,0.0155,0,175164.606,16.9,9606.86,0,4.92505460218409,0,-1,0.96,-0.03579401366953193,0
2020-02-12,1,10250,10356.3765686274,468.354117647059,9,0.989754290383743,0.83175345798798,0.58398431372549,0.0155,0,845080.328,81.6,9606.86,0,4.82,0,-1,0.98,-0.010298558189689448,0
2020-03-04,1,8750,8735.01883116883,261.799004329004,9,1.00173176778711,0.778601036610117,0.483096103896104,0.0071,0,201778.935,23.1,4830.21,0,4.82666666666667,0,-1,1,0.0017302700062322687,0
2020-04-08,1,6750,7323.23,723.17,9,0.921724849760849,0.903767331034159,0.8422,0.0022,0,2929.292,0.4,7112.27,0,324.165,1,-0.4990527815036569,0.92,-0.0815085275551881,1
2020-04-08,1,7000,7295.20833333333,540.795833333333,9,0.959544744814366,0.89833154192438,0.832413888888889,0.0022,0,105051,14.4,7112.27,0,103.517660714286,1,-0.7923985484355609,0.95,-0.04129633115179206,1
2020-04-08,1,7250,7317.8408588957,396.471922290389,9,0.990774229696351,0.88432687877414,0.790396932515337,0.0022,0,715684.836,97.8,7112.27,0,9.69505,0,-1,0.99,-0.009268591297082306,1
2020-04-08,1,7500,7328.04017910448,271.067582089552,9,1.02347460697108,0.873943869751784,0.765162985074627,0.0022,0,490978.692,67,7112.27,0,3.55745721271394,0,-1,1.02,0.023203315817374632,1
2020-07-01,1,9000,9141.57684210526,354.849473684211,9,0.984515688674644,0.769264758403149,0.477831578947368,0.0014,0,69475.984,7.6,9238.04,0,157.1,1,-0.32918034926595846,0.98,-0.015605445352280839,0
2020-07-01,1,9250,9181.29012345679,230.028148148148,9,1.00750849608209,0.751542645302802,0.450587654320988,0.0014,0,892421.4,97.2,9238.04,0,9.24865443425077,0,-1,1,0.007480447638966097,0
2020-07-01,1,9500,9207.52216232404,144.098430667865,9,1.03177789791011,0.746872812554894,0.452339682539683,0.0014,0,6148783.3,667.8,9238.04,0,4.6,0,-1,1.03,0.03128342869387402,0
2020-07-01,1,9750,9224.60571428571,84.8024017857143,9,1.05699869915162,0.742939493353561,0.455839553571429,0.0014,0,2066311.68,224,9238.04,0,7.002,0,-1,1.05,0.05543347618878134,0
2020-07-01,1,10000,9180.98663214768,41.8911211166141,9,1.08922812701,0.740212330983882,0.464254524988744,0.0014,0,4078194.262,444.2,9238.04,0,4.60060975609756,0,-1,1.08,0.08546930503343936,0
2020-07-01,1,10250,9148.0548,28.1818666666667,9,1.12046930428057,0.756362733938215,0.507432,0.0014,0,137220.822,15,9238.04,0,9.21,0,-1,1.12,0.1137476192210159,0
2020-08-12,1,11000,11357.12,579.21,9,0.9685554084134,0.782366576357186,0.5016,0.0011,0,2271.424,0.2,11865.82,0,797.08,1,0.4948291638611206,0.96,-0.03194958722596133,0
2020-08-12,1,11250,11275.3604394427,413.466891747053,9,0.997773599636193,0.791304467159915,0.53587845659164,0.0011,0,2103982.258,186.6,11865.82,0,604.32,1,0.4894058322249909,0.99,-0.002228882477901081,0
2020-08-12,1,11500,11488.9192846924,365.31313304721,9,1.00110758686861,0.770112724820061,0.488742632331903,0.0011,0,1606150.916,139.8,11865.82,0,349.607272727273,0.999999999999999,0.0013874862602440798,1,0.0011069739468084862,0
2020-08-12,1,11750,11346.4232762836,195.900990220049,9,1.03564828238087,0.759613671407811,0.48171760391198,0.0011,0,1856274.848,163.6,11865.82,0,88.3346251053075,1,-0.4087829782284256,1.03,0.0350275904241944,0
2020-08-12,1,12000,11436.0183857587,155.280003456619,9,1.04939625310194,0.760682293726757,0.489673384030419,0.0011,0,6616880.238,578.6,11865.82,0,10.8420141342756,0,-1,1.04,0.04821500174946316,0
2020-09-09,1,9750,10109.49,677.365,9,0.9644414762322,0.872540925359351,0.74585,0.0012,0,4043.796,0.4,10943.89,0,1017.71714285714,1,0.7625504713116258,0.96,-0.036206126308120486,0
2020-09-09,1,10000,10112.9335714286,506.750714285714,9,0.988838177579293,0.853441723314376,0.694128571428571,0.0012,0,28316.214,2.8,10943.89,0,858.525,1,0.8626318096669112,0.98,-0.011224583012637075,0
2020-09-09,1,10500,10304.6215447154,312.318861788618,9,1.01897321200595,0.824396580276338,0.624356097560976,0.0012,0,253493.69,24.6,10943.89,0,467.078,1,0.42127182923851303,1.01,0.018795465382722806,0
2020-09-09,1,10750,10246.41,203.936,9,1.04920367004613,0.819117383664921,0.62162,0.0012,0,10246.41,1,10943.89,0,179.480314136126,1,-0.049260552330145674,1.04,0.04803146695159492,0
2020-09-09,1,11000,10244.557707231,147.42363315696701,9,1.07374471617472,0.820439582957868,0.632582010582011,0.0012,0,1161732.844,113.4,10943.89,0,12.8636764705882,0,-1,1.07,0.071152273395927,0
2020-09-09,1,11250,10249.8483823529,95.9885294117647,9,1.09774412265949,0.814331291407186,0.625295588235294,0.0012,0,139397.938,13.6,10943.89,0,5.45013793103448,0,-1,1.09,0.09325727645719038,0
2020-09-30,1,10500,10698.4606306306,398.930630630631,9,0.981450579391417,0.742465584509979,0.419326126126126,0.001,0,237505.826,22.2,10923.3,0,361.568235294118,1,0.0610867341293023,0.98,-0.018723618656187824,0
2020-09-30,1,10750,10753.838,272.77475,9,0.999649316537668,0.727306707641871,0.3979975,0.001,0,86030.704,8,10923.3,0,165.134361702128,1,-0.3646772657659872,0.99,-3.507449661567373e-4,0
2020-09-30,1,11000,10760.8640222428,172.240973123262,9,1.02222346722586,0.723901070361043,0.403477108433735,0.001,0,2322194.456,215.8,10923.3,0,5.44526802218115,0,-1,1.02,0.021980124656374965,0
2020-10-07,1,10500,10605.7692722372,310.800080862534,9,0.990027741387602,0.718852548250896,0.375040700808626,0.001,0,786948.08,74.2,11503.73,0,963.11,1,2.2295036642668906,0.99,-0.010022314642460891,0
2020-10-07,1,10750,10619.8368637804,191.502254487856,9,1.01226612795167,0.7080598970511,0.367188067581837,0.001,0,4022794.204,378.8,11503.73,0,747.03,1,2.9358805566845003,1.01,0.01219150857838229,0
2020-10-07,1,11000,10620.2748829829,114.626945656486,9,1.03576497275559,0.708044401136991,0.380427290757636,0.001,0,5354742.596,504.2,11503.73,0,278.095368421053,1,3.3945164648247497,1.03,0.0351402578260797,0
2020-10-07,1,11250,10638.7977480916,66.3317938931298,9,1.05745692978995,0.707519634923005,0.390833969465649,0.001,0,1114946.004,104.8,11503.73,0,73.4324475524475,0.972027972027972,2.825164149921765,1.05,0.05586690277785853,0
2020-10-07,1,11500,10612.7667590028,38.0553739612188,9,1.08360202610118,0.712257949663147,0.411829362880886,0.001,0,766241.76,72.2,11503.73,0,10.8239991830065,0.00776143790849673,-0.9019849337494172,1.08,0.08029070101404281,0
2020-10-07,1,11750,10661.29,37.31,9,1.10211803637271,0.748398190358172,0.4866,0.001,0,533064.5,50,11503.73,0,5.75414611872146,0,-1,1.1,0.09723381604076067,0
2020-10-14,1,11250,11377.9377777778,341.68,9,0.988758528268871,0.717665539188037,0.370727777777778,0.0012,0,40960.576,3.6,12990.25,0,1705.5,1,4.093215874502458,0.98,-0.011305134633935355,0
2020-10-14,1,11500,11372.9391641003,207.091610206775,9,1.01118617251434,0.704663894622015,0.358990233172019,0.0012,0,5170138.144,454.6,12990.25,0,1367.28045801527,1,6.196090650471202,1.01,0.011124069983832486,0
2020-10-14,1,12000,11397.6496644921,57.6519198508854,9,1.05285533868379,0.677906555086812,0.335982479030755,0.0012,0,2445935.618,214.6,12990.25,0,902.406842105263,1,16.176357744221626,1.05,0.051505843546977965,0
2020-10-14,1,12250,11397.5945409015,9.15729549248748,9,1.07479148216887,0.595060877861857,0.227421869782972,0.0012,0,1365431.826,119.8,12990.25,0,684.715311203319,1,79.83718611104021,1.07,0.07212667268952824,0
2020-10-14,1,12500,11444.7918691589,47.1911214953271,9,1.09225231620846,0.734960600753314,0.456393457943925,0.0012,0,244918.546,21.4,12990.25,0,396.909672447014,1,9.388606679935439,1.09,0.08824190943169635,0
2020-10-14,1,12750,11452.4832258065,35.6638709677419,9,1.11331824439998,0.749253410241097,0.491722580645161,0.0012,0,71005.396,6.2,12990.25,0,236.151511470985,1,5.73650934351201,1.11,0.10734496529450788,0
2020-10-14,1,13250,11374.98,11.37,9,1.16483721290059,0.757144220247049,0.5248,0.0012,0,22749.96,2,12990.25,0,11.2431937799043,0,-1,1.16,0.15258134583851748,0
2020-10-14,1,13500,11411.6475,11.41,9,1.18300184144934,0.771075328285455,0.5576,0.0012,0,91293.18,8,12990.25,0,6.47,0,-1,1.18,0.1680551415878869,0
2020-10-14,1,13750,11538.57,11.54,9,1.19165546510529,0.780368608738407,0.5788,0.0012,0,438465.66,38,12990.25,0,6.44,0,-1,1.19,0.17534348752203704,0
2020-11-18,1,10000,17679.17234375,7717.461953125,9,0.565827328408892,0.997387364676794,1.07180625,9e-4,0,452586.812,25.6,17151.44,0,7386.02,1,-0.07334301828281828,0.56,-0.5694663208058585,1
2020-11-18,1,13500,18284.232972973,4937.46405405405,9,0.73838718297301,0.981698667786011,1.36079189189189,9e-4,0,135303.324,7.4,17151.44,0,3690.28,1,-0.26046246412632085,0.73,-0.30328695378134574,1
2020-11-18,1,14000,17758.509324437,3858.81393661384,9,0.78843770629201,0.940641781325743,0.976462301918265,9e-4,0,4258490.536,239.8,17151.44,0,3310.57535410765,1,-0.18331382342693908,0.78,-0.2377018785001705,1
2020-11-18,1,15000,18168.1075107296,3334.59690987124,9,0.825715283560734,0.937845418981508,0.984860515021459,9e-4,0,846633.81,46.6,17151.44,0,2241.87363636364,1,-0.3548125731085521,0.82,-0.19150525790720066,1
2020-11-18,1,15500,17772.3955696203,2461.93797468354,9,0.872161546519451,0.899853525652913,0.815391139240506,9e-4,0,280803.85,15.8,17151.44,0,1581.84685446009,1,-0.3292113704804945,0.87,-0.13678061246161685,1
2020-11-18,1,15750,17845.4,2302.06,9,0.882580384861085,0.897578296637536,0.8087,9e-4,0,24983.56,1.4,17151.44,0,1458.96625,1,-0.3912235128537055,0.88,-0.12490540666162818,1
2020-11-18,1,16000,17919.4391116173,2122.54193621868,9,0.892993934093155,0.875295692701327,0.733256378132118,9e-4,0,3146653.508,175.6,17151.44,0,1221.0165917603,1,-0.45751837438307796,0.89,-0.11317549085753852,1
2020-11-18,1,16500,17885.6662863535,1695.38762863535,9,0.922700712603387,0.867956901644565,0.718034675615212,9e-4,0,1598978.566,89.4,17151.44,0,705.708888888889,1,-0.6157574887317332,0.92,-0.08045035209556571,1
2020-11-18,1,16750,18136.252962963,1750.51703703704,9,0.923627430367193,0.886751627244989,0.783092592592593,9e-4,0,97935.766,5.4,17151.44,0,493.122265625,1,-0.7706734687487052,0.92,-0.07944650254135037,1
2020-11-18,1,17000,18117.3247661786,1485.37346244686,9,0.938397369246629,0.861361507167242,0.70328318375059,9e-4,0,7670875.306,423.4,17151.44,0,282.114322200393,1,-0.8980458424573365,0.93,-0.06358178509242231,1
2020-11-18,1,17500,17903.683795893,1012.72790914748,9,0.977693809926064,0.855042803844165,0.696480647168637,9e-4,0,5754243.972,321.4,17151.44,0,66.5169053819445,0,-1,0.97,-0.022558735751611575,1
2020-11-18,1,18000,17931.5702989707,778.572958666884,9,1.00395039285476,0.855342017935496,0.70656827315798,9e-4,0,43903656.72,2448.4,17151.44,0,20.7443741496599,0,-1,1,0.003942610541636342,1
2020-11-18,1,18500,17977.399626556,602.251235592439,9,1.02919640828071,0.858114877235978,0.722085477178423,9e-4,0,7798595.958,433.8,17151.44,0,8.68,0,-1,1.02,0.028778311602718543,1
2020-11-25,1,12500,18848.62,6587.59,9,0.663178524475532,0.998717098223099,1.9629,9e-4,0,150788.96,8,19454.54,0,6801.23,1,0.05570322378897301,0.66,-0.4107110573567426,1
2020-11-25,1,14500,19022.29,4734.21666666667,9,0.762291188449657,0.978934674562228,1.3423,9e-4,0,228267.48,12,19454.54,0,4778.85,1,0.04653849809718556,0.76,-0.2714266592182257,1
2020-11-25,1,15500,19325.14,4106.59,9,0.802064047142737,0.973724367168772,1.2518,9e-4,0,154601.12,8,19454.54,0,3806.39,1,-0.03702585356707128,0.8,-0.22056681502398437,1
2020-11-25,1,16500,18830.9275,2561.0175,9,0.87621881762743,0.905163924900359,0.837325,9e-4,0,15064.742,0.8,19454.54,0,3022.98,1,0.1536586532501246,0.87,-0.1321394274263912,1
2020-11-25,1,17000,19037.8303626943,2343.01419689119,9,0.89303238406141106,0.905030783266774,0.843244041450777,9e-4,0,734860.252,38.6,19454.54,0,2507.12666666667,1,0.0475992861062422,0.89,-0.11313243441668858,1
2020-11-25,1,17750,19074.7677350427,1789.2752991453,9,0.930640114582902,0.894427709541636,0.813497435897436,9e-4,0,892699.13,46.8,19454.54,0,1459.65,1,-0.04735732907382979,0.93,-0.0718826343509418,1
2020-11-25,1,18250,19129.38,1492.6141875,9,0.954112617906569,0.89123701231142,0.809419375,9e-4,0,612140.16,32,19454.54,0,1064.06,1,-0.19299976505147562,0.95,-0.04697356638088828,1
2020-11-25,1,18500,19060.5726744186,1243.94087209302,9,0.970746852129029,0.877995547837876,0.768110465116279,9e-4,0,655683.7,34.4,19454.54,0,972.905934065934,1,-0.23264841487689153,0.97,-0.029689553096164986,1
2020-11-25,1,18750,18836.1011328671,881.191944055944,9,0.995515782207286,0.854135672826788,0.701482097902098,9e-4,0,2693562.462,143,19454.54,0,664.70125,1,-0.2004693134651808,0.99,-0.004494302055299117,1
2020-11-25,1,19000,18914.3447098515,837.127712550607,9,1.00458723895861,0.863356113482232,0.731552766531714,9e-4,0,5606211.772,296.4,19454.54,0,328.19,1,-0.45702430682281053,1,0.004576749643741548,1
2020-11-25,1,19250,18976.1935500695,751.398383171071,9,1.01446740343597,0.861482395051559,0.728185152990265,9e-4,0,10915106.53,575.2,19454.54,0,167.864515706806,0.969895287958115,-0.7277875430915943,1.01,0.01436374909820655,1
2020-11-25,1,19500,18976.5776281237,658.6369673867,9,1.02763289546654,0.863271208309644,0.736610588733587,9e-4,0,8960739.956,472.2,19454.54,0,52.4298442367601,0.0654205607476636,-1,1.02,0.02725799767829693,1
2020-11-25,1,19750,18979.0333050847,566.875103168755,9,1.04070834400873,0.8619991156911,0.736942667649226,9e-4,0,10301819.278,542.8,19454.54,0,58.0584011220196,0,-1,1.04,0.03990158131833109,1
2020-11-25,1,20000,18943.2302475432,485.457035700958,9,1.05584499082254,0.865006937103005,0.750099477546958,9e-4,0,30456925.592,1607.8,19454.54,0,36.881875,0,-1,1.05,0.05434138551570417,1
2020-11-25,1,20250,19057.4733372746,479.171492757907,9,1.0625782555282,0.874514063036755,0.780399704404374,9e-4,0,12894286.46,676.6,19454.54,0,10.0226633165829,0,-1,1.06,0.06069827136607543,1
2020-11-25,1,20500,18934.9327160494,500.074320987655,9,1.08273659022716,0.901645413668719,0.880782716049383,9e-4,0,306745.91,16.2,19454.54,0,10.1043718309859,0,-1,1.08,0.07949171611524945,1
2020-11-25,1,20750,19014.4028571429,376.941428571429,9,1.09137689089424,0.88259676754515,0.814742857142857,9e-4,0,53240.328,2.8,19454.54,0,10.1410236220472,0,-1,1.09,0.08744010172709787,1
2020-11-25,1,21000,18903.6422064777,401.98512145749,9,1.11096872267834,0.90821878894911,0.911705263157895,9e-4,0,1867679.85,98.8,19454.54,0,9.75,0,-1,1.11,0.1052323578564721,1
2020-11-25,1,21250,19066.9659375,348.3125,9,1.11464517392559,0.898476283035406,0.876178125,9e-4,0,122028.582,6.4,19454.54,0,17.885,0,-1,1.11,0.10853612460312993,1
2020-11-25,1,21500,18937.7201032864,349.62172769953,9,1.13535671344837,0.922794867358373,0.977787981220657,9e-4,0,4033734.382,213,19454.54,0,9.76,0,-1,1.13,0.12694688653272557,1
2020-11-25,1,22000,19173.3642738971,277.961185661765,9,1.14745848154551,0.909745411240298,0.924484742647059,9e-4,0,4172124.066,217.6,19454.54,0,9.76,0,-1,1.14,0.13754948063830486,1
2020-12-09,1,18000,17985.613835376502,754.875639229422,9,1.00087973054924,0.836438342602324,0.651168301225919,8e-4,0,2053957.1,114.2,22847.46,0,4925.88665338645,1,5.421534552298301,1,8.793438131195318e-4,0
2020-12-09,1,19000,18305.1286375875,429.048653742596,9,1.03804456167465,0.81317615592409,0.604372967151319,8e-4,0,6798524.776,371.4,22847.46,0,4036.56,1,7.967421215376309,1.03,0.03733871414461591,0
2020-12-09,1,19500,18174.9957238734,266.404908916587,9,1.07295683139026,0.813822640353823,0.617632502396932,8e-4,0,3791304.108,208.6,22847.46,0,3410.645,1,11.565309001299633,1.07,0.0704182311433084,0
2020-12-09,1,19750,18197.8794074616,197.329214825652,9,1.0853512579872,0.807654669787481,0.607321068032187,8e-4,0,14925900.69,820.2,22847.46,0,3108.96166666667,1,14.696915445271117,1.08,0.08190367468027912,0
2020-12-09,1,20000,18243.2124117987,186.230861769809,9,1.09640973231815,0.815184696173397,0.628498149219202,8e-4,0,6308502.852,345.8,22847.46,0,2977.2974373259,1,14.289946966575322,1.09,0.09204096201978383,0
2020-12-09,1,20250,18128.5891723202,140.014260515604,9,1.11704464734457,0.816585549158519,0.638055630936228,8e-4,0,2672154.044,147.4,22847.46,0,2765.69333333333,1,17.55139605376499,1.11,0.11068649005331219,0
2020-12-09,1,20500,18087.6218256579,118.189013157895,9,1.13345140282214,0.823479346287225,0.659741611842105,8e-4,0,2199454.814,121.6,22847.46,0,2460.11494350283,1,18.861913872348712,1.13,0.12526731648846678,0
2020-12-09,1,20750,18322.6534615385,123.259038461538,9,1.1327819058069,0.831754128843268,0.679180769230769,8e-4,0,190555.596,10.4,22847.46,0,2318.2,1,16.01668312668604,1.13,0.12467647084855178,0
2020-12-09,1,21500,18151.675625,82.819375,9,1.1844641905167,0.853998707982257,0.75056875,8e-4,0,58085.362,3.2,22847.46,0,1383.76,1,15.269864388616785,1.18,0.16929051243046225,0
2020-12-09,1,22000,17712.9216591115,70.466554850408,9,1.24209106708945,0.892067425905409,0.878720308250227,8e-4,0,3907470.518,220.6,22847.46,0,949.1575,1,11.026414542318047,1.24,0.21679630376165734,0
2020-12-09,1,22500,17802.5184639498,52.6597962382445,9,1.26391621181165,0.890842907413687,0.878730250783699,8e-4,0,2271601.356,127.6,22847.46,0,431.630324110672,1,5.598202515406889,1.26,0.23421500540381632,0
2020-12-09,1,23000,18152.7994022617,36.310928917609,9,1.26736843592294,0.874014502815661,0.826822132471729,8e-4,0,4494633.132,247.6,22847.46,0,108.708440463646,0.0353003161222339,-1,1.26,0.23694265300739656,0
2020-12-09,1,23500,18171.0930232558,30.4474418604651,9,1.29333688354047,0.881185187871734,0.853411627906977,8e-4,0,156271.4,8.6,22847.46,0,29.5971488912355,0,-1,1.29,0.2572256099688229,0
2020-12-16,1,16000,20611.9450808314,4754.13946882217,9,0.776712948343652,0.931577595253335,0.938118475750577,9e-4,0,5354983.332,259.8,23715.53,0,7465.54,1,0.6229077944807346,0.77,-0.25268443272388125,1
2020-12-16,1,18000,20611.8464126394,2866.59612453531,9,0.873770398671449,0.890102808367088,0.76061691449814,9e-4,0,4435669.348,215.2,23715.53,0,5310.23,1,0.9938385987061625,0.87,-0.1349376395876646,1
2020-12-16,1,20000,20704.0632431476,1334.75279045093,9,0.966834189117959,0.842500167006709,0.657413934571175,9e-4,0,46832591.056,2262,23715.53,0,3113.86559322034,1,1.783684009939213,0.96,-0.03372826760268974,1
2020-12-16,1,21000,20655.4877966488,821.802753904024,9,1.01739043840681,0.852896242693778,0.703597321326798,9e-4,0,36242118.888,1754.6,23715.53,0,2535.16487804878,1,2.3043573863676023,1.01,0.017240955295538263,1
2020-12-16,1,22000,20615.230258225,470.251618209641,9,1.06777289027115,0.847038860615249,0.714487834736037,9e-4,0,21555284.758,1045.6,23715.53,0,1582.95813559322,1,2.648110784884541,1.06,0.06557506836603158,1
2020-12-16,1,23000,20137.119853913,216.154243478261,9,1.14318890326735,0.843269900446765,0.741750991304348,9e-4,0,11578843.916,575,23715.53,0,518.419836065574,1,2.310275053989217,1.14,0.13382164085735987,1
2020-12-16,1,23500,20750.2108333333,256.703333333333,9,1.1325933800518,0.878266980348673,0.809727083333334,9e-4,0,199202.024,9.6,23715.53,0,168.56932038835,0.961165048543689,-0.16039267117684824,1.13,0.12451002976771891,1
2020-12-16,1,24000,20619.5319015341,192.703952907599,9,1.16536001453164,0.865324335805849,0.80037356403853,9e-4,0,11559309.584,560.6,23715.53,0,40.9396782178218,0,-1,1.16,0.15303006462821267,1
2020-12-23,1,26500,22885.9516666667,273.95,9,1.15827994694294,0.906925441803966,0.917420833333333,9e-4,0,109852.568,4.8,28982.56,0,2741.99545454545,1,8.062091622558867,1.15,0.1469361003163927,1
2020-12-23,1,28000,23362.7246129032,203.170258064516,9,1.19853723789532,0.914523888488759,0.953638709677419,9e-4,0,1448488.926,62,28982.56,0,1302.7888976378,1,3.8361409261388686,1.19,0.18110184482708178,1
2020-12-23,1,28500,23727.025,207.615,9,1.2011623745431,0.91083663003536,0.93925,9e-4,0,47454.05,2,28982.56,0,782.764760383387,1,1.3243021939647968,1.2,0.1832897334122632,1
2020-12-23,1,29000,23462.2577777778,159.348611111111,9,1.23631517821405,0.922369715107761,0.993252777777778,9e-4,0,168928.256,7.2,28982.56,0,381.662865013774,0.994490358126722,-1,1.23,0.2121353250839501,1
2020-12-23,1,29500,23702.8,142.22,9,1.24457869956292,0.919722932915815,0.9831,9e-4,0,237028,10,28982.56,0,109.787198275862,0.00431034482758621,-1,1.24,0.2187970787231613,1
2020-12-23,1,30000,23647.285,115.2975,9,1.26865719664764,0.921556282428465,0.9952625,9e-4,0,378356.56,16,28982.56,0,18.2008480565371,0,-1,1.26,0.23795901563330094,1
2021-01-13,1,24000,34634.43,11290.82,9,0.692952071103812,0.998983603116484,2.0156,9e-4,0,3463.443,0.1,30797.88,0,5869.72,1,-0.3979285826892997,0.69,-0.3667944436503591,1
2021-01-13,1,30000,36274.3133333333,7273.02,9,0.827032590895288,0.990031384255664,1.52286666666667,9e-4,0,10882.294,0.3,30797.88,0,469.10598225602,0.253485424588086,-0.8902959155893974,0.82,-0.1899111761553932,1
2021-01-13,1,31000,34529.537,5144.515,9,0.897833991345138,0.986302027851771,1.45342,9e-4,0,34529.537,1,30797.88,0,228.293804843805,0.16040716040716,-1,0.89,-0.10777009264133806,1
2021-01-13,1,32000,34787.6075,4644.3175,9,0.91987371979852794,0.984084398306105,1.417075,9e-4,0,13915.043,0.4,30797.88,0,60.6417100371747,0,-1,0.91,-0.08351887944877297,1
2021-01-13,1,33000,35070.612826087,4220.07434782609,9,0.942115717501639,0.982418325301137,1.39679347826087,9e-4,0,161324.819,4.6,30797.88,0,19.9165384615385,0,-1,0.94,-0.05962716959185081,1
2021-01-13,1,34000,34195.0612903226,3185.17870967742,9,0.995325698067149,0.98174900079859,1.39769677419355,9e-4,0,106004.69,3.1,30797.88,0,14.9684462151394,0,-1,0.99,-0.0046852606450190895,1
2021-01-13,1,38000,34869.4704868914,2075.5272659176,9,1.0907096174438,0.9854194915243,1.46879101123596,9e-4,0,931014.862,26.7,30797.88,0,14.57,0,-1,1.09,0.08682850959389005,1
2021-01-13,1,39000,34946.6986956522,1862.17760869565,9,1.11661836409072,0.987295631174409,1.50607608695652,9e-4,0,321509.628,9.2,30797.88,0,15.97,0,-1,1.11,0.1103048001951347,1
2021-01-13,1,42000,35430.9753412073,1423.6654855643,9,1.18738264412863,0.989697174529543,1.57289895013123,9e-4,0,2699840.321,76.2,30797.88,0,14.5733333333333,0,-1,1.18,0.1717514260461054,1
2021-01-13,1,50000,37400.35,963.995,9,1.33688588475776,0.996735102029963,1.84731,9e-4,0,374003.5,10,30797.88,0,14.71,0,-1,1.33,0.2903429427626761,1
2021-01-13,1,56000,34501.4821338912,253.090585774059,9,1.62490070129775,0.995660823174463,1.82508619246862,9e-4,0,824585.423,23.9,30797.88,0,14.86,0,-1,1.62,0.48544670702090625,1
2021-01-27,1,35000,30022.2275260417,622.650286458333,9,1.16638564007061,0.951697408767433,1.13866028645833,8e-4,0,2305707.074,76.8,37002.09,0,2190.63,1,2.2154325526580703,1.16,0.1539097708715489,1
2021-01-27,1,36000,30888.8170038168,642.034282442748,9,1.16569472202418,0.952971296786908,1.14917145038168,8e-4,0,8092870.055,262,37002.09,0,1179.48407407407,1,0.5608045043752873,1.16,0.15331723720257676,1
2021-01-27,1,37000,30493.7587072529,440.640629462608,9,1.2136235956812,0.953528476185914,1.15851871476888,8e-4,0,16228778.384,532.2,37002.09,0,267.216105442177,0.301020408163265,-0.9952569058315267,1.21,0.19361059158005373,1
2021-01-27,1,38000,30670.8448604061,349.856789340102,9,1.23971856437109,0.95136750168457,1.15131560913706,8e-4,0,2416862.575,78.7999999999999,37002.09,0,47.2361300309598,0,-1,1.23,0.21488438963980686,1
2021-01-27,1,39000,31014.4259099437,327.56960600375203,9,1.25790913849403,0.955043442778919,1.1804617260788,8e-4,0,1653068.901,53.3,37002.09,0,22.0505660377358,0,-1,1.25,0.22945092871747544,1
2021-02-17,1,20000,51217.7925,31691.01,9,0.390489301929674,0.999999445950388,3.258875,4e-4,0,20487.117,0.4,46800.42,0,26842.61,1,-0.15432105193239345,0.39,-0.940354705904368,1
2021-02-17,1,26000,51105.886,25552.94,9,0.508747692518647,0.999167345007546,2.02396,4e-4,0,25552.943,0.5,46800.42,0,19923.66,1,-0.1859872092995953,0.5,-0.6758030778255011,1
2021-02-17,1,34000,51620.9681818182,18216.7633333333,9,0.65877272755756,0.986977526065887,1.44322727272727,4e-4,0,170349.195,3.3,46800.42,0,12791.3,1,-0.29732742497798154,0.65,-0.4173766786855678,1
2021-02-17,1,36000,50614.0482539683,15291.7182539683,9,0.711344654029252,0.985183514512959,1.40174126984127,4e-4,0,318868.504,6.3,46800.42,0,10546.75,1,-0.2937078868035501,0.71,-0.3405982211599119,1
2021-02-17,1,40000,51654.8033088236,12499.6444852941,9,0.774697848756593,0.971334031253005,1.2342,4e-4,0,702505.325,13.6,46800.42,0,6284.99282608696,1,-0.45595092660429426,0.77,-0.2552821982209988,1
2021-02-17,1,44000,52221.1617118496,9315.48933537385,9,0.842641251166787,0.955663892304283,1.09760480979449,4e-4,0,23885959.367,457.4,46800.42,0,2199.99582132565,1,-0.6993802580648211,0.84,-0.17121397363725258,1
2021-02-17,1,48000,50986.2447883544,6311.39230435681,9,0.941453352077578,0.96935697660646,1.3600026842866,4e-4,0,24692638.351,484.3,46800.42,0,267.269012085172,0,-1,0.94,-0.0603304784983959,1
2021-02-17,1,50000,50902.0111572498,4253.75784206944,9,0.982288565642431,0.946856230801247,1.07498699795779,4e-4,0,14955010.878,293.8,46800.42,0,32.6287826086957,0,-1,0.98,-0.017870158761579526,1
2021-02-17,1,52000,51211.8812648744,3524.24539444689,9,1.01562877745187,0.951789114926677,1.11283137946232,4e-4,0,11619975.859,226.9,46800.42,0,23.539693877551,0,-1,1.01,0.015507905866274352,1
2021-02-17,1,56000,51915.7447124333,2138.62640732265,9,1.07886460519717,0.944618422742967,1.08073463005339,4e-4,0,34030770.659,655.5,46800.42,0,23.4985657370518,0,-1,1.07,0.07590919665752793,1
2021-02-17,1,64000,51259.3348852459,591.396204918033,9,1.24883616501046,0.949023840100802,1.13670286885246,4e-4,0,6253638.856,122,46800.42,0,23.5308,0,-1,1.24,0.22221204960954347,1
2021-03-17,1,40000,56937.674,17271.296,9,0.703086252221994,0.984390601612843,1.38257,2e-4,0,56937.674,1,51415.92,0,12573.4430434783,1,-0.3390235451931344,0.7,-0.35227570305879297,1
2021-03-17,1,44000,55692.43,12252.33,9,0.79005351355651,0.967962547480479,1.1901,2e-4,0,27846.215,0.5,51415.92,0,8589.22870588235,1,-0.3947338995929755,0.79,-0.23565459713610404,1
2021-03-17,1,48000,56537.4083333333,9364.52166666667,9,0.849537236734341,0.945718024758609,1.036775,2e-4,0,67844.89,1.2,51415.92,0,4639.55564102564,1,-0.6352274978273497,0.84,-0.16306350512353138,1
2021-03-17,1,50000,56084.3676333333,7227.8226,9,0.891733300162858,0.928445037128555,0.949596666666666,2e-4,0,1682531.029,30,51415.92,0,2004.92674242424,1,-0.8041014454339267,0.89,-0.11458818195761689,1
2021-03-17,1,52000,56975.6517508196,6475.75777704918,9,0.913216582013734,0.930988883196582,0.967915868852458,2e-4,0,8688786.892,152.5,51415.92,0,532.625394013439,0.691508857666463,-1,0.91,-0.09078220635104042,1
2021-03-17,1,54000,55647.9264052287,4313.21666666667,9,0.970534983749825,0.926159908265984,0.958326470588235,2e-4,0,5108479.644,91.8,51415.92,0,26.3017857142857,0,-1,0.97,-0.029907829882285776,1
2021-03-17,1,58000,56673.6467508233,2859.47689901207,9,1.0241652229071,0.922328208185901,0.952469923161361,2e-4,0,10325938.438,182.2,51415.92,0,26.1,0,-1,1.02,0.023877864096939865,1
2021-03-17,1,60000,57189.2945879017,2367.75528733459,9,1.0493437982063,0.927091579355078,0.980501587901701,2e-4,0,30253136.837,529,51415.92,0,25.9925714285714,0,-1,1.04,0.04816501471498673,1
2021-03-24,1,56000,54226.3616189001,1889.95798605732,9,1.03312159472522,0.86335780540148,0.74118450813323,2e-4,0,7000623.285,129.1,58736.92,0,3387.07106666667,1,0.4481380116335511,1.03,0.03258489349597829,1
2021-03-24,1,58000,54591.7803992158,1426.46249866334,9,1.06331976800418,0.867899564223581,0.76358761361611,2e-4,0,30631447.982,561.1,58736.92,0,1937.86996062992,0.999999999999999,-0.4833933589628009,1.06,0.06139587068442748,1
2021-03-24,1,60000,55237.1807055541,1040.28315838427,9,1.08687006317581,0.860240704014745,0.746968469306404,2e-4,0,41571502.199,752.6,58736.92,0,168.490513478819,0.0188275566966196,-1,1.08,0.08330206389717322,1
2021-03-24,1,62000,56590.9502292371,957.732500939496,9,1.09577435616921,0.862538340992489,0.75467279218339,2e-4,0,30117703.712,532.2,58736.92,0,29.31,0,-1,1.09,0.0914612879220941,1
2021-04-21,1,50000,55954.21,6686.53,9,0.893587810461447,0.881554323353628,0.7546,3e-4,0,279771.05,5,53584.15,0,4179.415,1,-0.4639745877159002,0.89,-0.11251067225410685,1
2021-04-21,1,52000,54913.5242134832,4120.52887640449,9,0.946988120214781,0.850142345093659,0.673516292134832,3e-4,0,977460.731,17.8,53584.15,0,2137.29440559441,1,-0.615546924310768,0.94,-0.05446873052650606,1
2021-04-21,1,54000,55119.3062605042,2897.65810084034,9,0.979935195718902,0.832635249253101,0.63604756302521,3e-4,0,6559197.445,119,53584.15,0,201.096082051282,0.238974358974359,-1,0.97,-0.020268836321440796,1
2021-04-21,1,56000,54950.1117246689,1746.79390206344,9,1.01924758745047,0.82162346004929,0.62089553433939,3e-4,0,17842301.277,324.7,53584.15,0,28.5415081521739,0,-1,1.01,0.019064695729357026,1
2021-05-05,1,52000,54293.68,3963.655,9,0.95775814683151,0.872211705952559,0.74475,2e-4,0,10858.736,0.2,49702.27,0,28.3905974395448,0,-1,0.95,-0.043159989218282076,1
2021-05-05,1,54000,55705.5816666667,3744.31342105263,9,0.96997275998279,0.875603952497895,0.759791228070176,2e-4,0,635043.631,11.4,49702.27,0,24.8376180555556,0,-1,0.96,-0.0304872903709982,1
2021-05-05,1,70000,55726.4813821138,128.982520325203,9,1.2571325969532,0.869697884044352,0.813821138211382,2e-4,0,685435.721,12.3,49702.27,0,25,0,-1,1.25,0.22883341088104206,1
2021-06-02,1,35000,37802.05,3855.80666666667,9,0.925875723117287,0.92557172665309,0.943833333333333,2e-4,0,11340.615,0.3,36704.57,0,1698.735,1,-0.557921299650225,0.92,-0.07701526163936323,1
2021-06-02,1,36000,37544.3795049505,2887.31376237624,9,0.958874440715126,0.906471980718267,0.868426732673267,2e-4,0,379198.233,10.1,36704.57,0,617.769202898551,1,-0.7559773346488872,0.95,-0.041995139974779036,1
2021-06-02,1,37000,37679.7789772727,2431.19829545455,9,0.982090591605598,0.908829378110115,0.885939772727273,2e-4,0,331582.055,8.8,36704.57,0,250.55158714703,0.3047711781889,-1,0.98,-0.018071722738445078,1
2021-06-02,1,38000,37613.0153038309,1864.08240422721,9,1.01046822196904,0.901913380562344,0.864845244385733,2e-4,0,5694610.517,151.4,36704.57,0,24.8148514851485,0,-1,1.01,0.010413809538287234,1
2021-06-02,1,39000,37941.9155045872,1447.00816513761,9,1.02789005034455,0.88581302951201,0.810235321100917,2e-4,0,827133.758,21.8,36704.57,0,18.0872552783109,0,-1,1.02,0.02750820639513542,1
2021-06-09,1,34000,34043.7653745928,2036.15436482085,9,0.999218785092796,0.920036997018969,0.936790553745928,3e-4,0,1045143.597,30.7,38068.04,0,3647.505625,1,0.9979035333885037,0.99,-7.815202145870472e-4,1
2021-06-09,1,37000,35079.1321467244,1273.84412696264,9,1.05534430311275,0.914886651578661,0.926921061180292,3e-4,0,25916462.83,738.8,38068.04,0,875.331428571429,1,-0.1615614678487858,1.05,0.053867067347631595,1
2021-06-09,1,38000,34042.8748662471,698.215239968529,9,1.11817754384535,0.905198860189387,0.901307985837923,3e-4,0,8653698.791,254.2,38068.04,0,237.623240343348,0.00858369098712446,-0.9025515398330927,1.11,0.11170016699536599,1
2021-06-09,1,40000,35687.6444575472,659.883977987421,9,1.12206138327354,0.907462731529178,0.910932822327044,3e-4,0,9078936.75,254.4,38068.04,0,18.8009468438538,0,-1,1.12,0.11516751440397928,1
2021-06-23,1,32000,33875.8998039216,3298.91647058824,9,0.944695669156315,0.948643637434592,1.0752568627451,5e-4,0,345534.178,10.2,33536.88,0,931.721767676768,1,-0.5341258217047394,0.94,-0.056892446576278975,1
2021-06-23,1,33000,33564.2809930314,2282.25921602787,9,0.983259238870319,0.926489677208529,0.963757665505226,5e-4,0,1926589.729,57.4,33536.88,0,257.833914027149,0.504524886877828,-0.7647594119766976,0.98,-0.016882471456728353,1
2021-06-23,1,34000,33937.0429667644,1832.26852883675,9,1.00190813639928,0.911605567778448,0.900349169110459,5e-4,0,6943518.991,204.6,33536.88,0,134.99701754386,0,-1,1,0.0019063182195433184,1
2021-06-23,1,35000,34187.7185988484,1635.66280230326,9,1.02384108134088,0.919727573628978,0.940705182341651,5e-4,0,7124720.556,208.4,33536.88,0,22.9246601941748,0,-1,1.02,0.023561320570433805,1
2021-06-23,1,36000,33708.5105440901,1119.61786116323,9,1.06808574854665,0.919989888730241,0.952742589118199,5e-4,0,1796663.612,53.3,33536.88,0,16.9,0,-1,1.06,0.0658680262163794,1
2021-06-23,1,50000,33983.1979865772,30.6146308724832,9,1.47145697054849,0.935919364114636,1.0923389261745,5e-4,0,506349.65,14.9,33536.88,0,16.81,0,-1,1.47,0.3862530463667871,1
2021-06-30,1,33000,34505.53,2794.95,9,0.956368442971315,0.929252450151423,0.9689,5e-4,0,17252.765,0.5,32877.41,0,153.696188340807,0.0695067264573991,-1,0.95,-0.044612039580860165,1
2021-06-30,1,34000,34797.7352755906,2414.66503937008,9,0.977089190171601,0.929547267826439,0.975406036745407,5e-4,0,1325793.714,38.1,32877.41,0,17.7472944849116,0,-1,0.97,-0.023177341268145916,1
2021-07-14,1,30000,31943.64,2731.18,9,0.939154085132439,0.897256417211833,0.8257,6e-4,0,3194.364,0.1,32297.89,0,2774.04685064935,1,-0.15864571357435264,0.93,-0.06277571831324802,1
2021-07-14,1,32000,32086.5891304348,1597.70032608696,9,0.997411439365041,0.880424237134289,0.782496739130435,6e-4,0,295196.62,9.2,32297.89,0,645.57972972973,1,-0.813550767227054,0.99,-0.00259191675096373,1
2021-07-14,1,33000,31955.6807843137,1079.80245098039,9,1.03277856686598,0.871681103298851,0.764094117647059,6e-4,0,325947.944,10.2,32297.89,0,78.781261682243,0,-1,1.03,0.0322528078814167,1
2021-07-14,1,34000,32411.5840625,868.600649038461,9,1.04918732425522,0.861139498178855,0.736543990384615,6e-4,0,1348321.897,41.6,32297.89,0,16.2021698113208,0,-1,1.04,0.04801588759488338,1
2021-07-21,1,32000,31661.3260386847,1372.83625145068,9,1.01103282339929,0.878367271657837,0.779891141199226,5e-4,0,8184452.781,258.5,40005.93,0,8101.76,1,4.8316714695872225,1.01,0.01097240578163295,1
2021-07-21,1,33000,31764.0597496706,981.68380324989,9,1.03903372126753,0.870468624054331,0.762350285463329,5e-4,0,7232676.405,227.7,40005.93,0,7064.35923076923,1,6.1366462162324416,1.03,0.038291167093338185,1
2021-07-21,1,34000,31483.1487475017,632.386962025316,9,1.08054723736737,0.870270935300547,0.772723584277149,5e-4,0,4725620.627,150.1,40005.93,0,6057.96,1,8.497238812079695,1.08,0.07746761407247311,1
2021-07-21,1,35000,31187.283628612,365.174291804832,9,1.12290655773024,0.865576240353557,0.769673424917101,5e-4,0,6583635.574,211.1,40005.93,0,5016.22857894737,1,12.708330822684054,1.12,0.1159204645741736,1
2021-07-21,1,36000,31536.6523590022,283.21965835141,9,1.14196828971156,0.865773081709411,0.774572288503254,5e-4,0,5815358.695,184.4,40005.93,0,3977.78450704225,1,13.144251226479374,1.14,0.13275334352041812,1
2021-07-21,1,40000,31461.0810505837,64.8085992217899,9,1.27171807442574,0.88098841482198,0.849492996108949,5e-4,0,808549.783,25.7,40005.93,0,160.470721975934,0.155794806839772,-0.90849979676761,1.27,0.2403688007498381,1
2021-08-25,1,48000,47569.685199398,2183.5080662152,9,1.00908962767436,0.883331377228844,0.795599774266366,6e-4,0,6322011.163,132.9,49329.01,0,875.3354375,1,-0.39134184088284524,1,0.00904856564685571,1
2021-08-25,1,49000,48367.7633628319,2124.16277387855,9,1.01320994443108,0.883300423994574,0.796640250228868,6e-4,0,15850116.054,327.7,49329.01,0,280.966333333333,0.0791666666666666,-0.8451107400779573,1.01,0.013123453971951088,1
2021-08-25,1,50000,48145.482254902,1589.87433333333,9,1.0386853236318,0.87601588144169,0.779651960784314,6e-4,0,2455419.595,51,49329.01,0,57.1322840119166,0,-1,1.03,0.03795580159736262,1
2021-08-25,1,51000,47607.4076829268,1086.88170731707,9,1.07131946388925,0.871785963161283,0.774971951219512,6e-4,0,390380.743,8.2,49329.01,0,41.2303355155483,0,-1,1.07,0.0688910325981812,1
2021-08-25,1,52000,48140.6968829517,982.141488549618,9,1.08022134028423,0.870705074006233,0.773936832061069,6e-4,0,7567717.55,157.2,49329.01,0,24.34,0,-1,1.08,0.07716596484545105,1
2021-08-25,1,54000,48237.247974359,616.703282051282,9,1.11957773511246,0.870291091606262,0.782558461538461,6e-4,0,1881252.671,39,49329.01,0,24.35,0,-1,1.11,0.11295159199523871,1
2021-08-25,1,55000,48221.5662125341,485.85151226158,9,1.14065655544794,0.871418206869596,0.790950408719346,6e-4,0,7078925.92,146.8,49329.01,0,24.34,0,-1,1.14,0.13160402245629757,1
2021-09-15,1,30000,47945.14,18003.4,9,0.62571514026239194,1,0,4e-4,0,9589.028,0.2,44888.96,0,14902.71,1,-0.17299176822155826,0.62,-0.4688600589517396,1
2021-09-15,1,32000,47161.83,15304.01,9,0.678514807419475,0.978830877306931,1.2858,4e-4,0,37729.464,0.8,44888.96,0,12324.18,1,-0.15780504586706368,0.67,-0.3878489761878314,1
2021-09-15,1,40000,47846.495,8171.0075,9,0.836042759097072,0.918291926905866,0.883275,4e-4,0,95692.99,2,44888.96,0,4637.33506849315,1,-0.4016698675163376,0.83,-0.1790755199601097,1
2021-09-15,1,44000,47764.5824489796,4691.87619047619,9,0.921213485991891,0.890333366713125,0.795138775510204,4e-4,0,702139.362,14.7,44888.96,0,878.458404907975,0.99079754601227,-0.8105320848396521,0.92,-0.08206347155104628,1
2021-09-15,1,46000,47428.9962546816,3032.18101123596,9,0.969923638628754,0.872602134432071,0.749053183520599,4e-4,0,1266354.2,26.7,44888.96,0,30.975652173913,0,-1,0.96,-0.03053793364667175,1
2021-09-22,1,41000,41459.245,2707.7,9,0.989073831757355,0.920807577559678,0.9374,3e-4,0,132669.584,3.2,43757.81,0,2866.75785714286,1,0.018506481515676722,0.98,-0.010986297206125388,1
2021-09-22,1,42000,42619.93625,2547.74375,9,0.985514953176183,0.900689048316655,0.852505,3e-4,0,340959.49,8,43757.81,0,1798.6709375,1,-0.31005227664673984,0.98,-0.014590979317073514,1
2021-09-22,1,43000,42188.7555581877,1942.90370743263,9,1.01926087348219,0.901329202265356,0.863884275984602,3e-4,0,14247142.752,337.7,43757.81,0,925.700740740741,1,-0.6099600834045582,1.01,0.019077730781185083,1
2021-09-22,1,44000,43175.0691716482,1783.83563905494,9,1.01922250457281,0.885673493080039,0.807248562482209,3e-4,0,15167401.8,351.3,43757.81,0,200.971487455197,0.168458781362007,-1,1.01,0.01904008621680207,1
2021-09-22,1,45000,42302.3108032956,1176.09760041195,9,1.06385375769068,0.887786883241896,0.826008238928939,3e-4,0,4107554.379,97.1,43757.81,0,23.4404069767442,0,-1,1.06,0.061897935693479726,1
2021-09-22,1,46000,42500.8590415704,917.808810623556,9,1.08256016979741,0.881882741362557,0.81132713625866,3e-4,0,3680574.393,86.6,43757.81,0,21.99,0,-1,1.08,0.07932876345823053,1
2021-09-22,1,47000,42341.3353316708,647.43421446384,9,1.11016975777442,0.878407160378396,0.806511670822943,3e-4,0,8489437.734,200.5,43757.81,0,22.39,0,-1,1.11,0.10451293856279824,1
2021-10-06,1,44000,54544.56,10854.37,9,0.806679896216965,0.927464072654412,0.9186,4e-4,0,234541.608,4.3,57397.74,0,15026.16,1,0.2343176066413801,0.8,-0.21482834836503273,1
2021-10-06,1,48000,53048.4025,5876.315,9,0.905946341060286,0.879329019902291,0.754575,4e-4,0,63658.083,1.2,57397.74,0,11698.58,1,0.5992573577148261,0.9,-0.09877520089587331,1
2021-10-06,1,50000,54022.8470609319,5128.14182795699,9,0.92580005490568,0.887174258723771,0.787002150537634,4e-4,0,1507237.433,27.9,57397.74,0,9511.0072,1,0.4425771065203159,0.92,-0.07709699107876866,1
2021-10-06,1,51000,51062.3522738853,2446.76397452229,9,0.998974036635399,0.86519776831323,0.734826050955414,4e-4,0,8016789.307,157,57397.74,0,7801.53454545454,1,1.6147761151539362,0.99,-0.0010264900252676343,1
2021-10-06,1,52000,51546.6143718593,2262.10829145729,9,1.0089875545821,0.86645708739051,0.741746231155779,4e-4,0,6154665.756,119.4,57397.74,0,7273.70892307692,1,1.3861545534244424,1,0.008947406887176598,1
2021-10-06,1,54000,52780.5921485148,2046.23403960396,9,1.02401969610436,0.864927445953686,0.74132405940594,4e-4,0,5330839.807,101,57397.74,0,5230.3,1,0.6604845458721899,1.02,0.02373576090924987,1
2021-10-06,1,55000,53826.8230970724,2025.28338726246,9,1.02227226076868,0.863576405439312,0.736766204417052,4e-4,0,20960164.914,389.4,57397.74,0,4175.628,1,0.1839034552300263,1.02,0.022027856272695896,1
2021-10-06,1,56000,53708.5648409405,1586.64429460581,9,1.04339526712636,0.857049303605597,0.725193637621023,4e-4,0,15532516.952,289.2,57397.74,0,3429.23,1,-0.11905900726964386,1.04,0.04248007558509509,1
2021-10-06,1,57000,54696.6282061447,1549.93666005946,9,1.04211389099591,0.859200221423773,0.729468830525273,4e-4,0,11037779.572,201.8,57397.74,0,711.877003703704,0.910740740740741,-0.7433830618699351,1.04,0.04125123773827589,1
2021-10-06,1,58000,54028.6449464727,1221.82491078781,9,1.07437308675876,0.869936989646248,0.771426626406807,4e-4,0,19682635.354,364.3,57397.74,0,362.184385451505,0.0861204013377927,-1,1.07,0.07173731635875227,1
2021-10-06,1,59000,55509.75,1332.23,9,1.0628763415436,0.874690695006028,0.7822,4e-4,0,5550.975,0.1,57397.74,0,311.761039325843,0.25,-1,1.06,0.060978762906816926,1
2021-10-06,1,60000,54400.2629965212,798.59359424415,9,1.10323724268864,0.864413572325773,0.761440607210626,4e-4,0,34402726.319,632.4,57397.74,0,137.837254966887,0,-1,1.1,0.09824880570944625,1
2021-10-06,1,62000,55293.6084821429,663.029464285714,9,1.12128738123264,0.874694329315058,0.796832142857143,4e-4,0,619288.415,11.2,57397.74,0,35.2561224489796,0,-1,1.12,0.11447747272712698,1
2021-10-06,1,65000,54550.928965669,284.36517165493,9,1.19182327739024,0.874020047090697,0.810981822183099,4e-4,0,12393971.061,227.2,57397.74,0,29.54,0,-1,1.19,0.17548430042901653,1
2021-10-13,1,60000,56432.8085588471,1665.5988991193,9,1.0633119560237,0.895585354028988,0.852915612489992,5e-4,0,14096915.578,249.8,62354.86,0,1944.59,1,0.4138217798085441,1.06,0.061388523873607714,1
2021-10-13,1,61000,56194.4327149321,1262.28914027149,9,1.08555734214662,0.888788769093436,0.834585520361991,5e-4,0,1241896.963,22.1,62354.86,0,1751.98,1,0.07333570160367595,1.08,0.08209353450213103,1
2021-10-13,1,62000,56369.3895230263,1065.26761513158,9,1.10004745451762,0.887209942965071,0.832726809210526,5e-4,0,3427258.883,60.8,62354.86,0,892.007397260274,1,-0.6668818286040087,1.1,0.09535331934436514,1
2021-10-13,1,64000,56312.0905819477,705.560083135392,9,1.13660299036014,0.883220261901727,0.828412589073635,5e-4,0,4741478.027,84.2,62354.86,0,186.772849740933,0,-1,1.13,0.12804398084710458,1
2021-10-13,1,65000,55893.5072245467,519.173682008368,9,1.1631016633137,0.884462638685988,0.837624267782427,5e-4,0,4007564.468,71.7,62354.86,0,76.3409803921569,0,-1,1.16,0.151090284431217,1
2021-10-20,1,50000,64216.0034953538,14821.4139456755,9,0.778661340192772,0.956198105775647,1.09258660948296,5e-4,0,26951456.667,419.7,60587.09,0,11492.4633333333,1,-0.28568960837309104,0.77,-0.2501790642313833,1
2021-10-20,1,55000,64785.9953266332,10795.8197815163,9,0.849273775339219,0.938947134643572,0.994058881363338,5e-4,0,29652550.061,457.7,60587.09,0,6664.07571428571,1,-0.4824765406360576,0.84,-0.1633736766439204,1
2021-10-20,1,60000,65330.0745365689,7010.27576002696,9,0.918602119853392,0.908731899871007,0.867884967981126,5e-4,0,19383433.115,296.7,60587.09,0,1371.08363957597,1,-0.9162529378162809,0.91,-0.08490219939291946,1
2021-10-20,1,61000,65786.3409333333,6630.3776,9,0.927266901906832,0.904918418371544,0.852908,5e-4,0,493397.557,7.5,60587.09,0,681.703155080214,0.796791443850267,-1,0.92,-0.07551383478521662,1
2021-10-20,1,62000,64410.2755660377,5030.79735849057,9,0.962667317758912,0.90857540683221,0.877256603773585,5e-4,0,682748.921,10.6,60587.09,0,362.307186654644,0,-1,0.96,-0.03804739129539849,1
2021-10-20,1,63000,64725.6273684211,4539.07578947368,9,0.973377251042473,0.898957672762047,0.842157894736842,5e-4,0,122978.692,1.9,60587.09,0,142.180833333333,0,-1,0.97,-0.026983552471790465,1
2021-10-20,1,64000,64814.8151612903,4121.24935483871,9,0.98766283878605,0.903622637039826,0.864058064516129,5e-4,0,200925.927,3.1,60587.09,0,34.6077551020408,0,-1,0.98,-0.012413895764870349,1
2021-10-20,1,65000,64734.0043083573,3628.38612391931,9,1.00440725011658,0.905034367746585,0.874012968299712,5e-4,0,4492539.899,69.4,60587.09,0,30.8665079365079,0,-1,1,0.004397566631055048,1
2021-10-20,1,66000,66017.9850461797,3708.12588581024,9,0.999958790214065,0.896811842144677,0.841346935348447,5e-4,0,7862742.019,119.1,60587.09,0,30.68,0,-1,0.99,-4.1210635081583026e-5,1
2021-10-20,1,68000,64603.6805116279,2280.16554651163,9,1.05269020075142,0.899592068353831,0.865063139534884,5e-4,0,5555916.524,86,60587.09,0,30.81,0,-1,1.05,0.05134898355072936,1
2021-11-03,1,61000,61196.0956603774,3184.08283018868,9,0.996825159478414,0.885885282102739,0.801279245283019,5e-4,0,324339.307,5.3,64838.81,0,4024.01,1,0.20562504329465586,0.99,-0.003179891020272987,1
2021-11-03,1,62000,61886.1932432432,3120.92572072072,9,1.00189996830048,0.884380924719554,0.798036036036036,5e-4,0,1373873.49,22.2,64838.81,0,2766.15115384615,1,-0.090394884712467,1,0.001898165643674515,1
2021-11-03,1,63000,62870.96540625,3053.56189583333,9,1.00214168097438,0.878185004650359,0.777079166666667,5e-4,0,6035612.679,96,64838.81,0,2090.31,1,-0.39781472826566733,1,0.0021393908449168246,1
2021-11-03,1,64000,62615.3765691397,2456.58747126437,9,1.02214475019009,0.871953549857839,0.76224009056078,5e-4,0,17976874.613,287.1,64838.81,0,987.12675,1,-0.6585466588054061,1.02,0.021903115989209795,1
2021-11-03,1,65000,63024.8950585336,2449.99587184227,9,1.03135571930906,0.880163563683362,0.791394023413432,5e-4,0,10228940.468,162.3,64838.81,0,394.76312345679,0.666666666666667,-1,1.03,0.030874169106012903,1
2021-11-03,1,66000,62803.3006198347,1845.18330578512,9,1.05096114266425,0.871706276211458,0.769446694214876,5e-4,0,1519839.875,24.2,64838.81,0,106.880748663102,0,-1,1.05,0.049705119436127064,1
2021-11-03,1,67000,61681.6305273437,1213.4204296875,9,1.08635660616539,0.87286509134736,0.78251015625,5e-4,0,3158099.483,51.2,64838.81,0,32.4503963963964,0,-1,1.08,0.08282953424601677,1
2021-11-03,1,68000,62879.1562083333,1343.78122916667,9,1.08149095100446,0.874047997969903,0.784901875,5e-4,0,3018199.498,48,64838.81,0,32.5004529616725,0,-1,1.08,0.0783405992973406,1
2021-11-03,1,70000,62916.3300333704,869.305973303671,9,1.11262807993603,0.870398758045321,0.781324360400445,5e-4,0,5656178.07,89.9,64838.81,0,32.31,0,-1,1.11,0.10672485646392141,1
2021-11-03,1,75000,62815.5192446043,337.01726618705,9,1.19413249440476,0.869676866658435,0.798309352517986,5e-4,0,1746271.435,27.8,64838.81,0,32.44,0,-1,1.19,0.17741997565220363,1
2021-11-10,1,60000,66876.4225,7935.01,9,0.897212763604582,0.8961221246986,0.808875,5e-4,0,26750.569,0.4,56921.34,0,28.4875630252101,0,-1,0.89,-0.10846225039560776,1
2021-11-10,1,61000,63783.5726388889,4794.90743055556,9,0.956373897172265,0.896290673681808,0.827783333333333,5e-4,0,918483.446,14.4,56921.34,0,28.475,0,-1,0.95,-0.044606336563955545,1
2021-11-10,1,63000,63926.4049295775,3660.0238028169,9,0.985520374072822,0.891836887261911,0.819069014084507,5e-4,0,453877.475,7.1,56921.34,0,28.5866666666667,0,-1,0.98,-0.014585478759509588,1
2021-11-10,1,64000,65287.2088359788,3963.26952380952,9,0.98070365901309,0.886782683416101,0.800020634920635,5e-4,0,1233928.247,18.9,56921.34,0,28.6225,0,-1,0.98,-0.019484945569011744,1
2021-11-10,1,68000,66426.7349808429,2522.16925287356,9,1.02417618365307,0.869799810055393,0.756230459770115,5e-4,0,6934951.132,104.4,56921.34,0,28.15,0,-1,1.02,0.02388856616636536,1
2021-11-17,1,50000,59701.8828571429,10132.2628571429,9,0.837494543269642,0.913484460317741,0.861514285714286,5e-4,0,83582.636,1.4,58935.45,0,8649.86,1,-0.11811900994052776,0.83,-0.1773405308030764,1
2021-11-17,1,56000,59666.9955,5161.32125,9,0.93854578030293,0.898401445709692,0.8301525,5e-4,0,238667.982,4,58935.45,0,1555.18,1,-0.4312599704968961,0.93,-0.0634236438544781,1
2021-11-17,1,58000,59814.0115189874,3957.11531645569,9,0.969818359369586,0.888688586699498,0.803462025316456,5e-4,0,472530.691,7.9,58935.45,0,297.792604166667,0.196180555555556,-0.7636030478793675,0.96,-0.03064648340161848,1
2021-11-17,1,59000,59639.16,3220.51,9,0.989282880577124,0.881317660172609,0.7834,5e-4,0,11927.832,0.2,58935.45,0,82.2593849206349,0,-1,0.98,-0.010774961384588532,1
2021-11-17,1,60000,60082.9537371429,2900.81897142857,9,0.998636529109472,0.877071256180435,0.772157714285714,5e-4,0,5257258.452,87.5,58935.45,0,37.5113681241185,0,-1,0.99,-0.0013644012627491299,1
2021-11-24,1,55000,56337.8010526316,3702.87605263158,9,0.97626022895298,0.905061630839199,0.866480263157895,6e-4,0,428167.288,7.6,56508.48,0,1507.24540540541,1,-0.5926193643646407,0.97,-0.024026100082385305,1
2021-11-24,1,56000,56277.3925806451,3048.77516129032,9,0.99509190288691,0.894616765298878,0.832029032258064,6e-4,0,174459.917,3.1,56508.48,0,751.79253164557,1,-0.8332182686161739,0.99,-0.004920181378439234,1
2021-11-24,1,57000,56499.1297177135,2667.23451658433,9,1.00887195523423,0.887097859576728,0.80847565278758,6e-4,0,8005926.681,141.7,56508.48,0,143.746743215031,0,-1,1,0.008832830676658281,1
2021-11-24,1,58000,56751.3496007984,2304.91281437126,9,1.02203246691943,0.885715206564463,0.807355189620759,6e-4,0,5686485.23,100.2,56508.48,0,32.1366610169491,0,-1,1.02,0.021793259299845432,1
2021-11-24,1,59000,56434.1825,1703.42538461538,9,1.04549333648881,0.8738697776897,0.774578846153846,6e-4,0,293457.749,5.2,56508.48,0,28.25,0,-1,1.04,0.04448886635003743,1
2021-11-24,1,60000,56809.7914117647,1501.88103529412,9,1.0561820644315,0.872322769767699,0.772522117647059,6e-4,0,2414416.135,42.5,56508.48,0,28.23,0,-1,1.05,0.05466057992278664,1
2021-11-24,1,63000,56628.0871334068,714.966504961411,9,1.11254969576518,0.862018749316731,0.756126130099228,6e-4,0,5136167.503,90.7,56508.48,0,28.2,0,-1,1.11,0.10665440441129134,1
2021-11-24,1,64000,56419.8820582524,546.353893203883,9,1.13437085800143,0.863356704557809,0.765393689320388,6e-4,0,5811247.852,103,56508.48,0,28.2,0,-1,1.13,0.1260781871158107,1
2021-11-24,1,74000,56435.46375,84.650625,9,1.31123381053764,0.890193424607415,0.885075,6e-4,0,90296.742,1.6,56508.48,0,28.32,0,-1,1.31,0.27096853406503096,1
2021-12-29,1,50000,47125.4676348301,1093.83495010691,9,1.06111576496709,0.860047919700283,0.737255678308387,5e-4,0,39670218.655,841.8,43120.63,0,20.97,0,-1,1.06,0.05932096297966138,1
2021-12-29,1,54000,47323.580387674,389.9788444334,9,1.141136320526,0.856654436811243,0.748424801192843,5e-4,0,19043008.748,402.4,43120.63,0,20.54,0,-1,1.14,0.13202453834990166,1
2022-01-12,1,40000,43350.09,4009.88,9,0.922720114306568,0.867272595608778,0.714,0.0012,0,4335.009,0.1,40684.42,0,197.302957349313,0.197039125837152,-0.8293165880275724,0.92,-0.08042932523502666,1
2022-01-12,1,41000,42714.9219117647,2878.58632352941,9,0.959853774467633,0.860651484133531,0.705897058823529,0.0012,0,290461.469,6.8,40684.42,0,83.1828186167899,0,-1,0.95,-0.04097432438474215,1
2022-01-12,1,42000,42885.0600403226,2358.03982526882,9,0.979455760173587,0.854152097303163,0.693119623655914,0.0012,0,3190648.467,74.4,40684.42,0,21.3287652645862,0,-1,0.97,-0.020758208341293452,1
2022-01-12,1,43000,43228.7500428265,1982.60912205567,9,0.994816430895329,0.849150188864582,0.683652676659529,0.0012,0,2018782.627,46.7,40684.42,0,20.4361016949153,0,-1,0.99,-0.005197050406689484,1
2022-01-12,1,44000,43452.8493744493,1543.12900440529,9,1.01266394483705,0.837207653606753,0.656848193832599,0.0012,0,9863796.808,227,40684.42,0,20.2137704918033,0,-1,1.01,0.012584427717511091,1
2022-01-12,1,45000,43480.3021936937,1174.36502252252,9,1.03501856645294,0.836725439468511,0.662588063063063,0.0012,0,9652627.087,222,40684.42,0,20.3464788732394,0,-1,1.03,0.0344193651583121,1
2022-01-12,1,48000,43728.9259293044,468.037452679589,9,1.09776514751831,0.827740360183149,0.658481003420753,0.0012,0,19175134.02,438.5,40684.42,0,19.97,0,-1,1.09,0.0932764290602845,1
2022-01-12,1,50000,43540.7106927922,204.400811756473,9,1.14839269745325,0.824397506753305,0.664800279916025,0.0012,0,6221967.558,142.9,40684.42,0,19.42,0,-1,1.14,0.13836331035675353,1
2022-01-12,1,56000,43776.8506976744,39.6888372093023,9,1.27922082621015,0.85052398534892,0.761976744186046,0.0012,0,188240.458,4.3,40684.42,0,19.34,0,-1,1.27,0.24625116305716635,1
2022-01-19,1,40000,41643.923880597,2493.71462686567,9,0.960540435413364,0.824953660788042,0.602477611940299,0.0017,0,279014.29,6.7,37146.85,0,18.67,0,-1,0.96,-0.040259199363575825,0
2022-01-26,1,36000,37333.3453284671,2454.47766423358,9,0.964391317387269,0.875143656823091,0.751756934306569,0.0019,0,511466.831,13.7,37092.4,0,1876.99291666667,1,-0.55493585624414,0.96,-0.036258135839592795,1
2022-01-26,1,37000,37445.4424131709,1897.6600405954,9,0.988417263197187,0.865834920778666,0.729974199368516,0.0019,0,8301654.583,221.7,37092.4,0,763.793698384201,1,-0.9513084546107582,0.98,-0.011650339219734846,1
2022-01-26,1,38000,37351.2464902042,1381.04659024594,9,1.01764720768754,0.860029507453953,0.720644685285536,0.0019,0,8960564.033,239.9,37092.4,0,80.3284466019417,0.199029126213592,-1,1.01,0.017493303730060264,1
2022-01-26,1,39000,37460.1247635135,1032.69584942085,9,1.04131480657843,0.855539980935168,0.714377557915058,0.0019,0,7761737.851,207.2,37092.4,0,19.0926829268293,0,-1,1.04,0.04048415177311316,1
2022-01-26,1,41000,37880.0487332838,590.308945022288,9,1.08244489661209,0.847962627242134,0.705001708766716,0.0019,0,10197309.119,269.2,37092.4,0,18.98,0,-1,1.08,0.07922227577631474,1
2022-02-02,1,36000,37869.3063714286,2627.64111428571,9,0.950872195456704,0.847936206808358,0.662389142857143,0.002,0,1325425.723,35,43531.11,0,7270.22,1,1.8661105807241238,0.95,-0.05037561510327513,0
2022-02-02,1,37000,37157.308503937,1542.69842519685,9,0.995954498086059,0.835704875838718,0.64374094488189,0.002,0,471897.818,12.7,43531.11,0,6253.08,1,3.2335623692405235,0.99,-0.004053707093665588,0
2022-02-02,1,38000,37655.3881267739,1248.60436140019,9,1.00926034953004,0.819468301928067,0.605723368022706,0.002,0,3980174.525,105.7,43531.11,0,5345.15521276596,1,3.429833957809815,1,0.0092177353726371,0
2022-02-02,1,39000,37937.8751635514,966.803598130841,9,1.02822637607744,0.813415613932925,0.59731261682243,0.002,0,1623741.057,42.8,43531.11,0,4983.17166666667,1,3.686691287413671,1.02,0.02783535298233015,0
2022-02-02,1,40000,37816.6418855932,617.38368220339,9,1.05791422699976,0.812191003316535,0.604723389830509,0.002,0,8924727.485,236,43531.11,0,3053.66171875,1,4.719474132192429,1.05,0.05629925926098977,0
2022-02-02,1,41000,38453.7795644891,518.638090452261,9,1.06629378501416,0.802847231566244,0.585394304857621,0.002,0,2295690.64,59.7,43531.11,0,1933.29,1,3.880301016442565,1.06,0.06418888347222075,0
2022-02-02,1,42000,38400.8317496635,327.080053835801,9,1.09387424065483,0.801899184725946,0.592589995513683,0.002,0,8559545.397,222.9,43531.11,0,1169.09775193798,1,3.6811475724185874,1.09,0.08972574369451088,0
2022-02-02,1,44000,38545.173368984,170.721497326203,9,1.14152424667037,0.813183770776311,0.633289661319073,0.002,0,2162384.226,56.1,43531.11,0,51.5654301075269,0,-1,1.14,0.13236442782245783,0
2022-02-02,1,45000,37913.7163970588,69.2838235294118,9,1.18703088314025,0.811206133989398,0.641486764705882,0.002,0,515626.543,13.6,43531.11,0,21.6170450097847,0,-1,1.18,0.17145513309888835,0
2022-02-16,1,37000,44209.45,7338.77,9,0.836925137046491,0.890451276628435,0.7567,0.0039,0,13262.835,0.3,38344.78,0,1551.54731617647,1,-0.816756758966421,0.83,-0.1780206544922493,0
2022-02-16,1,38000,43921.3172727273,6114.31727272727,9,0.865214442950081,0.875972245657151,0.714072727272727,0.0039,0,48313.449,1.1,38344.78,0,693.401287671233,1,-0.943611038711079,0.86,-0.14477789185014406,0
2022-02-16,1,39000,43979.46,5277.54,9,0.886777600270672,0.866531612477325,0.6901,0.0039,0,4397.946,0.1,38344.78,0,168.308629213483,0,-1,0.88,-0.12016106061326749,0
2022-02-16,1,40000,43733.188,4154.832,9,0.914642296721704,0.846357619867976,0.63732,0.0039,0,21866.594,0.5,38344.78,0,38.4686503067485,0,-1,0.91,-0.08922222268524971,0
2022-02-16,1,43000,43820.3311111111,1989.76444444444,9,0.981311773406881,0.816924328467177,0.581944444444444,0.0039,0,39438.298,0.9,38344.78,0,19.37,0,-1,0.98,-0.018865058076573567,0
2022-02-16,1,45000,44181.0340363636,1149.08842727273,9,1.01856211037455,0.798998248411104,0.552250272727273,0.0039,0,4859913.744,110,38344.78,0,19.39,0,-1,1.01,0.018391937029164442,0
2022-02-23,1,37000,37610.3821276596,1816.35042553192,9,0.984013683156688,0.841702892733579,0.65101914893617,0.0036,0,530306.388,14.1,42464.4,0,5211.04,1,2.008450309581504,0.98,-0.016115476379525567,0
2022-02-23,1,38000,38104.842942029,1525.61283333333,9,0.99732238300191,0.832955497475685,0.631579637681159,0.0036,0,5258468.326,138,42464.4,0,3300.46,1,1.9262994532142732,0.99,-0.0026812082265395966,0
2022-02-23,1,39000,38908.0943981482,1426.30930555556,9,1.00246500297265,0.824405962744965,0.610621894290124,0.0036,0,20169956.136,518.4,42464.4,0,2376.99333333333,1,1.428926170856459,1,0.0024619698362600756,0
2022-02-23,1,40000,38563.7545017921,862.370426523298,9,1.03732874995214,0.817948049033476,0.606625125448029,0.0036,0,10759287.506,279,42464.4,0,1395.81306569343,1,1.8577046756292295,1.03,0.03664889921167392,0
2022-02-23,1,41000,38451.530390625,544.7475,9,1.06655879684706,0.809815306416032,0.596716145833334,0.0036,0,1476538.767,38.4,42464.4,0,542.878571428571,1,1.6882179358326594,1.06,0.06443738806791344,0
2022-02-23,1,42000,38892.2924571805,445.31071146245,9,1.0800090950043,0.812010143924657,0.606539986824769,0.0036,0,5903849.995,151.8,42464.4,0,131.671895910781,0,0.042867346430675565,1.08,0.07696946240094714,0
2022-02-23,1,43000,38047.6166347992,200.284282982792,9,1.13057318214308,0.814521269152591,0.628996749521988,0.0036,0,1989890.35,52.3,42464.4,0,33.1966468253968,0,-1,1.13,0.12272474495568782,0
2022-02-23,1,44000,38543.7818384075,160.385456674473,9,1.14166213822718,0.812966951213746,0.6282481264637,0.0036,0,3291638.969,85.4,42464.4,0,20.68,0,-1,1.14,0.13248521652187367,0
2022-02-23,1,46000,38893.4604747775,77.7269732937685,9,1.18273211126125,0.811702993481297,0.636833234421365,0.0036,0,1310709.618,33.7,42464.4,0,20.68,0,-1,1.18,0.16782711071488904,0
2022-02-23,1,48000,38470.3361417323,48.1159448818898,9,1.24793135689015,0.840803276167827,0.723727165354331,0.0036,0,977146.538,25.4,42464.4,0,20.68,0,-1,1.24,0.22148726594267643,0
2022-03-09,1,38000,42178.1539393939,4769.85212121212,9,0.900956640877944,0.902266110833621,0.825839393939394,0.0038,0,139187.908,3.3,40946.78,0,2616.93329411765,1,-0.38220726238130004,0.9,-0.10429814586367944,1
2022-03-09,1,39000,41627.8530357143,3556.24455357143,9,0.937011600131871,0.885999736311443,0.775311607142857,0.0038,0,466231.954,11.2,40946.78,0,1485.61057142857,1,-0.4525742055492483,0.93,-0.06505961674364406,1
2022-03-09,1,40000,39956.1161375661,1889.0373015873,9,1.00157901212155,0.870566433392647,0.743200264550264,0.0038,0,1510341.19,37.8,40946.78,0,588.973483870968,1,-0.4988029091831862,1,0.0015777667926639009,1
2022-03-09,1,41000,40905.4356451613,1911.7135483871,9,1.00280646552022,0.871084312215848,0.745373387096774,0.0038,0,507227.402,12.4,40946.78,0,97.7525504587156,0,-1,1,0.0028025347485279876,1
2022-03-09,1,42000,41843.8228414634,1910.42575609756,9,1.00412115542623,0.873113893257389,0.752192317073171,0.0038,0,6862386.946,164,40946.78,0,31.3660614934114,0,-1,1,0.004112686724457393,1
2022-03-16,1,30000,40505.6463758389,10566.5367114094,9,0.740637554709981,0.969669718108424,0.20351677852349,0.0043,0,603534.131,14.9,44004.47,0,13920.66,1,0.32536046412240566,0.74,-0.3002439032951688,1
2022-03-16,1,32000,40232.4765217391,8334.40724637681,9,0.795379128283952,0.985104574018083,0.27855652173913,0.0043,0,555208.176,13.8,44004.47,0,11922.58,1,0.44035078262088356,0.79,-0.22893638708093209,1
2022-03-16,1,35000,40719.4819858156,6128.18539007092,9,0.859558823949748,0.921949490686002,0.900561702127659,0.0043,0,574144.696,14.1,44004.47,0,9293.97,1,0.4693533936798531,0.85,-0.1513360167690153,1
2022-03-16,1,38000,39674.9047222222,2999.8188510101,9,0.957917601767817,0.900164689436819,0.83370202020202,0.0043,0,3142252.454,79.2,44004.47,0,5986.11,1,1.001610863262018,0.95,-0.042993515391182756,1
2022-03-16,1,40000,40187.762444053304,2100.35969072165,9,0.995444396101809,0.88736677218656,0.798026351521247,0.0043,0,31965346.248,795.4,44004.47,0,4138.18538461539,1,0.9065639174517433,0.99,-0.004566012284650049,1
2022-03-16,1,42000,40437.8727898862,1373.46871807838,9,1.03883967649863,0.885015225250569,0.800288930467762,0.0043,0,79965893.442,1977.5,44004.47,0,2019.86916666667,1,0.45942166255119,1.03,0.038104394627149776,1
2022-03-16,1,44000,40190.7443372093,726.766098191214,9,1.09494849738899,0.882927685145681,0.807623798449612,0.0043,0,31107636.117,774,44004.47,0,227.394039101497,0.468386023294509,-0.9938494654454492,1.09,0.09070732781436021,1
2022-03-16,1,45000,40492.8743786417,605.761372623937,9,1.11142891681442,0.883392297143557,0.813247100964753,0.0043,0,42391990.187,1046.9,44004.47,0,49.2339371980676,0,-1,1.11,0.10564649989341424,1
2022-03-16,1,46000,40848.635341185996,504.890481316003,9,1.12622520411697,0.881362317939431,0.809971567831032,0.0043,0,20113868.042,492.4,44004.47,0,22.0527687983134,0,-1,1.12,0.11887151337571268,1
2022-03-30,1,42000,47221.0282989691,5411.71324742268,9,0.889434973830221,0.840043035547517,0.601529381443299,0.0055,0,916087.949,19.4,43464.32,0,1408.9,1,-0.7294165575573724,0.88,-0.11716887873036454,0
2022-03-30,1,44000,47245.7025182482,3689.0348540146,9,0.931303145608116,0.819279343561155,0.560597810218978,0.0055,0,2589064.498,54.8,43464.32,0,45.1753996101364,0,-1,0.93,-0.07117044180736114,0
2022-04-13,1,39000,39885.88,1794.86,9,0.977789633825304,0.806473053108236,0.5396,0.0075,0,119657.64,3,40514.01,0,1704.44513513513,1,-0.15647459969022534,0.97,-0.022460730422420055,0
2022-04-13,1,40000,40485.671245196,1601.21465026902,9,0.988132296362767,0.802223643050389,0.53360099923136,0.0075,0,5267185.829,130.1,40514.01,0,626.986240875912,1,-0.6789874487385915,0.98,-0.011938686997321485,0
2022-04-13,1,41000,40416.7853376906,1067.26437908497,9,1.01454461993898,0.793730170701104,0.52388431372549,0.0075,0,1855130.447,45.9,40514.01,0,73.3037598204265,0,-1,1.01,0.014439861513665685,0
2022-04-13,1,42000,40251.6581014024,631.733495145631,9,1.0435849428199,0.78587884209331,0.517492394822007,0.0075,0,7462657.412,185.4,40514.01,0,20.2823696682464,0,-1,1.04,0.04266184606203424,0
2022-04-13,1,43000,40953.0046650718,582.68456937799,9,1.05024040451966,0.786684722855716,0.522028708133971,0.0075,0,1711835.595,41.8,40514.01,0,20.32,0,-1,1.05,0.049019094648240676,0
2022-04-20,1,40000,41542.7972192513,2260.91604278075,9,0.962876188680144,0.809459608386275,0.537851336898396,0.0082,0,776850.308,18.7,39770.04,0,64.3090163934426,0,-1,0.96,-0.03783044379839023,0
2022-04-27,1,37000,38265.0523529412,2258.16235294118,9,0.966963446657185,0.848322203004377,0.649417647058824,0.0082,0,260202.356,6.8,36549.9,0,46.8951904761905,0,-1,0.96,-0.03359458501147416,0
2022-04-27,1,38000,38784.4909045226,1900.5291959799,9,0.97981993794067,0.832933611360357,0.609563316582915,0.0082,0,771811.369,19.9,36549.9,0,18.2130769230769,0,-1,0.97,-0.020386460994426977,0
2022-04-27,1,39000,38939.9548108747,1449.58189716312,9,1.00156844051705,0.829695483008021,0.609195862884161,0.0082,0,6588640.354,169.2,36549.9,0,18.19,0,-1,1,0.0015672117988353705,0
2022-04-27,1,42000,38807.1470457698,389.69411927878,9,1.08229914823316,0.807818887800334,0.582010540915395,0.0082,0,2797995.302,72.1,36549.9,0,18.17,0,-1,1.08,0.07908761932166618,0
2022-04-27,1,46000,38754.2837837838,66.0545945945946,9,1.18710467369636,0.810041189528087,0.620435135135135,0.0082,0,143390.85,3.7,36549.9,0,18.17,0,-1,1.18,0.17151729514007524,0
2022-04-27,1,48000,38919.2292857143,33.6973214285714,9,1.23333216411758,0.818867991300051,0.654385714285714,0.0082,0,217947.684,5.6,36549.9,0,18.17,0,-1,1.23,0.2097195829688468,0
2022-05-18,1,28000,28878.3915151515,1905.70828282828,9,0.969612111347858,0.901287097271296,0.826734343434344,0.0102,0,285896.076,9.9,29193.92,0,876.626470588236,1,-0.37350327394910093,0.96,-0.03085917266851371,1
2022-05-18,1,29000,29028.5321747668,1363.44562101129,9,0.999076136547984,0.880871462874152,0.759286057928326,0.0102,0,5913112.004,203.7,29193.92,0,123.361644832606,0.0596797671033479,-0.8577721054572278,0.99,-9.242904768836947e-4,1
2022-05-18,1,30000,29298.0982149498,1018.70854964671,9,1.02408350874228,0.871795916082276,0.736529527705467,0.0102,0,7878258.61,268.9,29193.92,0,31.1725052631579,0,-1,1.02,0.023798074798305494,1
2022-05-25,1,28000,29837.2163157895,2490.81263157895,9,0.938433297904546,0.887608670375448,0.7633,0.0105,0,56690.711,1.9,30429.88,0,2401.05148148148,1,-0.024462952695210642,0.93,-0.06354349857190637,1
2022-05-25,1,29000,29654.7006639839,1649.24698189135,9,0.977962769655117,0.868615147434474,0.710085311871228,0.0105,0,1473838.623,49.7,30429.88,0,1341.66318007663,1,-0.13301038855913494,0.97,-0.022283677509221937,1
2022-05-25,1,30000,29668.0466233766,1101.65965909091,9,1.01121937129112,0.853483567065573,0.673669805194805,0.0105,0,1827551.672,61.6,30429.88,0,452.455909774436,1,-0.6097887433268291,1.01,0.011156900962648326,1
2022-05-25,1,31000,29675.2382758621,668.23,9,1.04466605242577,0.840322570990661,0.646530144605117,0.0105,0,2667803.921,89.9,30429.88,0,37.5708757062147,0,-1,1.04,0.04369726728766208,1
2022-06-01,1,28000,31298.9433333333,3759.56,9,0.894699963055509,0.911770768353004,0.865933333333333,0.0112,0,9389.683,0.3,30083.46,0,2090.41,1,-0.44582344742469887,0.89,-0.11126685372118957,0
2022-06-01,1,29000,29859.9696590909,1784.31715909091,9,0.971624777787625,0.872658236301396,0.720371590909091,0.0112,0,262767.733,8.8,30083.46,0,989.890365853659,1,-0.3927873223211001,0.97,-0.028785580133567693,0
2022-06-01,1,30000,30072.6181298582,1282.51579789666,9,0.997679337373352,0.856378084409817,0.675538225880201,0.0112,0,6576881.585,218.7,30083.46,0,138.350319066148,0.291050583657588,-0.9349247782078985,0.99,-0.0023233595373825413,0
2022-06-01,1,31000,30837.5780275229,1169.02460832745,9,1.00566042296033,0.845188555534374,0.644357304163726,0.0112,0,8739369.613,283.4,30083.46,0,14.9022413793103,0,-1,1,0.005644462964844753,0
2022-06-29,1,20000,20090.7732201746,1016.9592628516,9,0.995509099672705,0.894648186081161,0.789425994180407,0.0173,0,2071358.719,103.1,21633.44,0,2213.6,1,0.6062000314739833,0.99,-0.00450101471332953,1
2022-06-29,1,20500,19978.6816666667,720.463269230769,9,1.02610670375861,0.883895312607521,0.758399358974359,0.0173,0,311667.434,15.6,21633.44,0,1339.4125,1,0.5732099725363662,1.02,0.025771741105704293,1
2022-06-29,1,21000,20040.2212703283,559.449291193618,9,1.04789970285063,0.880543975360886,0.753021356244247,0.0173,0,6531108.112,325.9,21633.44,0,868.573696498054,1,0.1322563277335058,1.04,0.04678787793218571,1
2022-06-29,1,21500,20114.2266233766,406.323662337662,9,1.0689083413178,0.87159899297282994,0.728855324675324,0.0173,0,774397.725,38.5,21633.44,0,416.612196382429,1,-0.6715918555363194,1.06,0.06663788591386724,1
2022-06-29,1,22000,19972.7555355536,269.147758775878,9,1.10151065257619,0.87179349666305594,0.738927542754275,0.0173,0,2218973.14,111.1,21633.44,0,168.95218125,0.438125,-1,1.1,0.09668255818598015,1
2022-06-29,1,22500,20090.7203896104,198.980909090909,9,1.11994874580494,0.865625928713634,0.724332467532468,0.0173,0,154698.547,7.7,21633.44,0,51.7123369565217,0,-1,1.11,0.11328292158569932,1
2022-06-29,1,23000,20250.1546659284,174.700882244371,9,1.13582697215604,0.866801961076693,0.732545293466224,0.0173,0,5485766.899,270.9,21633.44,0,48.2478139534883,0,-1,1.13,0.127360995455197,1
2022-06-29,1,23500,20273.0381149425,137.049938697318,9,1.15920145323589,0.870963187310292,0.751666743295019,0.0173,0,2645631.474,130.5,21633.44,0,32.4268382352941,0,-1,1.15,0.14773136567769923,1
2022-06-29,1,24000,20060.5440522876,76.3346623093682,9,1.19638760355144,0.872045260938681,0.764312854030501,0.0173,0,1841557.944,91.8,21633.44,0,11.21,0,-1,1.19,0.17930668626180113,1
2022-07-06,1,19000,20414.5475471698,1830.35132075472,9,0.930719281534338,0.899201885544982,0.783883018867925,0.0185,0,540985.51,26.5,20568.9,0,1606.53,1,-0.14284215155313068,0.93,-0.0717975707660705,1
2022-07-06,1,19500,19886.36,1203.12,9,0.980571607875951,0.898601331921954,0.7972,0.0185,0,1988.636,0.1,20568.9,0,1131.70931851852,1,-0.11155994414522113,0.98,-0.01961960401249274,1
2022-07-06,1,20000,20197.9004446978,1022.62828962372,9,0.990204884462803,0.88062556588426,0.731931584948689,0.0185,0,1771355.869,87.7,20568.9,0,519.384027777778,1,-0.44368838044825615,0.99,-0.00984340326269565,1
2022-07-06,1,20500,20042.5677227723,736.84370049505,9,1.02282975136458,0.88217778944231,0.747874257425743,0.0185,0,1619439.472,80.8,20568.9,0,170.622525,0.9225,-0.9064930595814135,1.02,0.022573052166496323,1
2022-07-06,1,21000,20057.6579404617,543.679817739976,9,1.04699569268549,0.876166082838292,0.734203280680437,0.0185,0,3301490.497,164.6,20568.9,0,19.2992736318408,0,-1,1.04,0.04592481792147515,1
2022-07-06,1,21500,20031.5757378741,387.648916408669,9,1.07330996284282,0.872196516374705,0.728702270381837,0.0185,0,1941059.689,96.9,20568.9,0,10.3,0,-1,1.07,0.07074729690223025,1
2022-07-20,1,21000,23383.1418378378,2747.73978378378,9,0.898114947178186,0.920425313483536,0.854114054054054,0.0244,0,432588.124,18.5,23856.25,0,2841.45778571429,1,0.039490717737032596,0.89,-0.10745721533250885,1
2022-07-20,1,21500,23610.140625,2533.55125,9,0.910765171729411,0.917252458549222,0.84290625,0.0244,0,37776.225,1.6,23856.25,0,2574.99,1,-0.06998131575195093,0.91,-0.09347018473162667,1
2022-07-20,1,22000,23512.2670783132,2081.04864457831,9,0.935813289395492,0.911136594367407,0.821461445783133,0.0244,0,780607.267,33.2,23856.25,0,1734,1,-0.10802181158233408,0.93,-0.06633929954432456,1
2022-07-20,1,22500,23291.04,1618.726,9,0.966036755729003,0.907949236456116,0.8163,0.0244,0,116455.2,5,23856.25,0,1426.99571428571,1,-0.16214973998070092,0.96,-0.034553396084573605,1
2022-07-20,1,23000,23920.9189838458,1741.91115685253,9,0.9616445701778,0.913344723682847,0.839779624804585,0.0244,0,9180848.706,383.8,23856.25,0,897.385547112462,1,-0.508442209218544,0.96,-0.03911036625681199,1
2022-07-20,1,23500,23614.36271556,1242.75729435084,9,0.995220938259541,0.905436097407129,0.814657020151966,0.0244,0,7148067.594,302.7,23856.25,0,499.978096658711,1,-0.7133390392320419,0.99,-0.004790517970612803,1
2022-07-20,1,24000,23692.0944857078,1063.02253582414,9,1.01312306530357,0.904601483140104,0.816041931127616,0.0244,0,31579192.74,1332.9,23856.25,0,126.190335954253,0.518942101501072,-1,1.01,0.013037703873476855,1
2022-07-20,1,24500,23412.4475792602,776.758778071334,9,1.0465351500034,0.908774131872344,0.843469848084544,0.0244,0,7089289.127,302.8,23856.25,0,22.0740409683426,0,-1,1.04,0.04548485049407625,1
2022-07-20,1,25000,23800.2237524728,735.962023986152,9,1.05055644611168,0.902590786284545,0.818190003709199,0.0244,0,38499241.942,1617.6,23856.25,0,11.8939482200647,0,-1,1.05,0.049319972474013554,1
2022-07-27,1,22000,21382.796460374,764.22785989908,9,1.02906877955102,0.890595984739744,0.766397536360938,0.0237,0,14407728.255,673.8,22608.3,0,703.2545,1,-0.2040332053841531,1.02,0.028654295775595817,1
2022-07-27,1,22500,21613.3689676531,632.824239504473,9,1.04125692798018,0.883071696178253,0.74192395044735,0.0237,0,3140422.511,145.3,22608.3,0,713.815387488329,1,-0.8288624340862756,1.04,0.04042856799916256,1
2022-07-27,1,23000,22238.7383111954,668.266204933586,9,1.0349842465498,0.874088769661202,0.707604743833017,0.0237,0,3515944.527,158.1,22608.3,0,161.889299065421,0.621495327102804,-1,1.03,0.034386205876665105,1
2022-07-27,1,23500,21749.6104095563,384.742764505119,9,1.08128625311483,0.874627402191304,0.724060409556314,0.0237,0,637263.585,29.3,22608.3,0,23.6765189873418,0,-1,1.08,0.07815130759419955,1
2022-07-27,1,24000,21585.2971749065,279.086402160366,9,1.11264374160441,0.880219320635366,0.752574117158288,0.0237,0,5195581.03,240.7,22608.3,0,11.4287804878049,0,-1,1.11,0.10673893264843838,1
2022-08-17,1,22000,23997.3,2255.48666666667,9,0.916961523492895,0.863758100338642,0.6161,0.0259,0,7199.19,0.3,21597.93,0,11.2582580645161,0,-1,0.91,-0.0866897667195083,1
2022-08-17,1,22500,23392.35,1462.02,9,0.961852913452475,0.875318154306285,0.6789,0.0259,0,4678.47,0.2,21597.93,0,10.77,0,-1,0.96,-0.03889373662535902,1
2022-08-31,1,19000,20008.815,1385.81,9,0.949593861967813,0.874811888747483,0.66235,0.0287,0,4001.763,0.2,19327.53,0,1070.25058823529,1,-0.7636544692273841,0.94,-0.05172089951568528,0
2022-08-31,1,19500,20333.9712765957,1250.11957446809,9,0.959001709939694,0.864057421092562,0.625909219858156,0.0287,0,286708.995,14.1,19327.53,0,339.66305582762,0.70714985308521106,-1,0.95,-0.041862421055769136,0
2022-08-31,1,20000,20168.44808,845.653232,9,0.99167479818805,0.857660094769627,0.61725296,0.0287,0,1260528.005,62.5,19327.53,0,258.019208606856,0.74580598103574,-1,0.99,-0.008360049850639381,0
2022-08-31,1,20500,20257.5590175667,629.804294079375,9,1.01200911175431,0.84755656466428,0.591455107351984,0.0287,0,3113586.821,153.7,19327.53,0,122.303919504644,0.443343653250774,-1,1.01,0.011937574534533105,0
2022-08-31,1,21000,20265.4463596491,446.744254385965,9,1.03629966815698,0.844346753092108,0.591292105263158,0.0287,0,924104.354,45.6,19327.53,0,27.7566109951287,0,-1,1.03,0.03565635698891562,0
2022-08-31,1,21500,20326.539687011,329.009274908712,9,1.05778108060069,0.841641723240418,0.591554877412624,0.0287,0,3896597.658,191.7,19327.53,0,12.7780487804878,0,-1,1.05,0.05617339387879851,0
2022-08-31,1,22000,20321.8174465241,198.702245989305,9,1.08260775316857,0.833176155559362,0.575463903743316,0.0287,0,1520071.945,74.8,19327.53,0,10.1,0,-1,1.08,0.079372716973949,0
2022-09-07,1,19000,18924.7666530612,762.754326530612,9,1.0040627347153,0.876646653592833,0.686898775510204,0.0298,0,463656.783,24.5,19694.69,0,811.94,1,-0.08923492684755252,1,0.004054504093640304,1
2022-09-07,1,19500,18996.2899620925,541.679473085671,9,1.02655369257943,0.865365472603973,0.654312585291888,0.0298,0,5011221.292,263.8,19694.69,0,351.595227272727,1,-0.6405808053036434,1.02,0.02620726256720163,1
2022-09-07,1,20000,19148.3328960396,406.856623762376,9,1.04457905734496,0.857663363865762,0.634632821782178,0.0298,0,3867963.245,202,19694.69,0,50.993069828722,0,-1,1.04,0.04361398832680351,1
2022-09-07,1,20500,18944.9215043478,259.897860869565,9,1.08225475879315,0.862373125088298,0.664144260869565,0.0298,0,2178665.973,115,19694.69,0,11.6657092198582,0,-1,1.08,0.07904660445955321,1
2022-09-07,1,21000,18823.6686451373,156.082175204157,9,1.11567704762543,0.860397859427415,0.668852672605791,0.0298,0,5071096.333,269.4,19694.69,0,9.88,0,-1,1.11,0.10946143823135275,1
2022-09-21,1,18000,18491.072037037,1107.53824074074,9,0.973454572973676,0.901420362878766,0.768498148148148,0.0321,0,199703.578,10.8,19598.86,0,1449.07,1,0.44361606776724594,0.97,-0.026904118870706043,1
2022-09-21,1,18500,18792.0540857143,985.687485714286,9,0.98457363163497,0.891194038325005,0.729244571428571,0.0321,0,657721.893,35,19598.86,0,1055.48,1,0.11481581731120713,0.98,-0.015546592805831974,1
2022-09-21,1,19000,19093.5703479749,912.919806046777,9,0.995369467586922,0.890158159927295,0.729119623502567,0.0321,0,3347102.882,175.3,19598.86,0,444.232110091743,1,-0.3440168610282997,0.99,-0.004641286539354647,1
2022-09-21,1,19500,19329.1944244747,727.385601955861,9,1.00911240117967,0.87510729100391,0.675252834676887,0.0321,0,14626401.421,756.7,19598.86,0,95.6075826446281,0.380165289256198,-0.8640885938157468,1,0.009071133759448373,1
2022-09-21,1,20000,19175.1662319328,481.048457142857,9,1.04342322009649,0.872905692719192,0.679842285714286,0.0321,0,5704611.954,297.5,19598.86,0,11.6670697376839,0,-1,1.04,0.042506865620072005,1
2022-09-21,1,20500,18997.6546212664,331.998583034648,9,1.07917580125568,0.878886255673237,0.713707192353644,0.0321,0,7950518.459,418.5,19598.86,0,9.74,0,-1,1.07,0.07619760280575072,1
2022-09-21,1,22000,19060.6846355499,105.480818414322,9,1.15438881646447,0.87130462654075,0.709835677749361,0.0321,0,2981091.077,156.4,19598.86,0,9.78,0,-1,1.15,0.14357104068325693,1
2022-09-21,1,22500,19261.2229592902,76.5188517745303,9,1.168193251247,0.867312668225145,0.700222233820459,0.0321,0,3690450.319,191.6,19598.86,0,9.8,0,-1,1.16,0.15545832555465394,1
2022-10-05,1,19500,20123.632633452,1135.54055160142,9,0.969016287266844,0.870464051488749,0.636839145907473,0.0333,0,1130948.154,56.2,19383.33,0,303.465191804212,0.808423449060899,-1,0.96,-0.03147385890771275,0
2022-10-05,1,20000,19912.2051581509,724.555328467153,9,1.0044471329969,0.862555465853519,0.622573722627737,0.0333,0,818391.632,41.1,19383.33,0,78.0072376154492,0,-1,1,0.004437273720489287,0
2022-10-05,1,20500,20135.2299525316,630.025664556962,9,1.01816363837017,0.863232252131259,0.63089667721519,0.0333,0,1272546.533,63.2,19383.33,0,15.0426825396825,0,-1,1.01,0.018000650171118356,0
2022-10-05,1,21000,20046.7302402957,408.565600739371,9,1.0476165211185,0.857708352852695,0.623233086876155,0.0333,0,1084528.106,54.1,19383.33,0,11.4527272727273,0,-1,1.04,0.046517603972371174,0
2022-10-05,1,21500,20083.9856483516,277.425274725275,9,1.07054633361347,0.853841789369986,0.618945714285714,0.0333,0,913821.347,45.5,19383.33,0,9.68,0,-1,1.07,0.06816911032811247,0
2022-10-05,1,22000,20059.278344298302,184.801721491228,9,1.09681568337161,0.852169559124915,0.623308004385965,0.0333,0,1829406.185,91.2,19383.33,0,9.91461538461538,0,-1,1.09,0.09241114837198622,0
2022-10-26,1,19000,20829.6511777778,2036.89455555556,9,0.912194077590906,0.887153165794074,0.65669,0.0394,0,937334.303,45,20208.16,0,1264.88604,0.999999999999999,-0.406861785405246,0.91,-0.09190250717145167,0
2022-10-26,1,20000,20702.425027933,1164.76630167598,9,0.966134634894497,0.868816158304231,0.604423575418994,0.0394,0,1852867.04,89.5,20208.16,0,274.753611111111,1,-0.8212860384950365,0.96,-0.03445208088442864,0
2022-10-26,1,20500,20668.4045830887,847.001359365825,9,0.99197319176601,0.862566334539457,0.592185026423958,0.0394,0,7039658.601,340.6,20208.16,0,71.7586023294509,0.48585690515807,-1,0.99,-0.00805919649185618,0
2022-10-26,1,21000,20703.3669503369,622.43178437734,9,1.01439068237332,0.858281433632341,0.586288644871475,0.0394,0,8295839.137,400.7,20208.16,0,10.32,0,-1,1.01,0.014288119301107198,0
2022-11-02,1,18000,20467.14,2578.86,9,0.879458488093598,0.891424023862134,0.6561,0.0404,0,20467.14,1,17550.23,0,13.6038394160584,0,-1,0.87,-0.1284489153572271,0
2022-11-02,1,18500,20465.662,2128.426,9,0.903953177084437,0.882435694181772,0.62679,0.0404,0,20465.662,1,17550.23,0,16.0522900763359,0,-1,0.9,-0.10097771519195992,0
2022-11-02,1,19000,20232.43,1466.85,9,0.939086407317361,0.8647341964979,0.5676,0.0404,0,505810.75,25,17550.23,0,12.5511363636364,0,-1,0.93,-0.06284778343523781,0
2022-11-02,1,19500,20416.15,1306.63,9,0.955126211357185,0.871916194976028,0.6071,0.0404,0,20416.15,1,17550.23,0,8.75913043478261,0,-1,0.95,-0.045911788744371636,0
2022-11-02,1,20500,20224.4919802176,518.009790306627,9,1.01367406410816,0.841111971154713,0.515106508407517,0.0404,0,10223480.696,505.5,17550.23,0,8.5918,0,-1,1.01,0.013581417706665452,0
2022-11-02,1,21000,20451.5359838041,482.626569941193,9,1.02683582356076,0.851866768057924,0.563274655355249,0.0404,0,21214378.276,1037.3,17550.23,0,8.61636363636364,0,-1,1.02,0.026482057953939164,0
