test_date,PC_type,Strike,Spot_t,Premium_t,Tau_t,Moneyness_t,Delta_t,IV_t,IR_t,DividendYield_t,Volume_t,Quantity_t,Spot_th,option_value,option_return,M_floor,Return_t,Cluster
2019-11-30,1,4000,7713.1,3659.87,27,0.518598228987048,1,0,0.0156,0,2313.93,0.3,7194.4,3194.3999999999996,-0.12718211302587257,0.51,-0.481401771012952,1
2019-11-30,1,7000,7704.74282526795,952.631802953359,27,0.908539492481187,0.966977032935516,0.648691618409519,0.0156,0,9245.608,1.2,7194.4,194.39999999999964,-0.795933749642497,0.9,-0.09146050751881296,1
2019-11-30,1,7500,7541.70539548488,521.553583588605,27,0.994518860944399,0.956203959361513,0.605426231584649,0.0156,0,35444.275,4.7,7194.4,0,-1,0.99,-0.005481139055600992,1
2019-11-30,1,8000,7661.40244395054,369.522808902584,27,1.04433678947666,0.95472244312444,0.605323595326786,0.0156,0,88860.223,11.6,7194.4,0,-1,1.04,0.04433678947665998,1
2019-11-30,1,8500,7550.36948674165,190.078379468709,27,1.12581990317875,0.954657950100695,0.614974640472541,0.0156,0,54360.382,7.2,7194.4,0,-1,1.12,0.12581990317874991,1
2019-11-30,1,9000,7619.07013134373,130.392136103325,27,1.1813894634226,0.958213088281231,0.636447536130784,0.0156,0,113510.408,14.9,7194.4,0,-1,1.18,0.1813894634226001,1
2019-11-30,1,9500,7638.82547733627,78.1291399652501,27,1.24374330520517,0.95880482580006,0.645316433372543,0.0156,0,527801.836,69.1,7194.4,0,-1,1.24,0.24374330520517007,1
2019-11-30,1,10000,7649.86826974492,60.2710105477145,27,1.30740310554245,0.96795502796383,0.696424664178618,0.0156,0,241700.512,31.6,7194.4,0,-1,1.3,0.30740310554245,1
2019-11-30,1,11000,7596.8,26.59,27,1.44797809604044,0.976016046930777,0.7562,0.0156,0,122308.48,16.1,7194.4,0,-1,1.44,0.44797809604044003,1
2019-11-30,1,12000,7737.18869821024,26.040449381566,27,1.5509610553679,0.986286247286429,0.851195314100163,0.0156,0,8510.852,1.1,7194.4,0,-1,1.55,0.5509610553679001,1
2019-11-30,1,13000,7667.48376760944,11.50360682855,27,1.69547266021643,0.988302973817473,0.881519056465813,0.0156,0,76674.784,10,7194.4,0,-1,1.69,0.6954726602164301,1
2019-11-30,1,14000,7547.10234243551,7.6300199518443,27,1.85524588295171,0.992699383769013,0.956138611621737,0.0156,0,339577.63,45,7194.4,0,-1,1.85,0.85524588295171,1
2019-11-30,1,15000,7604.13604396258,9.18542686382145,27,1.97309124468384,0.996407025254274,1.05282164854667,0.0156,0,3801.142,0.5,7194.4,0,-1,1.97,0.97309124468384,1
2020-03-28,1,4500,6261.88418634659,1866.0412509981,27,0.718634020453921,0.998468790720255,1.11982910914933,3e-4,0,125237.6,20,7477.6,2977.6000000000004,0.5956774794808821,0.71,-0.281365979546079,0
2020-03-28,1,5500,6196.07208320039,1046.51762337875,27,0.887800809781951,0.996678920646485,1.03853661446577,3e-4,0,18585.25,3,7477.6,1977.6000000000004,0.8896958405871758,0.88,-0.11219919021804903,0
2020-03-28,1,6000,6190.95809186838,769.716459273174,27,0.969300977078348,0.996170996398814,1.02451683121048,3e-4,0,992880.46,160.4,7477.6,1477.6000000000004,0.9196679273238679,0.96,-0.030699022921652053,0
2020-03-28,1,6500,6184.81690001595,528.114203310089,27,1.05109623065524,0.994836870637853,0.991215608404473,3e-4,0,578824.262,93.6,7477.6,977.6000000000004,0.8511147662241343,1.05,0.05109623065524005,0
2020-03-28,1,7000,6228.07162050672,363.189371580053,27,1.12402155954606,0.993365405236887,0.961781950556594,3e-4,0,103378.8,16.6,7477.6,477.60000000000036,0.31501645525089206,1.12,0.12402155954606009,0
2020-03-28,1,7500,6221.03590714006,246.446160421696,27,1.20566983044072,0.993429675382014,0.969131860220461,3e-4,0,656896.258,105.6,7477.6,0,-1,1.2,0.20566983044072007,0
2020-03-28,1,8000,6225.23694781932,173.822726770108,27,1.28513131276344,0.994185287720126,0.989854288339376,3e-4,0,1075687.742,172.8,7477.6,0,-1,1.28,0.28513131276344006,0
2020-03-28,1,9000,6204.7191055211,88.2901001548043,27,1.45058839267822,0.995594866232636,1.03488777551753,3e-4,0,301532.814,48.6,7477.6,0,-1,1.45,0.45058839267821993,0
2020-03-28,1,10000,6227.68557848456,53.6588901432224,27,1.60582501789597,0.997112837671938,1.09458666456928,3e-4,0,389830.768,62.6,7477.6,0,-1,1.6,0.6058250178959701,0
2020-03-28,1,11000,6244.22711306803,37.4542184202066,27,1.76162719878911,0.998411760759403,1.17082444724004,3e-4,0,1001574,160.4,7477.6,0,-1,1.76,0.7616271987891099,0
2020-03-28,1,12000,6207.89925918227,30.4292595694757,27,1.93305794248879,0.999349350559631,1.27557884679598,3e-4,0,1241556.162,200,7477.6,0,-1,1.93,0.9330579424887899,0
2020-05-30,1,8000,9596.17660727808,1826.7543512364,27,0.833722403788435,0.980383964730955,0.773524914374553,0.0014,0,55654.016,5.8,9240.85,1240.8500000000004,-0.32073516115609235,0.83,-0.16627759621156502,1
2020-05-30,1,9000,9616.6968484759691,1065.7202024663,27,0.93590178816799,0.963309053215022,0.677862758244463,0.0014,0,444277.386,46.2,9240.85,240.85000000000036,-0.7740025952002947,0.93,-0.06409821183201003,1
2020-05-30,1,9500,9512.9241279803009,703.927805901912,27,0.998694153779826,0.957047016776871,0.657239818791214,0.0014,0,237810.544,25,9240.85,0,-1,0.99,-0.001305846220174045,1
2020-05-30,1,10000,9509.33368562919,482.940529144987,27,1.05162644910243,0.953510362172295,0.648327651487786,0.0014,0,1732554.37,182.2,9240.85,0,-1,1.05,0.05162644910243008,1
2020-05-30,1,10500,9501.35048846613,337.085744230872,27,1.10515351329153,0.955169434186119,0.660911231645723,0.0014,0,1586657.4,167,9240.85,0,-1,1.1,0.10515351329153,1
2020-05-30,1,11000,9463.4955960464,240.2709920432,27,1.16240975756122,0.960879000105068,0.690397160405753,0.0014,0,2661023.774,281.2,9240.85,0,-1,1.16,0.16240975756122,1
2020-05-30,1,11500,9407.34444803136,168.160524467713,27,1.22247561143022,0.965754700356688,0.718590843923762,0.0014,0,9209590.682,979,9240.85,0,-1,1.22,0.22247561143022,1
2020-05-30,1,12000,9550.67895627908,169.91802755576,27,1.25654870035966,0.976247008333831,0.781308809686793,0.0014,0,11016843.196,1153.6,9240.85,0,-1,1.25,0.25654870035966004,1
2020-05-30,1,13000,9496.76357074541,100.081685543432,27,1.36893689872414,0.982378560273335,0.835282891251605,0.0014,0,2841328.92,299.2,9240.85,0,-1,1.36,0.36893689872413993,1
2020-05-30,1,14000,9495.80258467991,76.9524278956974,27,1.47448620379702,0.989145685001527,0.914816236464126,0.0014,0,16082347.83,1693.8,9240.85,0,-1,1.47,0.4744862037970199,1
2020-05-30,1,16000,9722.56,53.47,27,1.64565711088438,0.995435235722414,1.0364,0.0014,0,19445.12,2,9240.85,0,-1,1.64,0.64565711088438,1
2020-07-04,1,7000,9148.85880972238,2212.28131147009,27,0.7651335212647,0.967823116689143,0.679457718237551,0.0014,0,12808.222,1.4,11114.93,4114.93,0.8600392177365435,0.76,-0.23486647873529998,1
2020-07-04,1,7500,9151.89640378242,1747.25542318296,27,0.81951002042219,0.953216050051087,0.617398513627359,0.0014,0,9151.81,1,11114.93,3614.9300000000003,1.0689190326934077,0.81,-0.18048997957781,1
2020-07-04,1,8000,9122.9771597082,1277.48827581129,27,0.876925353556206,0.9356037264071,0.562468292206143,0.0014,0,5473.67,0.6,11114.93,3114.9300000000003,1.438323747450295,0.87,-0.12307464644379396,1
2020-07-04,1,9000,9122.09577363651,539.454317168756,27,0.986643115567184,0.894798933729815,0.474566626347879,0.0014,0,762585.77,83.6,11114.93,2114.9300000000003,2.920498794225782,0.98,-0.013356884432816019,1
2020-07-04,1,9250,9082.04657577844,377.150813658728,27,1.01849543091726,0.879498618773354,0.448126412226369,0.0014,0,986307.812,108.6,11114.93,1864.9300000000003,3.944785832246718,1.01,0.018495430917260025,1
2020-07-04,1,9500,9129.66868313212,318.315231439626,27,1.04059900020324,0.888520986635954,0.469663741702115,0.0014,0,513069.876,56.2,11114.93,1614.9300000000003,4.073367028955068,1.04,0.04059900020323992,1
2020-07-04,1,9750,9109.85038844001,223.337039535492,27,1.07028383631127,0.881464490304087,0.460048556483055,0.0014,0,573913.18,63,11114.93,1364.9300000000003,5.11152544530389,1.07,0.07028383631127011,1
2020-07-04,1,10000,9097.89916758883,164.821630398857,27,1.09917836463043,0.88273853785308,0.466870851606162,0.0014,0,873379.636,96,11114.93,1114.9300000000003,5.764464089464147,1.09,0.09917836463043006,1
2020-07-04,1,10500,9076.46415814085,91.3543004003071,27,1.15684327689316,0.888844587922724,0.486222563007823,0.0014,0,406623.792,44.8,11114.93,614.9300000000003,5.731264946537023,1.15,0.15684327689316002,1
2020-07-04,1,11000,9078.00462465255,64.7747002986504,27,1.21172031756174,0.908065112216817,0.533041424039617,0.0014,0,1220083.528,134.4,11114.93,114.93000000000029,0.7743038481089644,1.21,0.21172031756173992,1
2020-07-04,1,11500,9081.00193343139,46.2863890865568,27,1.26638107861364,0.922094467119492,0.572072566914052,0.0014,0,804576.14,88.6,11114.93,0,-1,1.26,0.26638107861364,1
2020-07-04,1,12000,9083.00643062094,36.2763033201791,27,1.32115744678158,0.937434894849303,0.619151571889991,0.0014,0,535893.736,59,11114.93,0,-1,1.32,0.3211574467815801,1
2020-07-04,1,13000,9076.83131933009,26.1390912500909,27,1.43221898416241,0.960854363266779,0.711394378308193,0.0014,0,384857.348,42.4,11114.93,0,-1,1.43,0.43221898416241,1
2020-07-04,1,14000,9100.11528738934,11.1608951932674,27,1.53846035503049,0.961561575077552,0.722080041669199,0.0014,0,36400.028,4,11114.93,0,-1,1.53,0.5384603550304901,1
2020-07-04,1,15000,9067.94,9.07,27,1.65417944979786,0.974496044769994,0.7945,0.0014,0,9067.94,1,11114.93,0,-1,1.65,0.6541794497978599,1
2020-07-04,1,16000,9076.46388734479,4.89819937371073,27,1.7628012520064,0.977232929518525,0.818627298908351,0.0014,0,206943.352,22.8,11114.93,0,-1,1.76,0.7628012520064,1
2020-07-04,1,18000,9072.54,4.54,27,1.98400888835982,0.990916558316507,0.9592,0.0014,0,18145.08,2,11114.93,0,-1,1.98,0.9840088883598199,1
2020-08-29,1,8000,11533.59,3633.08,27,0.693626182307504,0.985505121775525,0.8043,0.001,0,92268.72,8,10732.43,2732.4300000000003,-0.24790260605326597,0.69,-0.30637381769249605,1
2020-08-29,1,9000,11495.6940035095,2703.7885420019,27,0.782901841332937,0.98559525626842,0.823560889355614,0.001,0,57478.47,5,10732.43,1732.4300000000003,-0.35925832472191055,0.78,-0.21709815866706295,1
2020-08-29,1,10000,11484.53,1745.65,27,0.870736547338028,0.952906882643092,0.6247,0.001,0,22969.06,2,10732.43,732.4300000000003,-0.5804256294217052,0.87,-0.12926345266197203,1
2020-08-29,1,10500,11451.8142756214,1299.82707172634,27,0.916888160888119,0.931976625483248,0.558687432628403,0.001,0,139711.696,12.2,10732.43,232.4300000000003,-0.8211839058781081,0.91,-0.08311183911188103,1
2020-08-29,1,11000,11457.4478969317,945.84667786349,27,0.96007671477899,0.920737260009413,0.533357779960246,0.001,0,980754.96,85.6,10732.43,0,-1,0.96,-0.03992328522100996,1
2020-08-29,1,11500,11474.17954572,679.172983791178,27,1.0022522282882,0.915296816721713,0.525427233127667,0.001,0,3543219.86,308.8,10732.43,0,-1,1,0.002252228288200042,1
2020-08-29,1,12000,11495.1970128482,469.923237271375,27,1.04393183979806,0.910044984524946,0.518648642276567,0.001,0,2207040.644,192,10732.43,0,-1,1.04,0.043931839798059924,1
2020-08-29,1,12500,11447.5720738446,305.81495725272,27,1.09193502200426,0.911745034674795,0.528785976513538,0.001,0,96159.568,8.4,10732.43,0,-1,1.09,0.09193502200426007,1
2020-08-29,1,13000,11542.6024350157,233.662734988324,27,1.12626606042615,0.915615121984824,0.542267294553953,0.001,0,1826033.894,158.2,10732.43,0,-1,1.12,0.12626606042615007,1
2020-08-29,1,14000,11529.1279832841,108.962184436373,27,1.21431918474893,0.923759351556797,0.572424658733297,0.001,0,5605445.492,486.2,10732.43,0,-1,1.21,0.21431918474893008,1
2020-08-29,1,16000,11475.7439649699,42.83497632936,27,1.39426247918604,0.95653217614546,0.691855247700533,0.001,0,257053.464,22.4,10732.43,0,-1,1.39,0.39426247918604007,1
2020-08-29,1,18000,11526.478802084,23.9411910018116,27,1.56162193255471,0.975588613333546,0.797404298837501,0.001,0,1041993.562,90.4,10732.43,0,-1,1.56,0.56162193255471,1
2020-08-29,1,20000,11517.8606680736,17.2766916809947,27,1.73643619045579,0.98788101773095,0.910032134025091,0.001,0,69107.06,6,10732.43,0,-1,1.73,0.7364361904557899,1
2021-02-27,1,8000,46718.95,38846.81,27,0.171236725140441,1,0,4e-4,0,9343.79,0.2,51415.92,43415.92,0.1176186667579655,0.17,-0.828763274859559,0
2021-02-27,1,18000,46793,29198.83,27,0.384672921163422,0.999997143573854,1.7042,4e-4,0,4679.3,0.1,51415.92,33415.92,0.1444266773702918,0.38,-0.615327078836578,0
2021-02-27,1,24000,45514.25,22074.41,27,0.527307381754066,0.999933979411434,1.4378,4e-4,0,254879.8,5.6,51415.92,27415.92,0.24197747527566982,0.52,-0.472692618245934,0
2021-02-27,1,28000,46608.5071045501,19529.1017621886,27,0.600750014938293,0.999783485583151,1.3258647269736,4e-4,0,466084.05,10,51415.92,23415.92,0.1990269847093986,0.6,-0.39924998506170695,0
2021-02-27,1,32000,45421.3002130531,14582.3878071125,27,0.704516920560621,0.999042577074728,1.17210463677129,4e-4,0,1303588.279,28.7,51415.92,19415.92,0.33146369832037803,0.7,-0.295483079439379,0
2021-02-27,1,36000,45539.0782810871,11384.7696967567,27,0.790530254106587,0.998159219129633,1.10149860297491,4e-4,0,724070.96,15.9,51415.92,15415.919999999998,0.3540827272414384,0.79,-0.20946974589341305,0
2021-02-27,1,44000,47876.2,8091.08,27,0.919037016304552,0.997908061350629,1.0959,4e-4,0,4787.62,0.1,51415.92,7415.919999999998,-0.08344497891505231,0.91,-0.08096298369544797,0
2021-02-27,1,48000,47182.1909774739,5131.53806411816,27,1.01734414282965,0.995556453851243,1.00812642819522,4e-4,0,13687403.715,290.1,51415.92,3415.9199999999983,-0.33432823505967424,1.01,0.01734414282964991,0
2021-02-27,1,50000,46711.1880253412,4160.44878749876,27,1.0704514438957,0.995977836431539,1.02704264000196,4e-4,0,24760581.296,530.1,51415.92,1415.9199999999983,-0.6596713305894959,1.07,0.07045144389570002,0
2021-02-27,1,52000,47016.3022487243,3655.37716849377,27,1.10610473074035,0.996096309661261,1.03187168545254,4e-4,0,26585185.998,565.5,51415.92,0,-1,1.1,0.10610473074034998,0
2021-02-27,1,56000,46881.654917279,2545.01629895281,27,1.19461795537865,0.996258308940095,1.04411895687888,4e-4,0,18858581.439,402.3,51415.92,0,-1,1.19,0.19461795537865,0
2021-02-27,1,60000,46444.1184091864,1800.09065544641,27,1.2918984146819,0.997247374176116,1.08642636445339,4e-4,0,4913699.04,105.8,51415.92,0,-1,1.29,0.2918984146818999,0
2021-02-27,1,64000,46744.9571563132,1254.2415036271,27,1.36929923702556,0.996871429153902,1.07429299014673,4e-4,0,6071426.738,129.9,51415.92,0,-1,1.36,0.3692992370255599,0
2021-02-27,1,68000,47060.8295791765,895.038070895752,27,1.44496820157729,0.996805484859115,1.07582317734173,4e-4,0,7920174.29,168.3,51415.92,0,-1,1.44,0.44496820157729,0
2021-02-27,1,72000,46908.9082797828,618.62738588934894,27,1.53495363743331,0.997175309238431,1.09363948605532,4e-4,0,3335084.445,71.1,51415.92,0,-1,1.53,0.5349536374333099,0
2021-02-27,1,80000,47289.5784509383,473.508602175675,27,1.69225339770099,0.998512216626789,1.1787527143633,4e-4,0,6840583.104,144.7,51415.92,0,-1,1.69,0.6922533977009899,0
2021-02-27,1,88000,46436.1012223371,231.958203627897,27,1.89511347427772,0.998988737391426,1.22639249696534,4e-4,0,2433205.221,52.4,51415.92,0,-1,1.89,0.89511347427772,0
2021-07-03,1,32000,34360.6,4535.6,27,0.931299220618965,0.99188182291367,0.9183,5e-4,0,6872.12,0.2,40005.93,8005.93,0.7651314048857922,0.93,-0.06870077938103503,0
2021-07-03,1,34000,34501.975652507,3476.40913754996,27,0.985577489054419,0.988968835909064,0.87892550683041,5e-4,0,355324.674,10.3,40005.93,6005.93,0.7276246156206889,0.98,-0.014422510945581002,0
2021-07-03,1,35000,34618.8325242274,3030.87280627681,27,1.0110368750925,0.98745888326013,0.862187160247324,5e-4,0,1987068.968,57.4,40005.93,5005.93,0.6516463474260386,1.01,0.011036875092500065,0
2021-07-03,1,36000,34428.6902897412,2516.89270072473,27,1.04581119576786,0.986914746887887,0.858650665744676,5e-4,0,230634.364,6.7,40005.93,4005.9300000000003,0.5916173140183958,1.04,0.04581119576785997,0
2021-07-03,1,40000,34028.074597438,1139.54020542972,27,1.17572208252381,0.983184828296311,0.831077843845169,5e-4,0,4987573.243,146.6,40005.93,5.930000000000291,-0.9947961467513434,1.17,0.17572208252380994,0
2021-07-03,1,45000,34576.9146271357,513.824511308961,27,1.30147408978471,0.982023768854409,0.82987074354856,5e-4,0,4774970.204,138.1,40005.93,0,-1,1.3,0.3014740897847099,0
2021-07-03,1,50000,34110.1776002537,230.532617935646,27,1.46612884131175,0.986622396058694,0.884011127089224,5e-4,0,392189.27,11.5,40005.93,0,-1,1.46,0.4661288413117499,0
2021-07-03,1,55000,34742.5121746601,155.588792507061,27,1.58307586337985,0.991149952972801,0.947871272383897,5e-4,0,1038800.501,29.9,40005.93,0,-1,1.58,0.5830758633798501,0
2021-07-03,1,60000,33996.9822649659,84.9945860436437,27,1.76501974439337,0.993953999223268,1.0070762003561,5e-4,0,101981.862,3,40005.93,0,-1,1.76,0.76501974439337,0
2021-07-03,1,65000,34681.0255737769,68.3681472681341,27,1.87422702552328,0.996098469874247,1.06709506096733,5e-4,0,242766.748,7,40005.93,0,-1,1.87,0.87422702552328,0
2021-10-02,1,40000,47542.5675106073,9033.08427033587,27,0.841351943196965,0.985633982937699,0.825383049826274,4e-4,0,33279.771,0.7,60587.09,20587.089999999997,1.2790764908068906,0.84,-0.15864805680303495,0
2021-10-02,1,45000,48017.2498388125,5767.5902940802,27,0.937171195159699,0.978374451926216,0.770906238859871,4e-4,0,873906.501,18.2,60587.09,15587.089999999997,1.7025307286473588,0.93,-0.06282880484030096,0
2021-10-02,1,50000,47816.2325647933,3132.06971468904,27,1.04568345649278,0.974568911120766,0.755112680966203,4e-4,0,1788304.088,37.4,60587.09,10587.089999999997,2.380221695049693,1.04,0.04568345649277994,0
2021-10-02,1,55000,47889.2403825439,1607.10294199193,27,1.14849414467923,0.971154308005231,0.743394716691408,4e-4,0,3620392.859,75.6,60587.09,5587.0899999999965,2.4764978981838315,1.14,0.14849414467923006,0
2021-10-02,1,60000,47771.3680845234,794.328192213131,27,1.25600232974681,0.971994218274714,0.756843393392495,4e-4,0,5206996.711,109,60587.09,587.0899999999965,-0.26089744043420426,1.25,0.2560023297468099,0
2021-10-02,1,65000,47915.2895104984,448.873188262803,27,1.35657248883678,0.976437776880616,0.791849878596653,4e-4,0,4039223.886,84.3,60587.09,0,-1,1.35,0.35657248883678005,0
2021-10-02,1,70000,47972.9284993849,286.566187596939,27,1.45915837141435,0.982294565576941,0.842026691880034,4e-4,0,4931609.989,102.8,60587.09,0,-1,1.45,0.4591583714143499,0
2021-10-02,1,75000,47951.7714633604,187.908964498638,27,1.5640773035857,0.986580553836768,0.888629465208911,4e-4,0,292504.724,6.1,60587.09,0,-1,1.56,0.5640773035857001,0
2021-10-02,1,80000,47768.9025148894,128.369854034215,27,1.67472979281499,0.98944011512643,0.928359489686281,4e-4,0,76430.24,1.6,60587.09,0,-1,1.67,0.67472979281499,0
2021-10-02,1,90000,47659.8173987108,71.486667835133,27,1.88838326067138,0.994216294796055,1.0174,4e-4,0,14297.945,0.3,60587.09,0,-1,1.88,0.88838326067138,0
2022-02-26,1,35000,39398.1197300262,5509.20306283525,27,0.888368126553031,0.96484567441899,0.67392666647602,0.0033,0,23638.849,0.6,44004.47,9004.470000000001,0.6344414786130519,0.88,-0.11163187344696901,1
2022-02-26,1,36000,39150.0633709726,4608.20001432606,27,0.919546354773833,0.961861940850633,0.663095631583046,0.0033,0,50894.661,1.3,44004.47,8004.470000000001,0.7370057669188732,0.91,-0.08045364522616705,1
2022-02-26,1,38000,39263.5733946515,3380.75573902473,27,0.967822314852439,0.956188477230763,0.643415006040421,0.0033,0,78526.811,2,44004.47,6004.470000000001,0.7760732994369337,0.96,-0.03217768514756103,1
2022-02-26,1,40000,39222.9221474801,2340.5289217343,27,1.01982694570195,0.950963271549442,0.628642289335431,0.0033,0,3373121.307,86,44004.47,4004.470000000001,0.7109252369471868,1.01,0.019826945701949983,1
2022-02-26,1,42000,39289.9641969092,1619.40616833143,27,1.06902174864592,0.948831748712685,0.626297685368574,0.0033,0,1610818.491,41,44004.47,2004.4700000000012,0.2377808848692513,1.06,0.06902174864591992,1
2022-02-26,1,44000,39269.0783600896,1056.01785909602,27,1.12050362001766,0.946980871084672,0.625237304032028,0.0033,0,1574649.085,40.1,44004.47,4.470000000001164,-0.9957671170411573,1.12,0.12050362001765991,1
2022-02-26,1,45000,39457.8357218649,888.188862562419,27,1.14050300658102,0.944189330932718,0.6175521109632,0.0033,0,3468206.552,87.9,44004.47,0,-1,1.14,0.14050300658102,1
2022-02-26,1,46000,39247.4791384115,685.58655407625,27,1.17212761246149,0.946038440309789,0.627213279585198,0.0033,0,1251911.468,31.9,44004.47,0,-1,1.17,0.1721276124614901,1
2022-02-26,1,48000,39141.288849106,435.541366645595,27,1.22635535626924,0.946677467212948,0.634508840037836,0.0033,0,1182039.115,30.2,44004.47,0,-1,1.22,0.22635535626923997,1
2022-02-26,1,50000,39386.0298521843,287.671202677197,27,1.26950475613581,0.943988343813326,0.629333438226316,0.0033,0,1748713.417,44.4,44004.47,0,-1,1.26,0.26950475613580993,1
2022-02-26,1,52000,39017.3207855069,180.809099805496,27,1.3327458999482,0.949771975656325,0.654747826618643,0.0033,0,58525.785,1.5,44004.47,0,-1,1.33,0.33274589994820003,1
2022-02-26,1,55000,39487.9166294073,135.123987043693,27,1.39288009827887,0.957610992944337,0.689688945891717,0.0033,0,2092786.022,53,44004.47,0,-1,1.39,0.39288009827887005,1
2022-02-26,1,60000,39049.1669487619,56.8588641166549,27,1.53652726133389,0.965848389062715,0.736251830560681,0.0033,0,89812.92,2.3,44004.47,0,-1,1.53,0.5365272613338901,1
2022-02-26,1,65000,39348.1970803599,39.3480236140772,27,1.65204500933088,0.975595323167864,0.79726941492826,0.0033,0,39345.175,1,44004.47,0,-1,1.65,0.65204500933088,1
2022-05-28,1,28000,28564.78,2627.96,27,0.980228099078656,0.9796379059804,0.7577,0.0106,0,17138.868,0.6,21088.3,0,-1,0.98,-0.019771900921343954,0
2022-05-28,1,29000,28986.8029188455,2221.03042181015,27,1.00046493109879,0.971830194707652,0.704580866438806,0.0106,0,417405.935,14.4,21088.3,0,-1,1,4.64931098790089e-4,0
2022-05-28,1,30000,29047.9860459514,1730.20410988837,27,1.03277667188362,0.967146062009208,0.680773956186543,0.0106,0,2524263.058,86.9,21088.3,0,-1,1.03,0.03277667188361999,0
2022-05-28,1,31000,29014.3622555811,1313.30417693116,27,1.06844827768746,0.963061043766861,0.663478073454818,0.0106,0,1830785.861,63.1,21088.3,0,-1,1.06,0.06844827768745998,0
2022-05-28,1,32000,28724.8461138368,946.176192176533,27,1.11404325208573,0.962963121501928,0.668056010593285,0.0106,0,189579.713,6.6,21088.3,0,-1,1.11,0.11404325208572996,0
2022-05-28,1,33000,28917.6595611595,733.372001594341,27,1.14121538880271,0.959602506544908,0.655162382447444,0.0106,0,225549.009,7.8,21088.3,0,-1,1.14,0.1412153888027099,0
2022-05-28,1,34000,28859.6180831184,532.487782342926,27,1.17811856449781,0.95745931766128,0.648841483509262,0.0106,0,380946.378,13.2,21088.3,0,-1,1.17,0.17811856449781005,0
2022-05-28,1,35000,28840.9176990848,403.175875069789,27,1.21356926195895,0.95796930746649,0.654525949456215,0.0106,0,1188230.491,41.2,21088.3,0,-1,1.21,0.21356926195894999,0
2022-05-28,1,36000,28906.2821104295,286.431599858182,27,1.24543550471631,0.955014933703532,0.64535674039557,0.0106,0,1896204.172,65.6,21088.3,0,-1,1.24,0.24543550471630993,0
2022-05-28,1,38000,28844.9431987374,180.922688873173,27,1.31739179126583,0.960772552980753,0.67627362461622,0.0106,0,233643.478,8.1,21088.3,0,-1,1.31,0.31739179126582995,0
2022-05-28,1,40000,28788.6406008441,114.896185905002,27,1.38950074565169,0.965722610478664,0.705628069285023,0.0106,0,322417.963,11.2,21088.3,0,-1,1.38,0.3895007456516899,0
2022-05-28,1,42000,28785.72,71.96,27,1.45905678232123,0.967962721291051,0.7221,0.0106,0,143928.6,5,21088.3,0,-1,1.45,0.45905678232122993,0
2022-05-28,1,44000,28808.1039183391,43.2133819038228,27,1.52734962490839,0.968993218285758,0.732198469641959,0.0106,0,8642.422,0.3,21088.3,0,-1,1.52,0.52734962490839,0
2022-05-28,1,48000,28744.5551096077,28.7450003087541,27,1.66988147842261,0.97973711911407,0.809149996912459,0.0106,0,28744.555,1,21088.3,0,-1,1.66,0.6698814784226099,0
2022-05-28,1,52000,28743.44,14.37,27,1.80910844352659,0.98302699237065,0.8432,0.0106,0,28743.44,1,21088.3,0,-1,1.8,0.8091084435265901,0
2022-07-30,1,19000,24544.48,5915.22,27,0.774104808902042,0.992041238010887,0.8506,0.0234,0,17181.136,0.7,21597.93,2597.9300000000003,-0.5608058533748533,0.77,-0.22589519109795797,0
2022-07-30,1,21000,24196.8683391286,3912.06669016195,27,0.867966822545271,0.985677355540664,0.76820634205221,0.0234,0,885517.718,36.6,21597.93,597.9300000000003,-0.8471575135711075,0.86,-0.13203317745472898,0
2022-07-30,1,22000,24479.4201515709,3462.20537322436,27,0.898767452992586,0.986265565917612,0.779066748682393,0.0234,0,119942.038,4.9,21597.93,0,-1,0.89,-0.10123254700741402,0
2022-07-30,1,23000,24243.6587766897,2608.67744613737,27,0.948877558030999,0.982507719678424,0.744248212766163,0.0234,0,150282.825,6.2,21597.93,0,-1,0.94,-0.051122441969000953,0
2022-07-30,1,24000,23902.1132096714,1870.26062641787,27,1.00431188331933,0.980901895297668,0.734934511787168,0.0234,0,1780323.453,74.5,21597.93,0,-1,1,0.004311883319330079,0
2022-07-30,1,25000,24475.4961826535,1714.93430423093,27,1.02151217096948,0.979989947217404,0.728694637774788,0.0234,0,619180.092,25.3,21597.93,0,-1,1.02,0.021512170969480104,0
2022-07-30,1,26000,24123.5218435102,1130.25455941787,27,1.07789403416998,0.97641870614956,0.70572445265593,0.0234,0,7250805.508,300.6,21597.93,0,-1,1.07,0.07789403416998009,0
2022-07-30,1,27000,23865.722644357,777.762924660114,27,1.13137993626712,0.975772139156747,0.70633303512277,0.0234,0,2873305.329,120.4,21597.93,0,-1,1.13,0.13137993626711997,0
2022-07-30,1,28000,24256.7041704697,642.228931609588,27,1.15437622265142,0.974152212856691,0.697216751752568,0.0234,0,5324087.485,219.5,21597.93,0,-1,1.15,0.15437622265142004,0
2022-07-30,1,30000,24194.6776687619,345.176934133288,27,1.24000152095404,0.974473215184354,0.707769959918285,0.0234,0,3493544.102,144.4,21597.93,0,-1,1.24,0.24000152095404004,0
2022-07-30,1,32000,24290.2218381584,226.938657017646,27,1.31741990850795,0.978890486672097,0.746833089993428,0.0234,0,340058.623,14,21597.93,0,-1,1.31,0.3174199085079501,0
2022-07-30,1,34000,24506.879101102,145.658919163988,27,1.38737001450528,0.980199625887239,0.762546091801209,0.0234,0,257321.404,10.5,21597.93,0,-1,1.38,0.3873700145052801,0
2022-07-30,1,36000,24329.32,72.99,27,1.47969610330252,0.980312290778773,0.7699,0.0234,0,97317.28,4,21597.93,0,-1,1.47,0.47969610330252,0
2022-07-30,1,38000,23810.95,47.62,27,1.59590440532612,0.985873206731562,0.8297,0.0234,0,4762.19,0.2,21597.93,0,-1,1.59,0.59590440532612,0
2022-07-30,1,40000,23797.2575471754,24.1434908614793,27,1.68090484184721,0.985511491049571,0.830743624996625,0.0234,0,490212.164,20.6,21597.93,0,-1,1.68,0.6809048418472099,0
2022-09-03,1,19000,19824.12,1853.56,27,0.95842841952127,0.975250749000655,0.6657,0.0285,0,1982.412,0.1,19598.86,598.8600000000006,-0.6769136148816328,0.95,-0.04157158047873,1
2022-09-03,1,20000,19852.6983589027,1335.37983831192,27,1.00742801863842,0.972619689991711,0.652954830010031,0.0285,0,349404.616,17.6,19598.86,0,-1,1,0.007428018638419909,1
2022-09-03,1,21000,19924.106115241,948.291715968872,27,1.05400214195137,0.969610815393671,0.638664969600023,0.0285,0,43832.928,2.2,19598.86,0,-1,1.05,0.0540021419513701,1
2022-09-03,1,22000,19830.7291738052,558.153763738684,27,1.10939315258053,0.963982500130606,0.611826703637073,0.0285,0,194340.482,9.8,19598.86,0,-1,1.1,0.10939315258053006,1
2022-09-03,1,23000,19839.4785273303,347.635800381455,27,1.15930953379063,0.961090848162134,0.602356202064063,0.0285,0,99196.976,5,19598.86,0,-1,1.15,0.15930953379063006,1
2022-09-03,1,24000,19795.9319773908,211.764267388224,27,1.21237323941917,0.960717380696999,0.606729021724017,0.0285,0,391958.503,19.8,19598.86,0,-1,1.21,0.21237323941916997,1
2022-09-03,1,25000,19805.7039271688,147.885130492283,27,1.26226565415413,0.96392257112553,0.628957840497473,0.0285,0,297084.848,15,19598.86,0,-1,1.26,0.26226565415412995,1
2022-09-03,1,26000,19875.6732770977,104.688795263228,27,1.30814869851526,0.965159415364156,0.640263198208966,0.0285,0,97389.54,4.9,19598.86,0,-1,1.3,0.30814869851525994,1
2022-09-03,1,30000,19917.37,29.88,27,1.5062229601599,0.974239109642452,0.712,0.0285,0,1991.737,0.1,19598.86,0,-1,1.5,0.5062229601599,1
2022-09-03,1,32000,19823.8159207125,23.6264105303228,27,1.61422316868128,0.983001568750972,0.790079135903622,0.0285,0,51541.82,2.6,19598.86,0,-1,1.61,0.61422316868128,1
2022-09-03,1,35000,19934.0110953457,19.6181890092907,27,1.75579483092383,0.989718278361588,0.874147630506328,0.0285,0,61795.375,3.1,19598.86,0,-1,1.75,0.75579483092383,1
