Date,Adj.Close
2023/12/31,42148.38
2023/12/30,42086.22
2023/12/29,42609.23
2023/12/28,43470.76
2023/12/27,42514.79
2023/12/26,43599.61
2023/12/25,43013.46
2023/12/24,43742.33
2023/12/23,43996.78
2023/12/22,43870.89
2023/12/21,43639.9
2023/12/20,42262.62
2023/12/19,41264.8
2023/12/18,41341.9
2023/12/17,42236.81
2023/12/16,41934.71
2023/12/15,43023.24
2023/12/14,42887.09
2023/12/13,41458.49
2023/12/12,41238.31
2023/12/11,43787.81
2023/12/10,43709.41
2023/12/9,44184.18
2023/12/8,43298.7
2023/12/7,43745.3
2023/12/6,44076.76
2023/12/5,41985.55
2023/12/4,39976.04
2023/12/3,39476.4
2023/12/2,38697.81
2023/12/1,37711.79
2023/11/30,37867.37
2023/11/29,37832.75
2023/11/28,37248.86
2023/11/27,37468.89
2023/11/26,37800.94
2023/11/25,37720.5
2023/11/24,37297.56
2023/11/23,37427.42
2023/11/22,35808.95
2023/11/21,37479.96
2023/11/20,37396.17
2023/11/19,36588.13
2023/11/18,36624.3
2023/11/17,36155.5
2023/11/16,37891.48
2023/11/15,35545.97
2023/11/14,36497.35
2023/11/13,37058.98
2023/11/12,37140.27
2023/11/11,37321.65
2023/11/10,36696.25
2023/11/9,35629.52
2023/11/8,35436.28
2023/11/7,35035.12
2023/11/6,35048.35
2023/11/5,35088.05
2023/11/4,34736.55
2023/11/3,34934.65
2023/11/2,35440.51
2023/11/1,34662.16
2023/10/31,34501
2023/10/30,34532.39
2023/10/29,34090.68
2023/10/28,33911.08
2023/10/27,34157.79
2023/10/26,34493.19
2023/10/25,33902.65
2023/10/24,33059.98
2023/10/23,29990.73
2023/10/22,29921.68
2023/10/21,29682.6
2023/10/20,28723.49
2023/10/19,28331.5
2023/10/18,28413.17
2023/10/17,28517.32
2023/10/16,27167.87
2023/10/15,26855.89
2023/10/14,26866.51
2023/10/13,26758.66
2023/10/12,26867.79
2023/10/11,27395.65
2023/10/10,27581.42
2023/10/9,27937.18
2023/10/8,27973.26
2023/10/7,27946.61
2023/10/6,27416.69
2023/10/5,27797.56
2023/10/4,27430.23
2023/10/3,27532.51
2023/10/2,27983.92
2023/10/1,26970.43
2023/9/30,26916.91
2023/9/29,27021.15
2023/9/28,26357.65
2023/9/27,26212.82
2023/9/26,26293.29
2023/9/25,26252.75
2023/9/24,26580.72
2023/9/23,26581.86
2023/9/22,26569.6
2023/9/21,27133.55
2023/9/20,27222.12
2023/9/19,26763.76
2023/9/18,26536.54
2023/9/17,26568.65
2023/9/16,26605.75
2023/9/15,26536.02
2023/9/14,26227.98
2023/9/13,25835.7
2023/9/12,25162.7
2023/9/11,25832.82
2023/9/10,25894.31
2023/9/9,25906.03
2023/9/8,26243.47
2023/9/7,25753.31
2023/9/6,25785.3
2023/9/5,25810.86
2023/9/4,25969.05
2023/9/3,25869.09
2023/9/2,25802.1
2023/9/1,25932.99
2023/8/31,27301.12
2023/8/30,27731.23
2023/8/29,26108.31
2023/8/28,26088.78
2023/8/27,26006.44
2023/8/26,26049.42
2023/8/25,26165.4
2023/8/24,26426.74
2023/8/23,26036.91
2023/8/22,26123.41
2023/8/21,26189.99
2023/8/20,26090.7
2023/8/19,26047.05
2023/8/18,26662.05
2023/8/17,28701.48
2023/8/16,29169.09
2023/8/15,29413.8
2023/8/14,29283.84
2023/8/13,29412.84
2023/8/12,29399.18
2023/8/11,29433.98
2023/8/10,29565.82
2023/8/9,29768.29
2023/8/8,29181.71
2023/8/7,29041.01
2023/8/6,29048.01
2023/8/5,29075
2023/8/4,29183.41
2023/8/3,29152.45
2023/8/2,29683.61
2023/8/1,29228.49
2023/7/31,29274.94
2023/7/30,29359.89
2023/7/29,29316.12
2023/7/28,29213.94
2023/7/27,29344.56
2023/7/26,29226.18
2023/7/25,29178.42
2023/7/24,30081.88
2023/7/23,29774.36
2023/7/22,29907.88
2023/7/21,29802.29
2023/7/20,29912.48
2023/7/19,29859.24
2023/7/18,30144.2
2023/7/17,30240.28
2023/7/16,30291.67
2023/7/15,30330.22
2023/7/14,31485.37
2023/7/13,30391.64
2023/7/12,30622.7
2023/7/11,30411.71
2023/7/10,30214.55
2023/7/9,30214.55
2023/7/8,30344.53
2023/7/7,29918.04
2023/7/6,30502.55
2023/7/5,30774.87
2023/7/4,31150.92
2023/7/3,30618.25
2023/7/2,30591.53
2023/7/1,30471.5
2023/6/30,30449.16
2023/6/29,30083.59
2023/6/28,30699.11
2023/6/27,30266.7
2023/6/26,30458.97
2023/6/25,30548.59
2023/6/24,30692.8
2023/6/23,29903.73
2023/6/22,29992.98
2023/6/21,28326.8
2023/6/20,26848.8
2023/6/19,26337.08
2023/6/18,26509.82
2023/6/17,26326.23
2023/6/16,25575.69
2023/6/15,25127.04
2023/6/14,25921.42
2023/6/13,25904.32
2023/6/12,25933.06
2023/6/11,25852.82
2023/6/10,26483.52
2023/6/9,26507.33
2023/6/8,26352.2
2023/6/7,27243.64
2023/6/6,25747.2
2023/6/5,27125.02
2023/6/4,27073.27
2023/6/3,27251.93
2023/6/2,26814.77
2023/6/1,27213.71
2023/5/31,27704
2023/5/30,27744.66
2023/5/29,28082.7
2023/5/28,26873.18
2023/5/27,26719.74
2023/5/26,26477.29
2023/5/25,26327.38
2023/5/24,27223.19
2023/5/23,26849.97
2023/5/22,26756.57
2023/5/21,27124.48
2023/5/20,26889.6
2023/5/19,26833.27
2023/5/18,27398.27
2023/5/17,27036.39
2023/5/16,27191.97
2023/5/15,26926.17
2023/5/14,26785.94
2023/5/13,26803.05
2023/5/12,26993.2
2023/5/11,27617.14
2023/5/10,27640.09
2023/5/9,27691.41
2023/5/8,28456.84
2023/5/7,28903.41
2023/5/6,29535.38
2023/5/5,28851.84
2023/5/4,29007.66
2023/5/3,28678.29
2023/5/2,28086.65
2023/5/1,29264.14
2023/4/30,29244.68
2023/4/29,29329.63
2023/4/28,29480.35
2023/4/27,28429.72
2023/4/26,28301.71
2023/4/25,27516.48
2023/4/24,27590.55
2023/4/23,27816.18
2023/4/22,27267.99
2023/4/21,28243.02
2023/4/20,28829.57
2023/4/19,30393.64
2023/4/18,29447.1
2023/4/17,30315.39
2023/4/16,30319.32
2023/4/15,30486.05
2023/4/14,30407.6
2023/4/13,29899.24
2023/4/12,30234.98
2023/4/11,29656.24
2023/4/10,28336.18
2023/4/9,27956.01
2023/4/8,27925.55
2023/4/7,28039.94
2023/4/6,28180.4
2023/4/5,28169.5
2023/4/4,27802.23
2023/4/3,28185.2
2023/4/2,28465.04
2023/4/1,28479.75
2023/3/31,28033.06
2023/3/30,28355.92
2023/3/29,27274.72
2023/3/28,27141.23
2023/3/27,27999.84
2023/3/26,27496.06
2023/3/25,27496.2
2023/3/24,28332.42
2023/3/23,27306.32
2023/3/22,28191.53
2023/3/21,27790.89
2023/3/20,28045.84
2023/3/19,26975.39
2023/3/18,27462.77
2023/3/17,25053.64
2023/3/16,24376.39
2023/3/15,24767.46
2023/3/14,24213.74
2023/3/13,22205.32
2023/3/12,20656.78
2023/3/11,20224.85
2023/3/10,20363.36
2023/3/9,21698.33
2023/3/8,22197.49
2023/3/7,22410.62
2023/3/6,22427.56
2023/3/5,22348.51
2023/3/4,22351.72
2023/3/3,23467.36
2023/3/2,23641.68
2023/3/1,23128.3
2023/2/28,23497.62
2023/2/27,23563.11
2023/2/26,23176.76
2023/2/25,23192.02
2023/2/24,23946.39
2023/2/23,24185.67
2023/2/22,24438.1
2023/2/21,24834.81
2023/2/20,24290.18
2023/2/19,24641.94
2023/2/18,24572.97
2023/2/17,23544.67
2023/2/16,24340.73
2023/2/15,22211.8
2023/2/14,21787.99
2023/2/13,21787.25
2023/2/12,21861.84
2023/2/11,21638.55
2023/2/10,21794.05
2023/2/9,22964.87
2023/2/8,23254.79
2023/2/7,22763.74
2023/2/6,22936.95
2023/2/5,23328.24
2023/2/4,23440.09
2023/2/3,23454.41
2023/2/2,23722.02
2023/2/1,23133.91
2023/1/31,22836.09
2023/1/30,23755.85
2023/1/29,23032.23
2023/1/28,23075.81
2023/1/27,23008.29
2023/1/26,23089.74
2023/1/25,22634.47
2023/1/24,22924.37
2023/1/23,22724.23
2023/1/22,22772.5
2023/1/21,22693.45
2023/1/20,21087.76
2023/1/19,20672.78
2023/1/18,21145.18
2023/1/17,21190.49
2023/1/16,20880.99
2023/1/15,20955.15
2023/1/14,19933.36
2023/1/13,18859.32
2023/1/12,17934.6
2023/1/11,17443.68
2023/1/10,17192.07
2023/1/9,17108.41
2023/1/8,16945.2
2023/1/7,16951.97
2023/1/6,16826.41
2023/1/5,16850.63
2023/1/4,16669.6
2023/1/3,16671.54
2023/1/2,16613.71
2023/1/1,16526.78
2022/12/31,16599.69
2022/12/30,16630.49
2022/12/29,16539.28
2022/12/28,16699
2022/12/27,16915.7
2022/12/26,16826.86
2022/12/25,16838.1
2022/12/24,16779.71
2022/12/23,16818.68
2022/12/22,16813.62
2022/12/21,16904.64
2022/12/20,16439.89
2022/12/19,16745.99
2022/12/18,16783.6
2022/12/17,16637.6
2022/12/16,17357.47
2022/12/15,17802.44
2022/12/14,17771.03
2022/12/13,17206.87
2022/12/12,17098.61
2022/12/11,17124.99
2022/12/10,17128.55
2022/12/9,17234.58
2022/12/8,16836.05
2022/12/7,17085.45
2022/12/6,16967.02
2022/12/5,17117.57
2022/12/4,16894.23
2022/12/3,17091.23
2022/12/2,16971.57
2022/12/1,17170.62
2022/11/30,16432.73
2022/11/29,16208.96
2022/11/28,16420.2
2022/11/27,16453.47
2022/11/26,16507.44
2022/11/25,16592.67
2022/11/24,16606.77
2022/11/23,16194.75
2022/11/22,15759.61
2022/11/21,16260.41
2022/11/20,16687.8
2022/11/19,16683.22
2022/11/18,16682.44
2022/11/17,16662.24
2022/11/16,16873.56
2022/11/15,16587.96
2022/11/14,16310.3
2022/11/13,16776.4
2022/11/12,16990.26
2022/11/11,17550.23
2022/11/10,15856.95
2022/11/9,18540.11
2022/11/8,20598.44
2022/11/7,20920.33
2022/11/6,21292.67
2022/11/5,21152.93
2022/11/4,20208.16
2022/11/3,20153.99
2022/11/2,20486.26
2022/11/1,20499.29
2022/10/31,20628.5
2022/10/30,20816.16
2022/10/29,20601.63
2022/10/28,20288.52
2022/10/27,20772.36
2022/10/26,20101.27
2022/10/25,19338.9
2022/10/24,19565.91
2022/10/23,19205.45
2022/10/22,19171.34
2022/10/21,19046.83
2022/10/20,19125.65
2022/10/19,19330.74
2022/10/18,19548.97
2022/10/17,19265.53
2022/10/16,19063.1
2022/10/15,19184.71
2022/10/14,19383.33
2022/10/13,19156.21
2022/10/12,19049.64
2022/10/11,19132.52
2022/10/10,19441.88
2022/10/9,19417.73
2022/10/8,19544.82
2022/10/7,19956.49
2022/10/6,20167.79
2022/10/5,20342.25
2022/10/4,19632.61
2022/10/3,19049.72
2022/10/2,19314.69
2022/10/1,19427.2
2022/9/30,19598.86
2022/9/29,19530.71
2022/9/28,19104.89
2022/9/27,19227.26
2022/9/26,18807.71
2022/9/25,18931.79
2022/9/24,19280.58
2022/9/23,19408.63
2022/9/22,18507.36
2022/9/21,18879.96
2022/9/20,19542.2
2022/9/19,19415.86
2022/9/18,20122.71
2022/9/17,19787.61
2022/9/16,19694.69
2022/9/15,20219.55
2022/9/14,20172.56
2022/9/13,22392.71
2022/9/12,21794.52
2022/9/11,21673.03
2022/9/10,21387.58
2022/9/9,19327.53
2022/9/8,19280.08
2022/9/7,18806.7
2022/9/6,19789.87
2022/9/5,19994.65
2022/9/4,19834.94
2022/9/3,19952.91
2022/9/2,20130.52
2022/9/1,20047.68
2022/8/31,19793.02
2022/8/30,20290.41
2022/8/29,19550.07
2022/8/28,20035.59
2022/8/27,20233.32
2022/8/26,21597.93
2022/8/25,21377.51
2022/8/24,21516.02
2022/8/23,21402.93
2022/8/22,21520.51
2022/8/21,21150.33
2022/8/20,20843.22
2022/8/19,23193.99
2022/8/18,23332.09
2022/8/17,23876.29
2022/8/16,24096.19
2022/8/15,24314.89
2022/8/14,24447.13
2022/8/13,24418.38
2022/8/12,23953.77
2022/8/11,23959.92
2022/8/10,23156.31
2022/8/9,23816.32
2022/8/8,23174.25
2022/8/7,22947.19
2022/8/6,23295.14
2022/8/5,22608.3
2022/8/4,22831.85
2022/8/3,22981.77
2022/8/2,23298.94
2022/8/1,23326.49
2022/7/31,23647.99
2022/7/30,23792
2022/7/29,23856.25
2022/7/28,22950.29
2022/7/27,21267.33
2022/7/26,21300.72
2022/7/25,22582.4
2022/7/24,22461.7
2022/7/23,22687.08
2022/7/22,23154.09
2022/7/21,23227.22
2022/7/20,23403.29
2022/7/19,22538.08
2022/7/18,20774.23
2022/7/17,21197.1
2022/7/16,20835.61
2022/7/15,20568.9
2022/7/14,20223.69
2022/7/13,19292.99
2022/7/12,19946.31
2022/7/11,20834.61
2022/7/10,21582.6
2022/7/9,21636.45
2022/7/8,21633.44
2022/7/7,20545.61
2022/7/6,20181.91
2022/7/5,20208.45
2022/7/4,19288.97
2022/7/3,19224.75
2022/7/2,19226.7
2022/7/1,19865.7
2022/6/30,20085.93
2022/6/29,20256.61
2022/6/28,20702.23
2022/6/27,21020.04
2022/6/26,21481.38
2022/6/25,21194.68
2022/6/24,21088.3
2022/6/23,19953.71
2022/6/22,20703.51
2022/6/21,20582.29
2022/6/20,20540.38
2022/6/19,18977.51
2022/6/18,20434.75
2022/6/17,20350.48
2022/6/16,22550.79
2022/6/15,22189.29
2022/6/14,22431.22
2022/6/13,26593.3
2022/6/12,28344.5
2022/6/11,29059.41
2022/6/10,30083.46
2022/6/9,30189.25
2022/6/8,31117.83
2022/6/7,31349.82
2022/6/6,29901.35
2022/6/5,29845.23
2022/6/4,29681.76
2022/6/3,30429.88
2022/6/2,29780.81
2022/6/1,31776.27
2022/5/31,31715.58
2022/5/30,29448.74
2022/5/29,29013.69
2022/5/28,28578.89
2022/5/27,29193.92
2022/5/26,29518.59
2022/5/25,29634.57
2022/5/24,29074.33
2022/5/23,30278.94
2022/5/22,29409.92
2022/5/21,29159.5
2022/5/20,30289.87
2022/5/19,28680.97
2022/5/18,30406.69
2022/5/17,29834.09
2022/5/16,31277.43
2022/5/15,30074.61
2022/5/14,29234.06
2022/5/13,28931.14
2022/5/12,28907.15
2022/5/11,31003.93
2022/5/10,30175.71
2022/5/9,34082.21
2022/5/8,35471.42
2022/5/7,36013.03
2022/5/6,36549.9
2022/5/5,39674.89
2022/5/4,37727.19
2022/5/3,38510.65
2022/5/2,38475.48
2022/5/1,37661.19
2022/4/30,38596.28
2022/4/29,39770.04
2022/4/28,39249.28
2022/4/27,38114.94
2022/4/26,40472.7
2022/4/25,39465.57
2022/4/24,39429.01
2022/4/23,39727.65
2022/4/22,40514.01
2022/4/21,41375.79
2022/4/20,41507.3
2022/4/19,40805.72
2022/4/18,39711.45
2022/4/17,40388.78
2022/4/16,40566.2
2022/4/15,39939.9
2022/4/14,41148.06
2022/4/13,40102.2
2022/4/12,39488.62
2022/4/11,42144.23
2022/4/10,42787.69
2022/4/9,42278.94
2022/4/8,43464.32
2022/4/7,43190.18
2022/4/6,45508.16
2022/4/5,46611.26
2022/4/4,46425.52
2022/4/3,45825.36
2022/4/2,46282.56
2022/4/1,45539.22
2022/3/31,47064.16
2022/3/30,47448.01
2022/3/29,47115.93
2022/3/28,46858.53
2022/3/27,44542.39
2022/3/26,44334.33
2022/3/25,44004.47
2022/3/24,42905.06
2022/3/23,42372.67
2022/3/22,41071.41
2022/3/21,41250.83
2022/3/20,42222.32
2022/3/19,41795.77
2022/3/18,40946.78
2022/3/17,41133.08
2022/3/16,39320.82
2022/3/15,39680.6
2022/3/14,37820.39
2022/3/13,38809.18
2022/3/12,38741.04
2022/3/11,39437.89
2022/3/10,41956.53
2022/3/9,38753.1
2022/3/8,38032.5
2022/3/7,38407.69
2022/3/6,39399.58
2022/3/5,39141.25
2022/3/4,42464.4
2022/3/3,43934.85
2022/3/2,44418.83
2022/3/1,43226.36
2022/2/28,37704.56
2022/2/27,39103.91
2022/2/26,39222.6
2022/2/25,38344.78
2022/2/24,37291.48
2022/2/23,38262.17
2022/2/22,37031.08
2022/2/21,38382.32
2022/2/20,40115.05
2022/2/19,40014.55
2022/2/18,40565.69
2022/2/17,43948.81
2022/2/16,44536.2
2022/2/15,42580.94
2022/2/14,42104.89
2022/2/13,42245.56
2022/2/12,42401.27
2022/2/11,43531.11
2022/2/10,44397.3
2022/2/9,44133.28
2022/2/8,43834.02
2022/2/7,42450.98
2022/2/6,41435.43
2022/2/5,41584.19
2022/2/4,37092.4
2022/2/3,36912.68
2022/2/2,38739.74
2022/2/1,38521.79
2022/1/31,37918.62
2022/1/30,38186.49
2022/1/29,37770.15
2022/1/28,37146.85
2022/1/27,36823.5
2022/1/26,36948.81
2022/1/25,36678.82
2022/1/24,36280.82
2022/1/23,35071.43
2022/1/22,36480.85
2022/1/21,40684.42
2022/1/20,41707.85
2022/1/19,42381.48
2022/1/18,42248.35
2022/1/17,43102.44
2022/1/16,43146.53
2022/1/15,43099.37
2022/1/14,42546.44
2022/1/13,43926
2022/1/12,42723.37
2022/1/11,41849
2022/1/10,41864.44
2022/1/9,41690.93
2022/1/8,41528.04
2022/1/7,43120.63
2022/1/6,43436.17
2022/1/5,45862.98
2022/1/4,46441.99
2022/1/3,47327.87
2022/1/2,47763.33
2022/1/1,46249.56
2021/12/31,47132.96
2021/12/30,46408.87
2021/12/29,47601.26
2021/12/28,50692.3
2021/12/27,50801.11
2021/12/26,50470.89
2021/12/25,50814.92
2021/12/24,50785.69
2021/12/23,48628.35
2021/12/22,48934.57
2021/12/21,46910.13
2021/12/20,46689.28
2021/12/19,46863.67
2021/12/18,46173.51
2021/12/17,47658.38
2021/12/16,48884.66
2021/12/15,48392.79
2021/12/14,46757.09
2021/12/13,50117.25
2021/12/12,49379.67
2021/12/11,47137.46
2021/12/10,47659.68
2021/12/9,50511.12
2021/12/8,50645.41
2021/12/7,50564.63
2021/12/6,49380.43
2021/12/5,49253.86
2021/12/4,53713.84
2021/12/3,56508.48
2021/12/2,57229.76
2021/12/1,57025.79
2021/11/30,57828.45
2021/11/29,57292.28
2021/11/28,54801.15
2021/11/27,53588.21
2021/11/26,58935.45
2021/11/25,57187.54
2021/11/24,57578.22
2021/11/23,56301.52
2021/11/22,58755.9
2021/11/21,59777.98
2021/11/20,58133.02
2021/11/19,56921.34
2021/11/18,60381.35
2021/11/17,60172.26
2021/11/16,63584.25
2021/11/15,65468.75
2021/11/14,64420.94
2021/11/13,64254.67
2021/11/12,64838.81
2021/11/11,64976.73
2021/11/10,66954.11
2021/11/9,67562.17
2021/11/8,63293.22
2021/11/7,61516.31
2021/11/6,61072.32
2021/11/5,61441.83
2021/11/4,62954.86
2021/11/3,63241.11
2021/11/2,61029.5
2021/11/1,61373.44
2021/10/31,61731.29
2021/10/30,62249.18
2021/10/29,60587.09
2021/10/28,58538.49
2021/10/27,60345.17
2021/10/26,63070.54
2021/10/25,60884.18
2021/10/24,61277.28
2021/10/23,60697.06
2021/10/22,62354.86
2021/10/21,66063.56
2021/10/20,64287.64
2021/10/19,61971.59
2021/10/18,61546.21
2021/10/17,60948.78
2021/10/16,61641.17
2021/10/15,57397.74
2021/10/14,57406.69
2021/10/13,56242.94
2021/10/12,57452.01
2021/10/11,54625.74
2021/10/10,55122.59
2021/10/9,53867.3
2021/10/8,53801.1
2021/10/7,55343.76
2021/10/6,51505.83
2021/10/5,49143.95
2021/10/4,48205.72
2021/10/3,47727.1
2021/10/2,48140.11
2021/10/1,43757.81
2021/9/30,41522.38
2021/9/29,41011.16
2021/9/28,42238.2
2021/9/27,43182.63
2021/9/26,42742.01
2021/9/25,42815.56
2021/9/24,44888.96
2021/9/23,43604.76
2021/9/22,40619.27
2021/9/21,42901.56
2021/9/20,47249.38
2021/9/19,48259.45
2021/9/18,47263.6
2021/9/17,47785.26
2021/9/16,48167.85
2021/9/15,47072.12
2021/9/14,44968.76
2021/9/13,46059.12
2021/9/12,45144.79
2021/9/11,44847.48
2021/9/10,46368.69
2021/9/9,46078.38
2021/9/8,46809.17
2021/9/7,52677.4
2021/9/6,51769.06
2021/9/5,49947.38
2021/9/4,50035.33
2021/9/3,49329.01
2021/9/2,48862.76
2021/9/1,47155.87
2021/8/31,47074.77
2021/8/30,48806.78
2021/8/29,48897.65
2021/8/28,49056.86
2021/8/27,46962.8
2021/8/26,48972.09
2021/8/25,47744.58
2021/8/24,49523.5
2021/8/23,49335.68
2021/8/22,48932.02
2021/8/21,49327.75
2021/8/20,46734.65
2021/8/19,44777.86
2021/8/18,44648.57
2021/8/17,45982.55
2021/8/16,47056.41
2021/8/15,47112.19
2021/8/14,47833.98
2021/8/13,44417.78
2021/8/12,45611.46
2021/8/11,45608.37
2021/8/10,46333.46
2021/8/9,43816.14
2021/8/8,44634.13
2021/8/7,42825.95
2021/8/6,40882
2021/8/5,39750.14
2021/8/4,38138
2021/8/3,39193.94
2021/8/2,40000.46
2021/8/1,41659.06
2021/7/31,42214.15
2021/7/30,40005.93
2021/7/29,40002.53
2021/7/28,39405.95
2021/7/27,37318.14
2021/7/26,35365.2
2021/7/25,34279.34
2021/7/24,33581.63
2021/7/23,32297.89
2021/7/22,32118.06
2021/7/21,29790.24
2021/7/20,30815.94
2021/7/19,31783.49
2021/7/18,31520.66
2021/7/17,31421.25
2021/7/16,31738.59
2021/7/15,32814.61
2021/7/14,32686.56
2021/7/13,33158.25
2021/7/12,34227.64
2021/7/11,33515.57
2021/7/10,33818.52
2021/7/9,32877.41
2021/7/8,33839.04
2021/7/7,34211.01
2021/7/6,33747.97
2021/7/5,35309.3
2021/7/4,34688.98
2021/7/3,33856.86
2021/7/2,33536.88
2021/7/1,35047.36
2021/6/30,35847.7
2021/6/29,34456.67
2021/6/28,34644.45
2021/6/27,32160.91
2021/6/26,31640.58
2021/6/25,34639.38
2021/6/24,33674.66
2021/6/23,32447.59
2021/6/22,31686.55
2021/6/21,35592.35
2021/6/20,35524.17
2021/6/19,35729.82
2021/6/18,38068.04
2021/6/17,38324.87
2021/6/16,40188.56
2021/6/15,40525.8
2021/6/14,39066.82
2021/6/13,35494.9
2021/6/12,37313.18
2021/6/11,36704.57
2021/6/10,37338.36
2021/6/9,33450.19
2021/6/8,33514.87
2021/6/7,35816.17
2021/6/6,35530.38
2021/6/5,36885.51
2021/6/4,39188.59
2021/6/3,37585.24
2021/6/2,36662.64
2021/6/1,37310.54
2021/5/31,35684.59
2021/5/30,34647.67
2021/5/29,35689.62
2021/5/28,38445.29
2021/5/27,39266.04
2021/5/26,38410.5
2021/5/25,38728.59
2021/5/24,34754.54
2021/5/23,37528.3
2021/5/22,37280.35
2021/5/21,40784.32
2021/5/20,36964.27
2021/5/19,42912.19
2021/5/18,43596.24
2021/5/17,46441.64
2021/5/16,46736.58
2021/5/15,49922.52
2021/5/14,49702.27
2021/5/13,49007.09
2021/5/12,56750
2021/5/11,55883.5
2021/5/10,58280.73
2021/5/9,58928.81
2021/5/8,57380.27
2021/5/7,56428.16
2021/5/6,57473.23
2021/5/5,53241.72
2021/5/4,57213.33
2021/5/3,56610.46
2021/5/2,57857.5
2021/5/1,57796.62
2021/4/30,53584.15
2021/4/29,54884.1
2021/4/28,55071.46
2021/4/27,54056.64
2021/4/26,49075.58
2021/4/25,50110.53
2021/4/24,51153.13
2021/4/23,51731.71
2021/4/22,53808.8
2021/4/21,56507.91
2021/4/20,55703.14
2021/4/19,56251.48
2021/4/18,60087.09
2021/4/17,61455.98
2021/4/16,63252.63
2021/4/15,62969.12
2021/4/14,63554.44
2021/4/13,59834.74
2021/4/12,59964.87
2021/4/11,59774
2021/4/10,58102.58
2021/4/9,58048.59
2021/4/8,55947.27
2021/4/7,58020.46
2021/4/6,59054.1
2021/4/5,58206.55
2021/4/4,57076.49
2021/4/3,59031.32
2021/4/2,58736.92
2021/4/1,58735.25
2021/3/31,58730.13
2021/3/30,57627.67
2021/3/29,55783.71
2021/3/28,55863.93
2021/3/27,55074.47
2021/3/26,51415.92
2021/3/25,52508.23
2021/3/24,54477.46
2021/3/23,54204.96
2021/3/22,57411.17
2021/3/21,58085.8
2021/3/20,58075.1
2021/3/19,57665.9
2021/3/18,58913
2021/3/17,56872.38
2021/3/16,55754.72
2021/3/15,59133.47
2021/3/14,61258.73
2021/3/13,57253.28
2021/3/12,57764
2021/3/11,55997.23
2021/3/10,54881.52
2021/3/9,52299.33
2021/3/8,51169.7
2021/3/7,48881.59
2021/3/6,48861.38
2021/3/5,48448.91
2021/3/4,50477.7
2021/3/3,48356.04
2021/3/2,49618.43
2021/3/1,45113.92
2021/2/28,46155.87
2021/2/27,46340.31
2021/2/26,46800.42
2021/2/25,50624.84
2021/2/24,48880.43
2021/2/23,54123.4
2021/2/22,57487.86
2021/2/21,56001.2
2021/2/20,55916.5
2021/2/19,51608.15
2021/2/18,52118.23
2021/2/17,49160.1
2021/2/16,47951.85
2021/2/15,48720.37
2021/2/14,47185.19
2021/2/13,47471.4
2021/2/12,48013.38
2021/2/11,44878.17
2021/2/10,46589.58
2021/2/9,46364.3
2021/2/8,38928.1
2021/2/7,39323.26
2021/2/6,38278.61
2021/2/5,37002.09
2021/2/4,37676.25
2021/2/3,35529.66
2021/2/2,33522.9
2021/2/1,33136.46
2021/1/31,34318.1
2021/1/30,34314.26
2021/1/29,33403.17
2021/1/28,30419.17
2021/1/27,32541.8
2021/1/26,32243.26
2021/1/25,32276.84
2021/1/24,32099.74
2021/1/23,33002.38
2021/1/22,30797.88
2021/1/21,35538.98
2021/1/20,36020.13
2021/1/19,36632.35
2021/1/18,35793.01
2021/1/17,36065.2
2021/1/16,36828.52
2021/1/15,39158.47
2021/1/14,37393.13
2021/1/13,34011.82
2021/1/12,35544.94
2021/1/11,38240.09
2021/1/10,40240.72
2021/1/9,40670.25
2021/1/8,39486.04
2021/1/7,36860.41
2021/1/6,34046.67
2021/1/5,32035.03
2021/1/4,33000.78
2021/1/3,32195.46
2021/1/2,29393.75
2021/1/1,28982.56
2020/12/31,28856.59
2020/12/30,27376.37
2020/12/29,27036.69
2020/12/28,26246.58
2020/12/27,26443.21
2020/12/26,24693.58
2020/12/25,23715.53
2020/12/24,23253.37
2020/12/23,23824.99
2020/12/22,22745.48
2020/12/21,23490.58
2020/12/20,23869.92
2020/12/19,23150.79
2020/12/18,22847.46
2020/12/17,21379.48
2020/12/16,19439.75
2020/12/15,19276.59
2020/12/14,19164.48
2020/12/13,18803.44
2020/12/12,18029.36
2020/12/11,18247.76
2020/12/10,18554.15
2020/12/9,18318.87
2020/12/8,19181.41
2020/12/7,19377.66
2020/12/6,19155.06
2020/12/5,18670.49
2020/12/4,19454.54
2020/12/3,19226.97
2020/12/2,18792.52
2020/12/1,19709.73
2020/11/30,18191.6
2020/11/29,17732.42
2020/11/28,17138.87
2020/11/27,17151.44
2020/11/26,18739.8
2020/11/25,19172.52
2020/11/24,18398.91
2020/11/23,18422.28
2020/11/22,18699.75
2020/11/21,18687.45
2020/11/20,17820.57
2020/11/19,17798.45
2020/11/18,17679.72
2020/11/17,16725.15
2020/11/16,15968.16
2020/11/15,16091.07
2020/11/14,16339.33
2020/11/13,16295.57
2020/11/12,15708.65
2020/11/11,15317.04
2020/11/10,15328.53
2020/11/9,15490.6
2020/11/8,14839.84
2020/11/7,15595.77
2020/11/6,15591.39
2020/11/5,14155.59
2020/11/4,14023.31
2020/11/3,13575.17
2020/11/2,13758.88
2020/11/1,13810.32
2020/10/31,13564.72
2020/10/30,13458.66
2020/10/29,13289
2020/10/28,13651.47
2020/10/27,13076.37
2020/10/26,13036.77
2020/10/25,13128.46
2020/10/24,12944.52
2020/10/23,12990.25
2020/10/22,12831.56
2020/10/21,11925.46
2020/10/20,11758.16
2020/10/19,11508.2
2020/10/18,11366.51
2020/10/17,11327.57
2020/10/16,11503.73
2020/10/15,11431.32
2020/10/14,11428.24
2020/10/13,11540.04
2020/10/12,11376.61
2020/10/11,11302.67
2020/10/10,11063.19
2020/10/9,10923.3
2020/10/8,10670.8
2020/10/7,10603.74
2020/10/6,10788.56
2020/10/5,10673.46
2020/10/4,10551.77
2020/10/3,10575.06
2020/10/2,10619.24
2020/10/1,10777.92
2020/9/30,10840.8
2020/9/29,10692.33
2020/9/28,10774.24
2020/9/27,10732.4
2020/9/26,10692.84
2020/9/25,10732.43
2020/9/24,10234.48
2020/9/23,10532.22
2020/9/22,10430.46
2020/9/21,10919.65
2020/9/20,11081.43
2020/9/19,10931.79
2020/9/18,10943.89
2020/9/17,10948.43
2020/9/16,10785.62
2020/9/15,10674.64
2020/9/14,10330.77
2020/9/13,10446.44
2020/9/12,10395.44
2020/9/11,10352.66
2020/9/10,10227.83
2020/9/9,10121.52
2020/9/8,10367.74
2020/9/7,10254.93
2020/9/6,10159.62
2020/9/5,10467.89
2020/9/4,10187.51
2020/9/3,11397.44
2020/9/2,11923.25
2020/9/1,11659.57
2020/8/31,11707.78
2020/8/30,11481.64
2020/8/29,11534.75
2020/8/28,11302.01
2020/8/27,11467.37
2020/8/26,11337.4
2020/8/25,11763.93
2020/8/24,11653.02
2020/8/23,11683.44
2020/8/22,11522.8
2020/8/21,11865.82
2020/8/20,11734
2020/8/19,11969.53
2020/8/18,12293.72
2020/8/17,11914.01
2020/8/16,11873.98
2020/8/15,11774.38
2020/8/14,11777.43
2020/8/13,11573.11
2020/8/12,11392.43
2020/8/11,11893.03
2020/8/10,11684.06
2020/8/9,11767.6
2020/8/8,11605.6
2020/8/7,11772.94
2020/8/6,11750.28
2020/8/5,11194.25
2020/8/4,11242.57
2020/8/3,11077.77
2020/8/2,11823.69
2020/8/1,11343.88
2020/7/31,11114.93
2020/7/30,11102.67
2020/7/29,10934.94
2020/7/28,11042.4
2020/7/27,9938.83
2020/7/26,9707.5
2020/7/25,9551.28
2020/7/24,9613.11
2020/7/23,9537.4
2020/7/22,9392.66
2020/7/21,9163.87
2020/7/20,9214.66
2020/7/19,9174.71
2020/7/18,9154.19
2020/7/17,9131
2020/7/16,9193.51
2020/7/15,9254.52
2020/7/14,9238.13
2020/7/13,9295.9
2020/7/12,9235.96
2020/7/11,9287.4
2020/7/10,9238.04
2020/7/9,9440.07
2020/7/8,9256.23
2020/7/7,9348.91
2020/7/6,9089.09
2020/7/5,9131.31
2020/7/4,9072.42
2020/7/3,9087.98
2020/7/2,9236.38
2020/7/1,9133.97
2020/6/30,9185.35
2020/6/29,9127.47
2020/6/28,9004.23
2020/6/27,9154.45
2020/6/26,9240.85
2020/6/25,9276.58
2020/6/24,9621.49
2020/6/23,9691.9
2020/6/22,9284.78
2020/6/21,9357.43
2020/6/20,9300.15
2020/6/19,9380.03
2020/6/18,9454.81
2020/6/17,9526
2020/6/16,9426.7
2020/6/15,9330.07
2020/6/14,9473.5
2020/6/13,9459.97
2020/6/12,9286.42
2020/6/11,9892.13
2020/6/10,9775.15
2020/6/9,9782.59
2020/6/8,9753.85
2020/6/7,9670.43
2020/6/6,9623.75
2020/6/5,9794.56
2020/6/4,9658.04
2020/6/3,9525.57
2020/6/2,10204.23
2020/6/1,9450.84
2020/5/31,9698.1
2020/5/30,9425.98
2020/5/29,9569.21
2020/5/28,9197.54
2020/5/27,8842.85
2020/5/26,8899.66
2020/5/25,8730.73
2020/5/24,9178.32
2020/5/23,9167.26
2020/5/22,9057.57
2020/5/21,9510.67
2020/5/20,9785.74
2020/5/19,9719.37
2020/5/18,9669.4
2020/5/17,9385.7
2020/5/16,9303.59
2020/5/15,9790.31
2020/5/14,9305.93
2020/5/13,8814.53
2020/5/12,8617.25
2020/5/11,8754.46
2020/5/10,9527.39
2020/5/9,9821.8
2020/5/8,10002.48
2020/5/7,9170.79
2020/5/6,9030.96
2020/5/5,8885.93
2020/5/4,8903.95
2020/5/3,8973.82
2020/5/2,8824.66
2020/5/1,8628.77
2020/4/30,8777.63
2020/4/29,7765.33
2020/4/28,7790.66
2020/4/27,7699.27
2020/4/26,7549.52
2020/4/25,7507.08
2020/4/24,7477.6
2020/4/23,7130.99
2020/4/22,6852.52
2020/4/21,6840.24
2020/4/20,7130.04
2020/4/19,7259.36
2020/4/18,7034.89
2020/4/17,7112.27
2020/4/16,6623.8
2020/4/15,6871.95
2020/4/14,6857.66
2020/4/13,6915.37
2020/4/12,6891.6
2020/4/11,6873.24
2020/4/10,7293.69
2020/4/9,7365.03
2020/4/8,7205.55
2020/4/7,7343.2
2020/4/6,6777.44
2020/4/5,6871.69
2020/4/4,6741.67
2020/4/3,6809.11
2020/4/2,6652.87
2020/4/1,6428.28
2020/3/31,6405.29
2020/3/30,5885.41
2020/3/29,6260.95
2020/3/28,6369.09
2020/3/27,6763.75
2020/3/26,6698.46
2020/3/25,6768.49
2020/3/24,6502.16
2020/3/23,5822.62
2020/3/22,6189.85
2020/3/21,6226.44
2020/3/20,6195.2
2020/3/19,5410.23
2020/3/18,5357.61
2020/3/17,5026.35
2020/3/16,5348.44
2020/3/15,5166.26
2020/3/14,5609.03
2020/3/13,4830.21
2020/3/12,7936.65
2020/3/11,7885.46
2020/3/10,7931.94
2020/3/9,8039.38
2020/3/8,8898.63
2020/3/7,9155.89
2020/3/6,9067.39
2020/3/5,8758.9
2020/3/4,8754.34
2020/3/3,8912.82
2020/3/2,8912.82
2020/3/1,8534.17
2020/2/29,8712.35
2020/2/28,8804.72
2020/2/27,8785.52
2020/2/26,9309.15
2020/2/25,9663.75
2020/2/24,9989.39
2020/2/23,9669.63
2020/2/22,9696.58
2020/2/21,9606.86
2020/2/20,9604.72
2020/2/19,10180.65
2020/2/18,9703.93
2020/2/17,9937.67
2020/2/16,9904.17
2020/2/15,10368.53
2020/2/14,10242.43
2020/2/13,10354.3
2020/2/12,10275.38
2020/2/11,9854.79
2020/2/10,10162.41
2020/2/9,9907.12
2020/2/8,9807.54
2020/2/7,9755.66
2020/2/6,9614.9
2020/2/5,9162.14
2020/2/4,9162.14
2020/2/3,9314.56
2020/2/2,9378.09
2020/2/1,9333.77
2020/1/31,9502.37
2020/1/30,9279.81
2020/1/29,9385.69
2020/1/28,8895.78
2020/1/27,8588.42
2020/1/26,8327.36
2020/1/25,8428.17
2020/1/24,8388.11
2020/1/23,8658.94
2020/1/22,8722.26
2020/1/21,8626.47
2020/1/20,8703.36
2020/1/19,8910.85
2020/1/18,8900.34
2020/1/17,8722.03
2020/1/16,8813.89
2020/1/15,8842.42
2020/1/14,8105.24
2020/1/13,8173.97
2020/1/12,8021.49
2020/1/11,8184.66
2020/1/10,7817.92
2020/1/9,8042.65
2020/1/8,8165.47
2020/1/7,7759.24
2020/1/6,7351.57
2020/1/5,7347.89
2020/1/4,7326.35
2020/1/3,6944.33
2020/1/2,7175.68
2020/1/1,7168.31
2019/12/31,7219.6
2019/12/30,7385.36
2019/12/29,7301.07
2019/12/28,7243.93
2019/12/27,7194.4
2019/12/26,7192.72
2019/12/25,7250.69
2019/12/24,7322.08
2019/12/23,7514.41
2019/12/22,7143.2
2019/12/21,7190.17
2019/12/20,7150.86
2019/12/19,7284.29
2019/12/18,6612.12
2019/12/17,6879.54
2019/12/16,7111.14
2019/12/15,7067.74
2019/12/14,7251.87
2019/12/13,7189.16
2019/12/12,7202.31
2019/12/11,7220.76
2019/12/10,7337.42
2019/12/9,7522.39
2019/12/8,7504.83
2019/12/7,7547.19
2019/12/6,7395.97
2019/12/5,7192.85
2019/12/4,7296.77
2019/12/3,7309.59
2019/12/2,7402.69
2019/12/1,7557.72
2019/11/30,7757.47
2019/11/29,7431
2019/11/28,7523.83
2019/11/27,7163.63
2019/11/26,7130.25
2019/11/25,6907.4
2019/11/24,7324.03
2019/11/23,7286.35
2019/11/22,7617.07
2019/11/21,8081.81
2019/11/20,8120.8
2019/11/19,8175.99
2019/11/18,8503.93
2019/11/17,8482.7
2019/11/16,8457.69
2019/11/15,8632.32
2019/11/14,8762.42
2019/11/13,8801.52
2019/11/12,8717.81
2019/11/11,9037.12
2019/11/10,8809.41
2019/11/9,8766.04
2019/11/8,9204.24
2019/11/7,9343.34
2019/11/6,9310.19
2019/11/5,9418.05
2019/11/4,9206.16
2019/11/3,9301.18
2019/11/2,9252.99
2019/11/1,9147.98
2019/10/31,9164.62
2019/10/30,9433.35
2019/10/29,9218.76
2019/10/28,9551.54
2019/10/27,9259.8
2019/10/26,8666.79
2019/10/25,7431.88
2019/10/24,7469.56
2019/10/23,8026.76
2019/10/22,8222.52
2019/10/21,8231.06
2019/10/20,7960.04
2019/10/19,7954.15
2019/10/18,8076.78
2019/10/17,8002.51
2019/10/16,8162.16
2019/10/15,8353.54
2019/10/14,8283.76
2019/10/13,8308.01
2019/10/12,8269.73
2019/10/11,8586.9
2019/10/10,8587.92
2019/10/9,8190
2019/10/8,8212.02
2019/10/7,7869.74
2019/10/6,8147.69
2019/10/5,8155.48
2019/10/4,8236.17
2019/10/3,8382.03
2019/10/2,8322.92
2019/10/1,8307.74
2019/9/30,8056.74
2019/9/29,8225
2019/9/28,8193.9
2019/9/27,8055.64
2019/9/26,8432.23
2019/9/25,8553.61
2019/9/24,9683.38
2019/9/23,10033.05
2019/9/22,9979.49
2019/9/21,10173.11
2019/9/20,10275.88
2019/9/19,10157.59
2019/9/18,10190.36
2019/9/17,10265.63
2019/9/16,10310.43
2019/9/15,10361.33
2019/9/14,10363.9
2019/9/13,10420.16
2019/9/12,10159.32
2019/9/11,10101.03
2019/9/10,10313.66
2019/9/9,10406.31
2019/9/8,10487.21
2019/9/7,10317.47
2019/9/6,10577.8
2019/9/5,10584.16
2019/9/4,10621.29
2019/9/3,10386.64
2019/9/2,9769.79
2019/9/1,9600.9
2019/8/31,9577.99
2019/8/30,9484.55
2019/8/29,9717.82
2019/8/28,10171.95
2019/8/27,10360.28
2019/8/26,10135.06
2019/8/25,10143.8
2019/8/24,10405.81
2019/8/23,10111.98
2019/8/22,10129.4
2019/8/21,10760.56
2019/8/20,10917.26
2019/8/19,10317.6
2019/8/18,10214.52
2019/8/17,10359.44
2019/8/16,10302.17
2019/8/15,10016.96
2019/8/14,10858.12
2019/8/13,11386.26
2019/8/12,11566.84
2019/8/11,11282.22
2019/8/10,11856.64
2019/8/9,11996.41
2019/8/8,11960.82
2019/8/7,11465.67
2019/8/6,11787.99
2019/8/5,10980.23
2019/8/4,10814.57
2019/8/3,10529.55
2019/8/2,10407.17
2019/8/1,10084.7
2019/7/31,9589.13
2019/7/30,9501.33
2019/7/29,9530
2019/7/28,9473.99
2019/7/27,9848.65
2019/7/26,9875.17
2019/7/25,9772.17
2019/7/24,9844.3
2019/7/23,10323.62
2019/7/22,10587.41
2019/7/21,10764.9
2019/7/20,10535.75
2019/7/19,10638.56
2019/7/18,9674.28
2019/7/17,9397.72
2019/7/16,10873.5
2019/7/15,10186.96
2019/7/14,11389.1
2019/7/13,11803.97
2019/7/12,11352.87
2019/7/11,12099.9
2019/7/10,12586.78
2019/7/9,12313.08
2019/7/8,11477.01
2019/7/7,11232.04
2019/7/6,10955.16
2019/7/5,11160.49
2019/7/4,11984.76
2019/7/3,10805.4
2019/7/2,10578.72
2019/7/1,10737.73
2019/6/30,11890.38
2019/6/29,12374.35
2019/6/28,11132.85
2019/6/27,12932.55
2019/6/26,11766.4
2019/6/25,11017.5
2019/6/24,10814.48
2019/6/23,10668.63
2019/6/22,10209.38
2019/6/21,9531.35
2019/6/20,9281.7
2019/6/19,9076.18
2019/6/18,9327.48
2019/6/17,8978.99
2019/6/16,8859.47
2019/6/15,8693.6
2019/6/14,8237.88
2019/6/13,8173.06
2019/6/12,7917.58
2019/6/11,8020.38
2019/6/10,7640.61
2019/6/9,7931.34
2019/6/8,7998.29
2019/6/7,7803.23
2019/6/6,7786.04
2019/6/5,7675.8
2019/6/4,8134.92
2019/6/3,8739.03
2019/6/2,8554.8
2019/6/1,8553.81
2019/5/31,8272.46
2019/5/30,8662.98
2019/5/29,8719.88
2019/5/28,8770.06
2019/5/27,8744.42
2019/5/26,8071.45
2019/5/25,8003.26
2019/5/24,7880.29
2019/5/23,7625.93
2019/5/22,7952.5
2019/5/21,8007.03
2019/5/20,8193.7
2019/5/19,7265.05
2019/5/18,7362.22
2019/5/17,7885.96
2019/5/16,8206.9
2019/5/15,7992.69
2019/5/14,7823.11
2019/5/13,6978.63
2019/5/12,7248.31
2019/5/11,6348.02
2019/5/10,6146.91
2019/5/9,5936.72
2019/5/8,5755.72
2019/5/7,5684.47
2019/5/6,5717.66
2019/5/5,5771.08
2019/5/4,5657.14
2019/5/3,5390.16
2019/5/2,5326.67
2019/5/1,5269.79
2019/4/30,5260.65
2019/4/29,5301.29
2019/4/28,5280.19
2019/4/27,5292.83
2019/4/26,5195.61
2019/4/25,5434.19
2019/4/24,5518.16
2019/4/23,5377.19
2019/4/22,5281.83
2019/4/21,5309.28
2019/4/20,5277.04
2019/4/19,5276.31
2019/4/18,5220.37
2019/4/17,5196.65
2019/4/16,5036.18
2019/4/15,5152.51
2019/4/14,5064.62
2019/4/13,5072.85
2019/4/12,5035.02
2019/4/11,5310.18
2019/4/10,5175.81
2019/4/9,5268.71
2019/4/8,5189.39
2019/4/7,5053.52
2019/4/6,5028.77
2019/4/5,4911.24
2019/4/4,4959.81
2019/4/3,4882.88
2019/4/2,4152.53
2019/4/1,4114.16
2019/3/31,4114.44
2019/3/30,4115.55
2019/3/29,4037.37
2019/3/28,4048.51
2019/3/27,3947.74
2019/3/26,3935.89
2019/3/25,3994.11
2019/3/24,4011.92
2019/3/23,3999.06
2019/3/22,3992.34
2019/3/21,4056.4
2019/3/20,4029.11
2019/3/19,3998.77
2019/3/18,3994.92
2019/3/17,4015.95
2019/3/16,3936.5
2019/3/15,3885.21
2019/3/14,3877.77
2019/3/13,3892.51
2019/3/12,3881.09
2019/3/11,3928.17
2019/3/10,3950.56
2019/3/9,3875.96
2019/3/8,3886.82
2019/3/7,3876.85
2019/3/6,3872.25
2019/3/5,3730.98
2019/3/4,3814.58
2019/3/3,3831.44
2019/3/2,3834.62
2019/3/1,3850.08
2019/2/28,3833.23
2019/2/27,3831.45
2019/2/26,3848.33
2019/2/25,3766.89
2019/2/24,4139.6
2019/2/23,3983.48
2019/2/22,3944.88
2019/2/21,3987.18
2019/2/20,3926.53
2019/2/19,3910.8
2019/2/18,3670.74
2019/2/17,3619.55
2019/2/16,3608.2
2019/2/15,3600.31
2019/2/14,3614.5
2019/2/13,3632.42
2019/2/12,3629.47
2019/2/11,3686.29
2019/2/10,3664.38
2019/2/9,3661.08
2019/2/8,3394.76
2019/2/7,3405.7
2019/2/6,3467.34
2019/2/5,3452.35
2019/2/4,3456.02
2019/2/3,3506.22
2019/2/2,3475.33
2019/2/1,3444.81
2019/1/31,3470
2019/1/30,3421.6
2019/1/29,3448.58
2019/1/28,3554.5
2019/1/27,3576.3
2019/1/26,3577.79
2019/1/25,3586.25
2019/1/24,3566.4
2019/1/23,3587.35
2019/1/22,3540.02
2019/1/21,3548.4275
2019/1/20,3703.98
2019/1/19,3690.523333
2019/1/18,3632.395
2019/1/17,3621.43
2019/1/16,3621.270833
2019/1/15,3656.785
2019/1/14,3531.96
2019/1/13,3599.841667
2019/1/12,3646.345833
2019/1/11,3646.25
2019/1/10,3812.585833
2019/1/9,4034.138333
2019/1/8,4032.25
2019/1/7,4036.093333
2019/1/6,3920.456667
2019/1/5,3856.62
2019/1/4,3822.626667
2019/1/3,3865.7975
2019/1/2,3855.88
2019/1/1,3752.271667
2018/12/31,3791.545833
2018/12/30,3770.36
2018/12/29,3912.285833
2018/12/28,3743.905
2018/12/27,3848.21
2018/12/26,3825.379167
2018/12/25,3813.88
2018/12/24,3995.17
2018/12/23,4027.478333
2018/12/22,3910.973333
2018/12/21,4135.19
2018/12/20,3982.850833
2018/12/19,3808.0425
2018/12/18,3556.54
2018/12/17,3392.405
2018/12/16,3271.238333
2018/12/15,3242.42
2018/12/14,3278.374167
2018/12/13,3406.7625
2018/12/12,3407.28
2018/12/11,3426.19
2018/12/10,3523.96
2018/12/9,3453.66
2018/12/8,3435.34
2018/12/7,3405.643333
2018/12/6,3744.98
2018/12/5,3858.349167
2018/12/4,3961.493333
2018/12/3,4140.6
2018/12/2,4167.546667
2018/12/1,4116.7775
2018/11/30,4278.77
2018/11/29,4263.783333
2018/11/28,4103.453846
2018/11/27,3793.35
2018/11/26,3920.536667
2018/11/25,3823.511667
2018/11/24,4352.98
2018/11/23,4309.3375
2018/11/22,4548.7975
2018/11/21,4491.98
2018/11/20,4671.97
2018/11/19,5303.9425
2018/11/18,5572.44
2018/11/17,5558.243333
2018/11/16,5596.1925
2018/11/15,5756.77
2018/11/14,6176.155
2018/11/13,6372.063333
2018/11/12,6408.53
2018/11/11,6378.268333
2018/11/10,6399.033333
2018/11/9,6444.97
2018/11/8,6486.251667
2018/11/7,6538.79
2018/11/6,6437.76
2018/11/5,6436.965
2018/11/4,6391.873333
2018/11/3,6390.42
2018/11/2,6387.674167
2018/11/1,6342.280833
2018/10/31,6301.61
2018/10/30,6309.452857
2018/10/29,6382.668333
2018/10/28,6457.21
2018/10/27,6465.9175
2018/10/26,6473.753333
2018/10/25,6489.77
2018/10/24,6508.31
2018/10/23,6481.426
2018/10/22,6504.78
2018/10/21,6531.601667
2018/10/20,6488.825833
2018/10/19,6509.61
2018/10/18,6568.040769
2018/10/17,6596.276154
2018/10/16,6599.17
2018/10/15,6452.571667
2018/10/14,6299.399167
2018/10/13,6247
2018/10/12,6260.530833
2018/10/11,6248.635833
2018/10/10,6626.85
2018/10/9,6621.711667
2018/10/8,6618.567692
2018/10/7,6573.62
2018/10/6,6581.486667
2018/10/5,6568.549167
2018/10/4,6483.73
2018/10/3,6470.4025
2018/10/2,6562.641667
2018/10/1,6611.02
2018/9/30,6593.135
2018/9/29,6550.474167
2018/9/28,6686.08
2018/9/27,6535.476667
2018/9/26,6468.631667
2018/9/25,6583.45
2018/9/24,6639.304167
2018/9/23,6710.445
2018/9/22,6756.12
2018/9/21,6669.990833
2018/9/20,6418.562667
2018/9/19,6342.39
2018/9/18,6296.631667
2018/9/17,6400.600833
2018/9/16,6522.39
2018/9/15,6518.655
2018/9/14,6499.0625
2018/9/13,6326.04
2018/9/12,6273.1375
2018/9/11,6296.320833
2018/9/10,6240.98
2018/9/9,6286.425833
2018/9/8,6366.1075
2018/9/7,6501.19
2018/9/6,6433.271667
2018/9/5,7113.069231
2018/9/4,7265.08
2018/9/3,7260.949231
2018/9/2,7247.935385
2018/9/1,7018.78
2018/8/31,6981.946154
2018/8/30,6932.6625
2018/8/29,7078.19
2018/8/28,7000.04
2018/8/27,6719.266154
2018/8/26,6738.27
2018/8/25,6719.429231
2018/8/24,6543.645714
2018/8/23,6354.57
2018/8/22,6575.229167
2018/8/21,6401.246154
2018/8/20,6486.58
2018/8/19,6404.063333
2018/8/18,6436.720833
2018/8/17,6312.75
2018/8/16,6342.629231
2018/8/15,6362.676923
2018/8/14,6252.13
2018/8/13,6347.07
2018/8/12,6311.131667
2018/8/11,6138.96
2018/8/10,6396.494667
2018/8/9,6396.7725
2018/8/8,6718.23
2018/8/7,6993.513333
2018/8/6,6988.079167
2018/8/5,7011.28
2018/8/4,7247.769167
2018/8/3,7394.499167
2018/8/2,7607.7
2018/8/1,7570.869167
2018/7/31,7916.800833
2018/7/30,8220.91
2018/7/29,8206.341667
2018/7/28,8182.251667
2018/7/27,7939.81
2018/7/26,8187.324167
2018/7/25,8251.165
2018/7/24,7715.1
2018/7/23,7689.884167
2018/7/22,7451.289167
2018/7/21,7334.99
2018/7/20,7428.045
2018/7/19,7396.401667
2018/7/18,7321.62
2018/7/17,6869.910833
2018/7/16,6514.390833
2018/7/15,6248.84
2018/7/14,6241
2018/7/13,6244.3575
2018/7/12,6403.18
2018/7/11,6377.363333
2018/7/10,6510.791667
2018/7/9,6724.04
2018/7/8,6753.559167
2018/7/7,6594.281667
2018/7/6,6555.51
2018/7/5,6603.376667
2018/7/4,6593.289167
2018/7/3,6626.44
2018/7/2,6466.069167
2018/7/1,6374.754167
2018/6/30,6223.28
2018/6/29,5908.7025
2018/6/28,6107.896154
2018/6/27,6097.46
2018/6/26,6218.595
2018/6/25,6211.4475
2018/6/24,6170.46
2018/6/23,6141.605833
2018/6/22,6332.573333
2018/6/21,6760.83
2018/6/20,6714.718333
2018/6/19,6737
2018/6/18,6445.79
2018/6/17,6464.411667
2018/6/16,6509.426667
2018/6/15,6637.41
2018/6/14,6647.013333
2018/6/13,6315.7
2018/6/12,6879.31
2018/6/11,6875.678333
2018/6/10,6776.888333
2018/6/9,7615.54
2018/6/8,7620.153333
2018/6/7,7676.271667
2018/6/6,7619.43
2018/6/5,7615.722142
2018/6/4,7500.273333
2018/6/3,7637.14
2018/6/2,7645.146667
2018/6/1,7535.146667
2018/5/31,7386.72
2018/5/30,7385.395
2018/5/29,7459.876667
2018/5/28,7344.56
2018/5/27,7361.831667
2018/5/26,7342.908333
2018/5/25,7576.78
2018/5/24,7566.193333
2018/5/23,7555.74
2018/5/22,8396.63
2018/5/21,8385.556187
2018/5/20,8507.406667
2018/5/19,8239.08
2018/5/18,8240.055
2018/5/17,8106.118333
2018/5/16,8471.06
2018/5/15,8511.458
2018/5/14,8652.038333
2018/5/13,8463.52
2018/5/12,8484.346667
2018/5/11,8468.788
2018/5/10,9310.37
2018/5/9,9322.041667
2018/5/8,9228.608333
2018/5/7,9631.44
2018/5/6,9630.136277
2018/5/5,9803.306667
2018/5/4,9753.35
2018/5/3,9639.268333
2018/5/2,9221.426
2018/5/1,9239.55
2018/4/30,9259.57
2018/4/29,9334.281667
2018/4/28,8928.55
2018/4/27,9010.32
2018/4/26,9258.398333
2018/4/25,9658.11
2018/4/24,9555.542
2018/4/23,8933.861667
2018/4/22,8930.6
2018/4/21,8807.205
2018/4/20,8852.718333
2018/4/19,8175.96
2018/4/18,8164.937426
2018/4/17,7895.416926
2018/4/16,8368.1
2018/4/15,8340.748333
2018/4/14,8036.511051
2018/4/13,7941.46
2018/4/12,7847.845
2018/4/11,6926.266667
2018/4/10,6784.41
2018/4/9,6699.273333
2018/4/8,7017.656667
2018/4/7,6634.68
2018/4/6,6603.876667
2018/4/5,6826.51
2018/4/4,7426.48
2018/4/3,7410.435
2018/4/2,7035.848333
2018/4/1,6937.56
2018/3/31,6935.48
2018/3/30,6882.531667
2018/3/29,7950.61
2018/3/28,7960.38
2018/3/27,7876.195
2018/3/26,8457.96
2018/3/25,8617.296667
2018/3/24,8662.378333
2018/3/23,8725.37
2018/3/22,8690.408333
2018/3/21,8947.753333
2018/3/20,8605.64
2018/3/19,8412.033333
2018/3/18,8171.415
2018/3/17,8297.89
2018/3/16,8530.402
2018/3/15,8358.121667
2018/3/14,9153.54
2018/3/13,9154.7
2018/3/12,9182.843333
2018/3/11,8777.37
2018/3/10,8746.002
2018/3/9,9089.278333
2018/3/8,9920.46
2018/3/7,10118.058
2018/3/6,10763.19833
2018/3/5,11516.83
2018/3/4,11430.18167
2018/3/3,11326.94833
2018/3/2,10931.12
2018/3/1,11009.38167
2018/2/28,10370.165
2018/2/27,10319.46
2018/2/26,10348.60333
2018/2/25,9696.593333
2018/2/24,10171.3
2018/2/23,10162.11667
2018/2/22,9931.071667
2018/2/21,11245.98
2018/2/20,11390.39167
2018/2/19,11110.965
2018/2/18,11085.83
2018/2/17,10841.99167
2018/2/16,10127.16167
2018/2/15,9471.64
2018/2/14,9334.633333
2018/2/13,8597.7675
2018/2/12,8068.02
2018/2/11,8343.455
2018/2/10,8319.876566
2018/2/9,8245.08
2018/2/8,8240.536667
2018/2/7,8099.958333
2018/2/6,6925.46
2018/2/5,6838.816667
2018/2/4,8400.648333
2018/2/3,8852.73
2018/2/2,8901.901667
2018/2/1,9083.258333
2018/1/31,10082.52
2018/1/30,10184.06167
2018/1/29,11212.655
2018/1/28,11431.37
2018/1/27,11524.77667
2018/1/26,10969.815
2018/1/25,11392.03
2018/1/24,11282.25833
2018/1/23,11223.064
2018/1/22,11513.42
2018/1/21,11505.228
2018/1/20,12950.79333
2018/1/19,11174.82
2018/1/18,11345.42333
2018/1/17,11116.94667
2018/1/16,13554.14
2018/1/15,14012.196
2018/1/14,13852.92
2018/1/13,13791.19
2018/1/12,13912.882
2018/1/11,13296.794
2018/1/10,14437.42
2018/1/9,14714.25333
2018/1/8,15265.90667
2018/1/7,17155.95
2018/1/6,17319.198
2018/1/5,17174.12
2018/1/4,15039.24
2018/1/3,15053.26167
2018/1/2,15005.85667
2018/1/1,13796
2017/12/31,14165.575
2017/12/30,13215.574
2017/12/29,14214.01
2017/12/28,14380.58167
2017/12/27,15589.32167
2017/12/26,13740.94
2017/12/25,14119.02833
2017/12/24,13949.175
2017/12/23,13776.61
2017/12/22,15190.945
2017/12/21,16047.51
2017/12/20,17382.94
2017/12/19,17737.11167
2017/12/18,18961.85667
2017/12/17,19279.9
2017/12/16,19498.68333
2017/12/15,17771.9
2017/12/14,16252.31
2017/12/13,16808.36667
2017/12/12,17276.39333
2017/12/11,15068.95
2017/12/10,14869.805
2017/12/9,15142.83415
2017/12/8,16860.88
2017/12/7,16501.97167
2017/12/6,13540.98
2017/12/5,11591.22
2017/12/4,11584.83
2017/12/3,11332.622
2017/12/2,10879.88
2017/12/1,10883.912
2017/11/30,10147.372
2017/11/29,9919
2017/11/28,9952.50882
2017/11/27,9718.29505
2017/11/26,8768.8
2017/11/25,8707.407267
2017/11/24,8250.978333
2017/11/23,8236.72
2017/11/22,8268.035
2017/11/21,8059.8
2017/11/20,8049.72
2017/11/19,8007.654067
2017/11/18,7817.140383
2017/11/17,7868.77
2017/11/16,7815.0307
2017/11/15,7301.42992
2017/11/14,6493.63
2017/11/13,6550.227533
2017/11/12,5716.301583
2017/11/11,6569.22
2017/11/10,6719.39785
2017/11/9,7158.03706
2017/11/8,7128.64
2017/11/7,7092.127233
2017/11/6,6989.071667
2017/11/5,7365.99
2017/11/4,7437.543317
2017/11/3,7197.72006
2017/11/2,6751.98
2017/11/1,6665.306683
2017/10/31,6388.645167
2017/10/30,6136.49
2017/10/29,6155.43402
2017/10/28,5776.69695
2017/10/27,5889.82
2017/10/26,5893.138417
2017/10/25,5669.622533
2017/10/24,5900.59
2017/10/23,5876.079867
2017/10/22,5983.18455
2017/10/21,5986.44
2017/10/20,5979.45984
2017/10/19,5727.6335
2017/10/18,5594.66
2017/10/17,5603.71294
2017/10/16,5711.205867
2017/10/15,5825.99
2017/10/14,5739.438733
2017/10/13,5563.806567
2017/10/12,4822.17
2017/10/11,4819.485767
2017/10/10,4782.28
2017/10/9,4605.66
2017/10/8,4602.280883
2017/10/7,4376.191667
2017/10/6,4318.58
2017/10/5,4338.852
2017/10/4,4225.175
2017/10/3,4394.07
2017/10/2,4386.88375
2017/10/1,4360.722967
2017/9/30,4164.27
2017/9/29,4193.574667
2017/9/28,4201.98905
2017/9/27,3881
2017/9/26,3910.307383
2017/9/25,3942.555
2017/9/24,3777.62
2017/9/23,3776.3869
2017/9/22,3637.50255
2017/9/21,3894.48
2017/9/20,3977.561667
2017/9/19,3943.413333
2017/9/18,3678.53
2017/9/17,3746.060783
2017/9/16,3763.62604
2017/9/15,3216.43
2017/9/14,3319.63
2017/9/13,3961.271267
2017/9/12,4198.59
2017/9/11,4248.090017
2017/9/10,4329.955
2017/9/9,4312.26
2017/9/8,4310.750183
2017/9/7,4654.6585
2017/9/6,4385.02
2017/9/5,4488.72014
2017/9/4,4344.098317
2017/9/3,4585.57
2017/9/2,4580.38748
2017/9/1,4911.740017
2017/8/31,4582.52
2017/8/30,4594.98785
2017/8/29,4607.98545
2017/8/28,4339.05
2017/8/27,4354.308333
2017/8/26,4360.513317
2017/8/25,4331.77
2017/8/24,4340.316717
2017/8/23,4174.95
2017/8/22,3986.28
2017/8/21,4043.722
2017/8/20,4157.958033
2017/8/19,4104.71
2017/8/18,4130.440067
2017/8/17,4328.725717
2017/8/16,4179.97
2017/8/15,4217.028329
2017/8/14,4282.992
2017/8/13,3868.52
2017/8/12,3852.802914
2017/8/11,3632.506667
2017/8/10,3340.28
2017/8/9,3357.326317
2017/8/8,3457.374333
2017/8/7,3210.2
2017/8/6,3252.562533
2017/8/5,3218.115017
2017/8/4,2790
2017/8/3,2794.117717
2017/8/2,2693.633983
2017/8/1,2862.9
2017/7/31,2866.431667
2017/7/30,2745.955417
2017/7/29,2784.8
2017/7/28,2781.636583
2017/7/27,2647.625
2017/7/26,2564.3
2017/7/25,2560.997917
2017/7/24,2751.821029
2017/7/23,2825.51
2017/7/22,2807.609857
2017/7/21,2682.195363
2017/7/20,2265.21
2017/7/19,2264.7657
2017/7/18,2320.12225
2017/7/17,1910.96
2017/7/16,1931.2143
2017/7/15,2058.9956
2017/7/14,2338.49
2017/7/13,2354.783417
2017/7/12,2385.748571
2017/7/11,2327.09
2017/7/10,2366.170143
2017/7/9,2536.238938
2017/7/8,2502.86
2017/7/7,2491.201214
2017/7/6,2609.96775
2017/7/5,2598.89
2017/7/4,2599.729838
2017/7/3,2561.225429
2017/7/2,2421.26
2017/7/1,2501.191343
2017/6/30,2477.641375
2017/6/29,2558.3
2017/6/28,2585.349186
2017/6/27,2517.903114
2017/6/26,2502.03
2017/6/25,2512.366286
2017/6/24,2589.164888
2017/6/23,2713.48
2017/6/22,2727.288013
2017/6/21,2671.04325
2017/6/20,2600
2017/6/19,2617.210263
2017/6/18,2507.389252
2017/6/17,2477.94
2017/6/16,2464.959814
2017/6/15,2442.48025
2017/6/14,2706
2017/6/13,2748.185086
2017/6/12,2657.675063
2017/6/11,2898.63
2017/6/10,2845.372857
2017/6/9,2827.4913
2017/6/8,2683.03
2017/6/7,2664.920863
2017/6/6,2883.313697
2017/6/5,2529.53
2017/6/4,2516.173143
2017/6/3,2525.765158
2017/6/2,2409.93
2017/6/1,2399.242671
2017/5/31,2285.933914
2017/5/30,2290.02
2017/5/29,2275.9307
2017/5/28,2192.9808
2017/5/27,2279.82
2017/5/26,2211.976857
2017/5/25,2387.206286
2017/5/24,2256.32
2017/5/23,2287.710288
2017/5/22,2090.662313
2017/5/21,2008.84
2017/5/20,2052.909788
2017/5/19,1961.520488
2017/5/18,1783.98
2017/5/17,1807.485063
2017/5/16,1739.031975
2017/5/15,1780
2017/5/14,1776.3165
2017/5/13,1771.920013
2017/5/12,1829
2017/5/11,1820.990563
2017/5/10,1762.88625
2017/5/9,1651.1
2017/5/8,1640.619225
2017/5/7,1535.868429
2017/5/6,1518.75
2017/5/5,1533.335071
2017/5/4,1508.292125
2017/5/3,1447.55
2017/5/2,1452.076288
2017/5/1,1417.172813
2017/4/30,1333
2017/4/29,1334.979038
2017/4/28,1331.294429
2017/4/27,1288.02
2017/4/26,1309.109875
2017/4/25,1279.414688
2017/4/24,1240.84
2017/4/23,1257.988113
2017/4/22,1261.311225
2017/4/21,1236.63
2017/4/20,1241.686325
2017/4/19,1217.930088
2017/4/18,1176.97
2017/4/17,1205.634875
2017/4/16,1186.927413
2017/4/15,1170.36
2017/4/14,1185.260057
2017/4/13,1180.023713
2017/4/12,1219.09
2017/4/11,1226.617038
2017/4/10,1207.744875
2017/4/9,1184.03
2017/4/8,1181.149838
2017/4/7,1190.45425
2017/4/6,1133.53
2017/4/5,1133.079314
2017/4/4,1141.600363
2017/4/3,1079.99
2017/4/2,1099.169125
2017/4/1,1086.929571
2017/3/31,1034.74
2017/3/30,1037.90455
2017/3/29,1040.5755
2017/3/28,1041.04
2017/3/27,1037.22925
2017/3/26,956.7863125
2017/3/25,927.93
2017/3/24,941.9197143
2017/3/23,1038.789
2017/3/22,1113
2017/3/21,1118.630043
2017/3/20,1049.084488
2017/3/19,967.69
2017/3/18,952.2323625
2017/3/17,1091.171888
2017/3/16,1257
2017/3/15,1257.399625
2017/3/14,1245.370786
2017/3/13,1227.68
2017/3/12,1227.494625
2017/3/11,1179.159875
2017/3/10,1192.09
2017/3/9,1192.469143
2017/3/8,1157.3933
2017/3/7,1279.5
2017/3/6,1275.197375
2017/3/5,1270.9333
2017/3/4,1287
2017/3/3,1285.14
2017/3/2,1259.410817
2017/3/1,1190.89
2017/2/28,1187.565286
2017/2/27,1190.75195
2017/2/26,1150.37
2017/2/25,1150.605714
2017/2/24,1174.86625
2017/2/23,1130.01
2017/2/22,1123.223188
2017/2/21,1123.788429
2017/2/20,1050.87
2017/2/19,1052.779286
2017/2/18,1056.637138
2017/2/17,1035.2
2017/2/16,1035.208125
2017/2/15,1012.325988
2017/2/14,1001.2
2017/2/13,999.877375
2017/2/12,1000.604625
2017/2/11,997.59
2017/2/10,999.1035
2017/2/9,976.103
2017/2/8,1052.84
2017/2/7,1050.11
2017/2/6,1024.01375
2017/2/5,1034.07
2017/2/4,1030.999413
2017/2/3,1013.027
2017/2/2,983.42
2017/2/1,979.703875
2017/1/31,964.706075
2017/1/30,912.19
2017/1/29,915.933
2017/1/28,920.31225
2017/1/27,915.05
2017/1/26,915.95625
2017/1/25,893.045625
2017/1/24,919.97
2017/1/23,922.0736125
2017/1/22,918.603625
2017/1/21,895.64
2017/1/20,893.6210875
2017/1/19,895.798875
2017/1/18,906.6
2017/1/17,903.84
2017/1/16,830.5
2017/1/15,819.55
2017/1/14,817.91
2017/1/13,826.29
2017/1/12,780.92
2017/1/11,785.22
2017/1/10,906.05
2017/1/9,910.49
2017/1/8,908.14
2017/1/7,896.83
2017/1/6,999.65
2017/1/5,994.67
2017/1/4,1126.76
2017/1/3,1013.42
2017/1/2,1015.97
2017/1/1,997.72
2016/12/31,958.12
2016/12/30,952.15
2016/12/29,963.38
2016/12/28,930.34
2016/12/27,930.37
2016/12/26,897.33
2016/12/25,892.6
2016/12/24,891.61
2016/12/23,901.31
2016/12/22,834.97
2016/12/21,824.21
2016/12/20,793.09
2016/12/19,788.67
2016/12/18,788.4
2016/12/17,788.7
2016/12/16,775.88
2016/12/15,776.75
2016/12/14,774.89
2016/12/13,777.99
2016/12/12,777
2016/12/11,777
2016/12/10,769.08
2016/12/9,770.02
2016/12/8,769.72
2016/12/7,758.99
2016/12/6,756.62
2016/12/5,754.63
2016/12/4,762.97
2016/12/3,764.33
2016/12/2,772.43
2016/12/1,742.05
2016/11/30,742.69
2016/11/29,732.71
2016/11/28,727.31
2016/11/27,727.96
2016/11/26,733.67
2016/11/25,735.64
2016/11/24,737.45
2016/11/23,741.63
2016/11/22,736.97
2016/11/21,738.53
2016/11/20,729.06
2016/11/19,748.98
2016/11/18,747.52
2016/11/17,736.96
2016/11/16,711.73
2016/11/15,710.91
2016/11/14,706.46
2016/11/13,702.28
2016/11/12,703.71
2016/11/11,715.45
2016/11/10,721.5
2016/11/9,720.93
2016/11/8,708.97
2016/11/7,709.96
2016/11/6,712
2016/11/5,704.79
2016/11/4,683.69
2016/11/3,686.17
2016/11/2,733.33
2016/11/1,697.01
2016/10/31,702
2016/10/30,698
2016/10/29,685.91
2016/10/28,687.68
2016/10/27,682.22
2016/10/26,651.45
2016/10/25,655.31
2016/10/24,651.39
2016/10/23,653.25
2016/10/22,655.48
2016/10/21,631.92
2016/10/20,627.72
2016/10/19,629.25
2016/10/18,636.29
2016/10/17,638.97
2016/10/16,641.42
2016/10/15,637.94
2016/10/14,634.02
2016/10/13,635.96
2016/10/12,635.01
2016/10/11,614.77
2016/10/10,617.54
2016/10/9,615.65
2016/10/8,614.74
2016/10/7,617.21
2016/10/6,612.08
2016/10/5,607.18
2016/10/4,609.62
2016/10/3,611.85
2016/10/2,612.98
2016/10/1,614.82
2016/9/30,609.39
2016/9/29,603.85
2016/9/28,605.67
2016/9/27,605.96
2016/9/26,598.98
2016/9/25,601.74
2016/9/24,603.88
2016/9/23,594.08
2016/9/22,597.42
2016/9/21,598.88
2016/9/20,608.66
2016/9/19,610.19
2016/9/18,611.58
2016/9/17,607.04
2016/9/16,609.11
2016/9/15,610.38
2016/9/14,608.82
2016/9/13,610.92
2016/9/12,609.67
2016/9/11,621.65
2016/9/10,625.76
2016/9/9,625.07
2016/9/8,615.33
2016/9/7,614.46
2016/9/6,611.09
2016/9/5,603.95
2016/9/4,610.59
2016/9/3,600.88
2016/9/2,571
2016/9/1,572.81
2016/8/31,574.82
2016/8/30,571.5
2016/8/29,575.22
2016/8/28,576.53
2016/8/27,577.77
2016/8/26,581.07
2016/8/25,579.86
2016/8/24,581.98
2016/8/23,586.18
2016/8/22,588.97
2016/8/21,577.52
2016/8/20,583.2
2016/8/19,576.65
2016/8/18,570.92
2016/8/17,575.51
2016/8/16,581.11
2016/8/15,567.34
2016/8/14,570.97
2016/8/13,586.43
2016/8/12,586.01
2016/8/11,589.24
2016/8/10,592.18
2016/8/9,591.69
2016/8/8,592.69
2016/8/7,594.27
2016/8/6,572.72
2016/8/5,576.55
2016/8/4,577.31
2016/8/3,530.74
2016/8/2,515.06
2016/8/1,606.32
2016/7/31,654.68
2016/7/30,654.73
2016/7/29,656.88
2016/7/28,655.37
2016/7/27,654.98
2016/7/26,655.06
2016/7/25,661.48
2016/7/24,661.41
2016/7/23,655.84
2016/7/22,664
2016/7/21,664.88
2016/7/20,665.64
2016/7/19,673.46
2016/7/18,673.2
2016/7/17,675.45
2016/7/16,663.19
2016/7/15,664.57
2016/7/14,658.83
2016/7/13,664.5
2016/7/12,672.76
2016/7/11,647.98
2016/7/10,647.41
2016/7/9,651.86
2016/7/8,659.55
2016/7/7,673.76
2016/7/6,673.78
2016/7/5,666.48
2016/7/4,656.97
2016/7/3,658.41
2016/7/2,701.71
2016/7/1,667.95
2016/6/30,671.4
2016/6/29,637.95
2016/6/28,651.85
2016/6/27,646.7
2016/6/26,627.39
2016/6/25,665
2016/6/24,660.6
2016/6/23,624.54
2016/6/22,664.46
2016/6/21,665.95
2016/6/20,729.19
2016/6/19,751.96
2016/6/18,754.36
2016/6/17,743.91
2016/6/16,693.88
2016/6/15,692.28
2016/6/14,685.24
2016/6/13,665.85
2016/6/12,664.8465
2016/6/11,594.4399875
2016/6/10,574.32
2016/6/9,575.2941375
2016/6/8,578.68
2016/6/7,583.72
2016/6/6,584.5
2016/6/5,574.02
2016/6/4,567.88
2016/6/3,568
2016/6/2,539.99
2016/6/1,531.97
2016/5/31,531.15
2016/5/30,525.15
2016/5/29,526.64
2016/5/28,522.43
2016/5/27,470.29
2016/5/26,448.7
2016/5/25,447.94
2016/5/24,445.34
2016/5/23,438.47
2016/5/22,438
2016/5/21,443.89
2016/5/20,436.05
2016/5/19,441.87
2016/5/18,452.9
2016/5/17,454
2016/5/16,454.88
2016/5/15,457.08
2016/5/14,455.82
2016/5/13,456.82
2016/5/12,454.7
2016/5/11,450.78
2016/5/10,450
2016/5/9,461.63
2016/5/8,459.02
2016/5/7,459.04
2016/5/6,460.91
2016/5/5,446.84
2016/5/4,447.37
2016/5/3,450.96
2016/5/2,453
2016/5/1,451.9
2016/4/30,447.17
2016/4/29,449.98
2016/4/28,450
2016/4/27,447.31
2016/4/26,462.5
2016/4/25,463.86
2016/4/24,459.4
2016/4/23,447.7
2016/4/22,447.25
2016/4/21,451
2016/4/20,435.95
2016/4/19,435.91
2016/4/18,427.28
2016/4/17,430.58
2016/4/16,429.43
2016/4/15,429.09
2016/4/14,423.87
2016/4/13,424.61
2016/4/12,425.89
2016/4/11,420.75
2016/4/10,421.63
2016/4/9,417.73
2016/4/8,419.95
2016/4/7,420.33
2016/4/6,421.09
2016/4/5,419.71
2016/4/4,418.99
2016/4/3,418.07
2016/4/2,416.31
2016/4/1,416.25
2016/3/31,416.94
2016/3/30,415.83
2016/3/29,414
2016/3/28,422.96
2016/3/27,416.96
2016/3/26,415.71
2016/3/25,416.44
2016/3/24,417.96
2016/3/23,417.8
2016/3/22,415.35
2016/3/21,411.81
2016/3/20,410.77
2016/3/19,405.59
2016/3/18,418.49
2016/3/17,418.64
2016/3/16,415.99
2016/3/15,414.99
2016/3/14,414.78
2016/3/13,413.89
2016/3/12,420.11
2016/3/11,421.22
2016/3/10,416
2016/3/9,412.15
2016/3/8,412.39
2016/3/7,411.94
2016/3/6,399.17
2016/3/5,401
2016/3/4,416.48
2016/3/3,422.5
2016/3/2,429.99
2016/3/1,431.87
2016/2/29,431.89
2016/2/28,433.47
2016/2/27,432
2016/2/26,423.46
2016/2/25,421.4
2016/2/24,423.1
2016/2/23,436.76
2016/2/22,438.5
2016/2/21,434.67
2016/2/20,419.98
2016/2/19,418.02
2016/2/18,418.97
2016/2/17,407
2016/2/16,406.69
2016/2/15,402.64
2016/2/14,389.88
2016/2/13,388.6
2016/2/12,381.46
2016/2/11,379.14
2016/2/10,378.98
2016/2/9,372.61
2016/2/8,375
2016/2/7,373.74
2016/2/6,373.04
2016/2/5,388
2016/2/4,385.06
2016/2/3,368.38
2016/2/2,371.99
2016/2/1,372
2016/1/31,376.86
2016/1/30,378.18
2016/1/29,377.26
2016/1/28,382.44
2016/1/27,391.66
2016/1/26,394.12
2016/1/25,387.09
2016/1/24,385.09
2016/1/23,388.5
2016/1/22,385.7
2016/1/21,420.35
2016/1/20,408.33
2016/1/19,378.66
2016/1/18,380.16
2016/1/17,385.45
2016/1/16,370.4
2016/1/15,429.55
2016/1/14,431.9
2016/1/13,429.57
2016/1/12,447.98
2016/1/11,447.11
2016/1/10,446.24
2016/1/9,452.64
2016/1/8,447.04
2016/1/7,453.71
2016/1/6,432.43
2016/1/5,431.9
2016/1/4,433
2016/1/3,432.76
2016/1/2,433.94
2016/1/1,432.33
2015/12/31,428.23
2015/12/30,428
2015/12/29,431.13
2015/12/28,422.42
2015/12/27,418.46
2015/12/26,417.99
2015/12/25,456
2015/12/24,453.95
2015/12/23,441.4
2015/12/22,438.35
2015/12/21,438.7
2015/12/20,434.98
2015/12/19,463
2015/12/18,458.95
2015/12/17,453.39
2015/12/16,463.98
2015/12/15,459.48
2015/12/14,445.6
2015/12/13,436.2
2015/12/12,426.06
2015/12/11,444.29
2015/12/10,416.49
2015/12/9,414.01
2015/12/8,394.99
2015/12/7,387.3
2015/12/6,390.04
2015/12/5,390.04
2015/12/4,361.47
2015/12/3,362.49
2015/12/2,360.98
2015/12/1,377.27
2015/11/30,372.53
2015/11/29,363.98
2015/11/28,358
2015/11/27,359.54
2015/11/26,348
2015/11/25,319.64
2015/11/24,321.1
2015/11/23,324.49
2015/11/22,326.31
2015/11/21,325.56
2015/11/20,320.62
2015/11/19,333.66
2015/11/18,334.46
2015/11/17,335.95
2015/11/16,318.97
2015/11/15,322.33
2015/11/14,331.9
2015/11/13,340.81
2015/11/12,331.6
2015/11/11,309.9
2015/11/10,380.62
2015/11/9,378.8
2015/11/8,381.51
2015/11/7,373.69
2015/11/6,388.38
2015/11/5,400
2015/11/4,404.5
2015/11/3,409
2015/11/2,340.69
2015/11/1,310.18
2015/10/31,310.92
2015/10/30,329.2
2015/10/29,304.79
2015/10/28,298.95
2015/10/27,294.73
2015/10/26,282.8
2015/10/25,295.01
2015/10/24,279.9
2015/10/23,274.35
2015/10/22,273.95
2015/10/21,269.1
2015/10/20,263.59
2015/10/19,264.16
2015/10/18,262.44
2015/10/17,262.26
2015/10/16,269.07
2015/10/15,262.31
2015/10/14,249.98
2015/10/13,254.6
2015/10/12,249.58
2015/10/11,245.72
2015/10/10,248.08
2015/10/9,245.79
2015/10/8,243.01
2015/10/7,243.91
2015/10/6,245.25
2015/10/5,238.4
2015/10/4,239.22
2015/10/3,239.47
2015/10/2,238.03
2015/10/1,237.78
2015/9/30,238.98
2015/9/29,239.14
2015/9/28,237.68
2015/9/27,238.94
2015/9/26,235.22
2015/9/25,235.79
2015/9/24,233.9
2015/9/23,230.42
2015/9/22,229.43
2015/9/21,226.56
2015/9/20,230.25
2015/9/19,230.71
2015/9/18,232.99
2015/9/17,228.33
2015/9/16,227.86
2015/9/15,230
2015/9/14,230
2015/9/13,229.86
2015/9/12,235.13
2015/9/11,238.81
2015/9/10,239.68
2015/9/9,240.08
2015/9/8,240.47
2015/9/7,241.31
2015/9/6,240.2
2015/9/5,230.73
2015/9/4,230.8
2015/9/3,227.42
2015/9/2,227.97
2015/9/1,228.32
2015/8/31,230.94
2015/8/30,229.63
2015/8/29,228.22
2015/8/28,234.17
2015/8/27,225.04
2015/8/26,228.84
2015/8/25,222.02
2015/8/24,228.14
2015/8/23,228.68
2015/8/22,226.04
2015/8/21,235.31
2015/8/20,233.23
2015/8/19,233.29
2015/8/18,256.66
2015/8/17,257.45
2015/8/16,257.47
2015/8/15,265.93
2015/8/14,265.41
2015/8/13,266.99
2015/8/12,270.98
2015/8/11,267.89
2015/8/10,265.85
2015/8/9,262.22
2015/8/8,265.42
2015/8/7,269.89
2015/8/6,281
2015/8/5,277.1
2015/8/4,282.69
2015/8/3,282.26
2015/8/2,284.39
2015/8/1,280.69
2015/7/31,288.45
2015/7/30,284.78
2015/7/29,287.56
2015/7/28,293.93
2015/7/27,295.24
2015/7/26,290.79
2015/7/25,289
2015/7/24,287.12
2015/7/23,287.3
2015/7/22,276.76
2015/7/21,277.54
2015/7/20,278.97
2015/7/19,276.74
2015/7/18,276.09
2015/7/17,278.08
2015/7/16,285.66
2015/7/15,275.76
2015/7/14,290.95
2015/7/13,310.55
2015/7/12,289.9
2015/7/11,309.3
2015/7/10,269
2015/7/9,286.98
2015/7/8,270.68
2015/7/7,268.53
2015/7/6,267.26
2015/7/5,273.37
2015/7/4,256.12
2015/7/3,257.92
2015/7/2,255.1
2015/7/1,262.43
2015/6/30,257.85
2015/6/29,262.53
2015/6/28,251.21
2015/6/27,248.76
2015/6/26,248.5
2015/6/25,240.2
2015/6/24,241.92
2015/6/23,240.64
2015/6/22,243.55
2015/6/21,246.35
2015/6/20,242.47
2015/6/19,248.26
2015/6/18,246.45
2015/6/17,248.25
2015/6/16,236
2015/6/15,245.35
2015/6/14,236.46
2015/6/13,229.6
2015/6/12,230.22
2015/6/11,229.98
2015/6/10,228.88
2015/6/9,228.01
2015/6/8,230.1
2015/6/7,224.99
2015/6/6,222.6
2015/6/5,224.49
2015/6/4,225.4
2015/6/3,225.54
2015/6/2,226.29
2015/6/1,228.34
2015/5/31,222.4
2015/5/30,231.95
2015/5/29,236.44
2015/5/28,235.87
2015/5/27,236.48
2015/5/26,235.59
2015/5/25,235.94
2015/5/24,235.65
2015/5/23,238.8
2015/5/22,238.77
2015/5/21,240.5
2015/5/20,231.4
2015/5/19,234.6
2015/5/18,232.04
2015/5/17,236.63
2015/5/16,235.78
2015/5/15,236.63
2015/5/14,235.97
2015/5/13,238.32
2015/5/12,242.72
2015/5/11,239.11
2015/5/10,244.19
2015/5/9,239.35
2015/5/8,237.16
2015/5/7,244.72
2015/5/6,233.99
2015/5/5,238.25
2015/5/4,234.66
2015/5/3,236.17
2015/5/2,230.97
2015/5/1,234.13
2015/4/30,233.43
2015/4/29,225.2
2015/4/28,225.69
2015/4/27,222.66
2015/4/26,226.29
2015/4/25,218.42
2015/4/24,228.6
2015/4/23,233.59
2015/4/22,235.48
2015/4/21,237.34
2015/4/20,222.61
2015/4/19,224.63
2015/4/18,225.72
2015/4/17,227.5
2015/4/16,222.67
2015/4/15,229.62
2015/4/14,223.01
2015/4/13,216
2015/4/12,225.99
2015/4/11,236
2015/4/10,236.7
2015/4/9,235.71
2015/4/8,253.9
2015/4/7,245.89
2015/4/6,255.48
2015/4/5,253.67
2015/4/4,257.03
2015/4/3,253.77
2015/4/2,246.49
2015/4/1,252.44
2015/3/31,242.7
2015/3/30,242.34
2015/3/29,245.18
2015/3/28,244.05
2015/3/27,249.23
2015/3/26,248.63
2015/3/25,251.98
2015/3/24,265.99
2015/3/23,247.83
2015/3/22,266.07
2015/3/21,262.1
2015/3/20,257.83
2015/3/19,259.8
2015/3/18,284.48
2015/3/17,265.85
2015/3/16,287.02
2015/3/15,282.2
2015/3/14,283.57
2015/3/13,284.21
2015/3/12,296.56
2015/3/11,297.39
2015/3/10,293.29
2015/3/9,275
2015/3/8,287.48
2015/3/7,273.87
2015/3/6,273.11
2015/3/5,272.12
2015/3/4,265.63
2015/3/3,275.87
2015/3/2,275.8
2015/3/1,263.81
2015/2/28,252.11
2015/2/27,252.98
2015/2/26,254
2015/2/25,239.94
2015/2/24,238.59
2015/2/23,240.1
2015/2/22,245.41
2015/2/21,236
2015/2/20,245.66
2015/2/19,237.44
2015/2/18,241.59
2015/2/17,234.87
2015/2/16,234.18
2015/2/15,235.86
2015/2/14,243.99
2015/2/13,222.33
2015/2/12,239.94
2015/2/11,221.83
2015/2/10,219.93
2015/2/9,220.16
2015/2/8,220.39
2015/2/7,222.36
2015/2/6,225.16
2015/2/5,220.47
2015/2/4,227.53
2015/2/3,222.56
2015/2/2,236.51
2015/2/1,219.25
2015/1/31,220.72
2015/1/30,229.7
2015/1/29,236.2
2015/1/28,233.19
2015/1/27,249.25
2015/1/26,254.32
2015/1/25,271.47
2015/1/24,247.11
2015/1/23,233.51
2015/1/22,233.03
2015/1/21,233.9
2015/1/20,216.01
2015/1/19,212.99
2015/1/18,212.39
2015/1/17,208.13
2015/1/16,197.12
2015/1/15,205.35
2015/1/14,222
2015/1/13,176.5
2015/1/12,230.89
2015/1/11,275.97
2015/1/10,272.25
2015/1/9,278
2015/1/8,297.99
2015/1/7,276.8
2015/1/6,276.8
2015/1/5,263.17
2015/1/4,276.8
2015/1/3,270.93
2015/1/2,314.81
2015/1/1,316.15
2014/12/31,315.7
2014/12/30,313.4
2014/12/29,313.09
2014/12/28,314.49
2014/12/27,329.94
2014/12/26,314.45
2014/12/25,328.09
2014/12/24,336.95
2014/12/23,327.59
2014/12/22,336.96
2014/12/21,331.52
2014/12/20,326.93
2014/12/19,325.7
2014/12/18,321.34
2014/12/17,317.7
2014/12/16,318.2
2014/12/15,357.8
2014/12/14,352.15
2014/12/13,353.28
2014/12/12,348.97
2014/12/11,355.08
2014/12/10,356.1
2014/12/9,362.99
2014/12/8,350.29
2014/12/7,367.01
2014/12/6,376
2014/12/5,374.05
2014/12/4,373.98
2014/12/3,379.62
2014/12/2,378.25
2014/12/1,381.93
2014/11/30,375.59
2014/11/29,375.96
2014/11/28,377.22
2014/11/27,366.86
2014/11/26,372.62
2014/11/25,371.44
2014/11/24,367.12
2014/11/23,384
2014/11/22,362.99
2014/11/21,356.47
2014/11/20,356.9
2014/11/19,361.7
2014/11/18,388.87
2014/11/17,379.91
2014/11/16,378.48
2014/11/15,399.11
2014/11/14,373.14
2014/11/13,396.56
2014/11/12,369.41
2014/11/11,430.07
2014/11/10,365.04
2014/11/9,346.94
2014/11/8,356.34
2014/11/7,345.84
2014/11/6,338.63
2014/11/5,347.96
2014/11/4,341.99
2014/11/3,324.36
2014/11/2,325.81
2014/11/1,326.41
2014/10/31,345.3
2014/10/30,340.95
2014/10/29,337
2014/10/28,350.9
2014/10/27,354.94
2014/10/26,356.5
2014/10/25,358.49
2014/10/24,348.89
2014/10/23,358.46
2014/10/22,385.89
2014/10/21,385.1
2014/10/20,387
2014/10/19,391
2014/10/18,388.99
2014/10/17,389.68
2014/10/16,394.84
2014/10/15,378.02
2014/10/14,394
2014/10/13,380.8
2014/10/12,381.46
2014/10/11,364.83
2014/10/10,363.61
2014/10/9,358.97
2014/10/8,378.94
2014/10/7,327.61
2014/10/6,330.7
2014/10/5,331.2
2014/10/4,358.9
2014/10/3,336
2014/10/2,363.75
2014/10/1,390.18
2014/9/30,385.27
2014/9/29,382.67
2014/9/28,400.39
2014/9/27,380
2014/9/26,400.74
2014/9/25,423.68
2014/9/24,408.08
2014/9/23,431.91
2014/9/22,401.15
2014/9/21,400.98
2014/9/20,406.3
2014/9/19,425.56
2014/9/18,398.89
2014/9/17,428.19
2014/9/16,470.83
2014/9/15,468
2014/9/14,475.3
2014/9/13,474.62
2014/9/12,479.86
2014/9/11,470.43
2014/9/10,473.35
2014/9/9,485.03
2014/9/8,466.48
2014/9/7,479.59
2014/9/6,480.62
2014/9/5,481.09
2014/9/4,474.5
2014/9/3,486
2014/9/2,472.76
2014/9/1,478.87
2014/8/31,482.59
2014/8/30,477.98
2014/8/29,506.61
2014/8/28,511.99
2014/8/27,509.39
2014/8/26,501.55
2014/8/25,512.79
2014/8/24,503.79
2014/8/23,515.69
2014/8/22,503.88
2014/8/21,518.25
2014/8/20,490
2014/8/19,507.3
2014/8/18,487.5
2014/8/17,523.88
2014/8/16,491.88
2014/8/15,509
2014/8/14,549.98
2014/8/13,521.66
2014/8/12,550.14
2014/8/11,590.74
2014/8/10,578.97
2014/8/9,588.99
2014/8/8,585.02
2014/8/7,589.3
2014/8/6,587.24
2014/8/5,588.5
2014/8/4,580.21
2014/8/3,593.94
2014/8/2,595.76
2014/8/1,591.59
2014/7/31,601.94
2014/7/30,585.5
2014/7/29,573.48
2014/7/28,581.5
2014/7/27,595.9
2014/7/26,592.51
2014/7/25,595.88
2014/7/24,620.43
2014/7/23,601.18
2014/7/22,622.01
2014/7/21,627
2014/7/20,619.14
2014/7/19,623.77
2014/7/18,625.8
2014/7/17,629.86
2014/7/16,626
2014/7/15,621.21
2014/7/14,623.17
2014/7/13,622.8
2014/7/12,634
2014/7/11,631.98
2014/7/10,630.31
2014/7/9,624.97
2014/7/8,624.84
2014/7/7,623.7
2014/7/6,631
2014/7/5,634.49
2014/7/4,632.78
2014/7/3,650.49
2014/7/2,644.04
2014/7/1,654
2014/6/30,599.99
2014/6/29,620
2014/6/28,596
2014/6/27,577.34
2014/6/26,588.97
2014/6/25,569
2014/6/24,588.25
2014/6/23,585.54
2014/6/22,591.5
2014/6/21,593.48
2014/6/20,590.99
2014/6/19,593.33
2014/6/18,608
2014/6/17,604.6
2014/6/16,597.65
2014/6/15,572.28
2014/6/14,560.49
2014/6/13,557.92
2014/6/12,624.97
2014/6/11,617
2014/6/10,639.99
2014/6/9,657.11
2014/6/8,650.93
2014/6/7,652
2014/6/6,661.48
2014/6/5,655.75
2014/6/4,658.72
2014/6/3,662
2014/6/2,673.9
2014/6/1,631.49
2014/5/31,621.3
2014/5/30,620.45
2014/5/29,609.03
2014/5/28,572.7
2014/5/27,574.33
2014/5/26,581.87
2014/5/25,527.91
2014/5/24,575
2014/5/23,521.52
2014/5/22,493.97
2014/5/21,523.84
2014/5/20,494.87
2014/5/19,446.89
2014/5/18,446.42
2014/5/17,447.14
2014/5/16,446.53
2014/5/15,449.51
2014/5/14,448.99
2014/5/13,442.45
2014/5/12,438.95
2014/5/11,441.5
2014/5/10,449
2014/5/9,452.42
2014/5/8,452.02
2014/5/7,428.01
2014/5/6,446.65
2014/5/5,430.33
2014/5/4,440
2014/5/3,436.21
2014/5/2,434.5
2014/5/1,452.03
2014/4/30,460.01
2014/4/29,449
2014/4/28,438.8
2014/4/27,447
2014/4/26,440.1
2014/4/25,502.15
2014/4/24,459.15
2014/4/23,491.6
2014/4/22,498.38
2014/4/21,493.33
2014/4/20,496.5
2014/4/19,482.11
2014/4/18,499.9
2014/4/17,479.98
2014/4/16,523
2014/4/15,511.5
2014/4/14,489.91
2014/4/13,423.37
2014/4/12,405
2014/4/11,424.98
2014/4/10,441.93
2014/4/9,401
2014/4/8,443.1
2014/4/7,458
2014/4/6,447.74
2014/4/5,459.67
2014/4/4,448.72
2014/4/3,446.01
2014/4/2,446.31
2014/4/1,457.49
2014/3/31,479.51
2014/3/30,457
2014/3/29,499.6
2014/3/28,499.94
2014/3/27,503
2014/3/26,585.79
2014/3/25,585.7
2014/3/24,580.02
2014/3/23,563.01
2014/3/22,567.13
2014/3/21,557
2014/3/20,611.2
2014/3/19,590
2014/3/18,608.41
2014/3/17,634.99
2014/3/16,624.7
2014/3/15,634.94
2014/3/14,641.01
2014/3/13,636.47
2014/3/12,642.61
2014/3/11,629.33
2014/3/10,622.9
2014/3/9,621.99
2014/3/8,631.99
2014/3/7,609
2014/3/6,621.3
2014/3/5,673.28
2014/3/4,664.85
2014/3/3,677.61
2014/3/2,567.48
2014/3/1,559.88
2014/2/28,571.5
2014/2/27,585.21
2014/2/26,585.17
2014/2/25,585.38
2014/2/24,611.05
2014/2/23,545
2014/2/22,626.77
2014/2/21,563
2014/2/20,566.16
2014/2/19,582.7
2014/2/18,629.96
2014/2/17,626.77
2014/2/16,642
2014/2/15,670.29
2014/2/14,651.42
2014/2/13,672.1
2014/2/12,675.1
2014/2/11,667.01
2014/2/10,670
2014/2/9,680.8
2014/2/8,710
2014/2/7,707
2014/2/6,781
2014/2/5,778
2014/2/4,800
2014/2/3,814.34
2014/2/2,813.8
2014/2/1,819.57
2014/1/31,800
2014/1/30,802.5
2014/1/29,799.37
2014/1/28,747.57
2014/1/27,800.2
2014/1/26,777
2014/1/25,780.02
2014/1/24,806
2014/1/23,789.1
2014/1/22,824.78
2014/1/21,813.05
2014/1/20,822.56
2014/1/19,811.2
2014/1/18,833
2014/1/17,801.53
2014/1/16,841.83
2014/1/15,830.9
2014/1/14,847.7
2014/1/13,844.04
2014/1/12,807.83
2014/1/11,851
2014/1/10,826.28
2014/1/9,827.46
2014/1/8,809.17
2014/1/7,915.69
2014/1/6,867.38
2014/1/5,934.21
2014/1/4,807.39
2014/1/3,822.38
2014/1/2,806.21
2014/1/1,732
2013/12/31,746.9
2013/12/30,731
2013/12/29,715
2013/12/28,714.79
2013/12/27,701.61
2013/12/26,679.02
2013/12/25,734.42
2013/12/24,658.07
2013/12/23,614.11
2013/12/22,639.9
2013/12/21,637
2013/12/20,685.3
2013/12/19,660
2013/12/18,653
2013/12/17,690
2013/12/16,702.05
2013/12/15,709
2013/12/14,885
2013/12/13,864.7
2013/12/12,874
2013/12/11,978.76
2013/12/10,886.2
2013/12/9,936.98
2013/12/8,705.91
2013/12/7,722.99
2013/12/6,727.29
2013/12/5,1136.9
2013/12/4,1028.34
2013/12/3,1151
2013/12/2,955.01
2013/12/1,992.27
2013/11/30,970
2013/11/29,1014.1
2013/11/28,1083.9
2013/11/27,1009
2013/11/26,814.56
2013/11/25,844.9
2013/11/24,814
2013/11/23,795
2013/11/22,837.99
2013/11/21,761
2013/11/20,547
2013/11/19,595
2013/11/18,559.99
2013/11/17,437.24
2013/11/16,463
2013/11/15,433.53
2013/11/14,393
2013/11/13,416.5
2013/11/12,391.64
2013/11/11,328
2013/11/10,339.38
2013/11/9,296.91
2013/11/8,291.02
2013/11/7,325.56
2013/11/6,292.32
2013/11/5,229.95
2013/11/4,246.63
2013/11/3,225.1
2013/11/2,203
2013/11/1,204.15
2013/10/31,203.24
2013/10/30,216
2013/10/29,203.39
2013/10/28,202.09
2013/10/27,179.56
2013/10/26,189.06
2013/10/25,179.71
2013/10/24,203.7
2013/10/23,195.78
2013/10/22,199.95
2013/10/21,186.12
2013/10/20,177.07
2013/10/19,165.71
2013/10/18,143.94
2013/10/17,150.59
2013/10/16,143.33
2013/10/15,135.17
2013/10/14,139.24
2013/10/13,135.69
2013/10/12,127.41
2013/10/11,127.53
2013/10/10,126.84
2013/10/9,124.12
2013/10/8,126.08
2013/10/7,123.84
2013/10/6,121.2
2013/10/5,121.6
2013/10/4,121.51
2013/10/3,103.85
2013/10/2,116.95
2013/10/1,104.47
2013/9/30,127.01
2013/9/29,125.8
2013/9/28,128.1
2013/9/27,124.65
2013/9/26,125.6
2013/9/25,123.85
2013/9/24,122.65
2013/9/23,122.59
2013/9/22,123.02
2013/9/21,123.04
2013/9/20,123.5
2013/9/19,123.98
2013/9/18,139.15
2013/9/17,127.23
2013/9/16,127.56
2013/9/15,124.05
2013/9/14,125.46
2013/9/13,124.32
2013/9/12,126.54
2013/9/11,128.45
2013/9/10,124.1
2013/9/9,118.18
2013/9/8,121.66
2013/9/7,118.51
2013/9/6,122.63
2013/9/5,122.44
2013/9/4,124.51
2013/9/3,130.09
2013/9/2,130.45
2013/9/1,131.03
2013/8/31,124.84
2013/8/30,132.75
2013/8/29,124.79
2013/8/28,117.72
2013/8/27,119.25
2013/8/26,117.52
2013/8/25,109.04
2013/8/24,112.9
2013/8/23,108.79
2013/8/22,110.43
2013/8/21,111.01
2013/8/20,109.75
2013/8/19,99.3
2013/8/18,102.07
2013/8/17,99.02
2013/8/16,98.08
2013/8/15,98.51
2013/8/14,98.28
2013/8/13,106.64
2013/8/12,107.29884
2013/8/11,104.99498
2013/8/10,102.8
2013/8/9,102.61802
2013/8/8,102.3
2013/8/7,106.56
2013/8/6,105.6
2013/8/5,106.88378
2013/8/4,104.95
2013/8/3,104.67459
2013/8/2,103.80001
2013/8/1,106.2
2013/7/31,104.19
2013/7/30,104.95555
2013/7/29,98.7
2013/7/28,101.04202
2013/7/27,99.00001
2013/7/26,97
2013/7/25,96.39475
2013/7/24,96.2
2013/7/23,91.99
2013/7/22,95.396
2013/7/21,91.788
2013/7/20,92
2013/7/19,91.8775
2013/7/18,93.41082
2013/7/17,97.05
2013/7/16,97.97
2013/7/15,97.01
2013/7/14,98
2013/7/13,94.75
2013/7/12,95.995
2013/7/11,87.9
2013/7/10,87.15
2013/7/9,78.58899
2013/7/8,75
2013/7/7,77.64
2013/7/6,70.942
2013/7/5,80.04
2013/7/4,67.85844
2013/7/3,79.8
2013/7/2,87
2013/7/1,89.55
2013/6/30,90.998
2013/6/29,94.65
2013/6/28,95.85301
2013/6/27,96.63498
2013/6/26,103.89
2013/6/25,104.40565
2013/6/24,103.86665
2013/6/23,108.35
2013/6/22,107.68389
2013/6/21,109.09
2013/6/20,107.68
2013/6/19,111.97
2013/6/18,107.835
2013/6/17,99.9
2013/6/16,100.52521
2013/6/15,100
2013/6/14,103.9
2013/6/13,100
2013/6/12,109
2013/6/11,106.1
2013/6/10,108
2013/6/9,104.96851
2013/6/8,111.5
2013/6/7,107.8
2013/6/6,110.29501
2013/6/5,121.42
2013/6/4,122.4051
2013/6/3,120.56663
2013/6/2,129.3
2013/6/1,120.60293
2013/5/31,129.19945
2013/5/30,132.3
2013/5/29,130.99589
2013/5/28,129.97994
2013/5/27,133.5
2013/5/26,132.60997
2013/5/25,134.04701
2013/5/24,126.7
2013/5/23,131.5
2013/5/22,125.67
2013/5/21,122.02
2013/5/20,122.5
2013/5/19,122.65001
2013/5/18,123.32
2013/5/17,123.74995
2013/5/16,124.49
2013/5/15,112
2013/5/14,114.98499
2013/5/13,119
2013/5/12,115.68
2013/5/11,114.32
2013/5/10,115.4
2013/5/9,113.35
2013/5/8,109.56154
2013/5/7,113.95001
2013/5/6,115.98
2013/5/5,120.94999
2013/5/4,117.89001
2013/5/3,103.3
2013/5/2,93.15
2013/5/1,105.00003
2013/4/30,144.54
2013/4/29,139.109
2013/4/28,141.50002
2013/4/27,137
2013/4/26,128.00001
2013/4/25,135.601
2013/4/24,142.5
2013/4/23,153.20019
2013/4/22,136.08099
2013/4/21,127.5
2013/4/20,125
2013/4/19,123.86
2013/4/18,93.9
2013/4/17,96.5
2013/4/16,85.59999
2013/4/15,100
2013/4/14,91
2013/4/13,91
2013/4/12,124.9
2013/4/11,76.488
2013/4/10,123.40098
2013/4/9,186.96
2013/4/8,237.99
2013/4/7,184
2013/4/6,142.1
2013/4/5,142.49765
2013/4/4,143.8
2013/4/3,117.34
2013/4/2,138.79
2013/4/1,108.73
2013/3/31,92.5
2013/3/30,92.50001
2013/3/29,90.99999
2013/3/28,88.8
2013/3/27,93.56701
2013/3/26,88.9
2013/3/25,71.93
2013/3/24,73.88798
2013/3/23,70.1
2013/3/22,70.25
2013/3/21,71.5
2013/3/20,73.8
2013/3/19,52.12
2013/3/18,57.76
2013/3/17,47.65
2013/3/16,46.9
2013/3/15,47.11
2013/3/14,47.25005
2013/3/13,44.32
2013/3/12,46.79999
2013/3/11,45.01771
2013/3/10,46.93
2013/3/9,46.5
2013/3/8,46.01112
2013/3/7,42
2013/3/6,42.49271
2013/3/5,47.5
2013/3/4,34.25
2013/3/3,36.35
2013/3/2,34.10007
2013/3/1,33.36
2013/2/28,34.87799
2013/2/27,33.50001
2013/2/26,30.4
2013/2/25,31.179
2013/2/24,30.25001
2013/2/23,30.52
2013/2/22,29.27998
2013/2/21,30.901
2013/2/20,29.48
2013/2/19,29.81231
2013/2/18,28.78999
2013/2/17,27.39
2013/2/16,25.6083
2013/2/15,27.07009
2013/2/14,24.3
2013/2/13,26.53092
2013/2/12,26.09999
2013/2/11,23.97
2013/2/10,24.1955
2013/2/9,23.61458
2013/2/8,22.15
2013/2/7,22.15
2013/2/6,22.15
2013/2/5,20.99
2013/2/4,20.79
2013/2/3,21.05
2013/2/2,21.25
2013/2/1,21.1
2013/1/31,21.3
2013/1/30,19.78
2013/1/29,19.7
2013/1/28,19.8
2013/1/27,17.71
2013/1/26,17.99999
2013/1/25,17.61926
2013/1/24,17.97
2013/1/23,19.18999
2013/1/22,17.5889
2013/1/21,16.15
2013/1/20,16.98
2013/1/19,15.89
2013/1/18,15.53
2013/1/17,15.985
2013/1/16,15.39
2013/1/15,14.34
2013/1/14,14.47899
2013/1/13,14.3
2013/1/12,14.31
2013/1/11,14.34999
2013/1/10,14.29999
2013/1/9,13.84
2013/1/8,13.87998
2013/1/7,13.83
2013/1/6,13.54
2013/1/5,13.52999
2013/1/4,13.548
2013/1/3,13.42
2013/1/2,13.464
2013/1/1,13.4
2012/12/31,13.57
2012/12/30,13.59
2012/12/29,13.56998
2012/12/28,13.51
2012/12/27,13.6499
2012/12/26,13.47
2012/12/25,13.45
2012/12/24,13.45
2012/12/23,13.45
2012/12/22,13.63
2012/12/21,13.58998
2012/12/20,13.6475
2012/12/19,13.4
2012/12/18,13.399
2012/12/17,13.399
2012/12/16,13.75
2012/12/15,13.66548
2012/12/14,13.7722
2012/12/13,13.8
2012/12/12,13.79989
2012/12/11,13.63999
2012/12/10,13.53
2012/12/9,13.55
2012/12/8,13.53
2012/12/7,13.69
2012/12/6,13.68
2012/12/5,13.6888
2012/12/4,12.75
2012/12/3,12.96675
2012/12/2,12.67901
2012/12/1,12.66
2012/11/30,12.68778
2012/11/29,12.65
2012/11/28,12.5
2012/11/27,12.40712
2012/11/26,12.52999
2012/11/25,12.46
2012/11/24,12.6
2012/11/23,12.4108
2012/11/22,11.9
2012/11/21,12.28
2012/11/20,11.784
2012/11/19,11.82
2012/11/18,11.79998
2012/11/17,11.832
2012/11/16,11.28
2012/11/15,11.8
2012/11/14,11.114
2012/11/13,11.17
2012/11/12,11.129
2012/11/11,11.18
2012/11/10,11.04
2012/11/9,10.95899
2012/11/8,11.07
2012/11/7,10.97
2012/11/6,11.21603
2012/11/5,10.88997
2012/11/4,10.62
2012/11/3,10.68
2012/11/2,10.60097
2012/11/1,11.17
2012/10/31,11.279
2012/10/30,11.14
2012/10/29,10.69
2012/10/28,10.95
2012/10/27,10.61
2012/10/26,11.56
2012/10/25,11.09988
2012/10/24,11.71
2012/10/23,11.86
2012/10/22,12
2012/10/21,11.81
2012/10/20,11.94
2012/10/19,11.85
2012/10/18,11.967
2012/10/17,11.99
2012/10/16,11.99
2012/10/15,11.99
2012/10/14,12.1
2012/10/13,12
2012/10/12,12.137
2012/10/11,12.16
2012/10/10,12.19
2012/10/9,12.15
2012/10/8,12.58
2012/10/7,12.08
2012/10/6,12.7369
2012/10/5,13.07
2012/10/4,12.99
2012/10/3,13.0899
2012/10/2,12.58
2012/10/1,12.88
2012/9/30,12.481
2012/9/29,12.46
2012/9/28,12.49
2012/9/27,12.444
2012/9/26,12.24
2012/9/25,12.28
2012/9/24,12.22909
2012/9/23,12.4
2012/9/22,12.2749
2012/9/21,12.4433
2012/9/20,12.63
2012/9/19,12.68666
2012/9/18,12.61
2012/9/17,11.98
2012/9/16,11.9625
2012/9/15,11.99
2012/9/14,11.48
2012/9/13,11.75
2012/9/12,11.399
2012/9/11,11.14
2012/9/10,11.19401
2012/9/9,11.127
2012/9/8,11.27
2012/9/7,11.21
2012/9/6,11.29
2012/9/5,10.59
2012/9/4,10.57888
2012/9/3,10.5934
2012/9/2,10.36
2012/9/1,10.18999
2012/8/31,10.42
2012/8/30,11.14
2012/8/29,10.937
2012/8/28,11.20999
2012/8/27,10.99
2012/8/26,12.14999
2012/8/25,10.61913
2012/8/24,10.25
2012/8/23,10.25
2012/8/22,10.25
2012/8/21,10.45
2012/8/20,10.29999
2012/8/19,10.5
2012/8/18,15.37
2012/8/17,15.26014
2012/8/16,15.4
2012/8/15,12.3
2012/8/14,12.67
2012/8/13,12.17887
2012/8/12,11.64
2012/8/11,11.765
2012/8/10,11.59788
2012/8/9,11.35
2012/8/8,12
2012/8/7,11.14999
2012/8/6,11.21
2012/8/5,11.29112
2012/8/4,11.1869
2012/8/3,10.12
2012/8/2,11.1188
2012/8/1,9.8
2012/7/31,9.22
2012/7/30,9.44
2012/7/29,9.15
2012/7/28,8.95
2012/7/27,8.93
2012/7/26,8.95
2012/7/25,8.91
2012/7/24,8.76998
2012/7/23,8.96
2012/7/22,9.53
2012/7/21,9
2012/7/20,9.7
2012/7/19,9.37
2012/7/18,9.27491
2012/7/17,9.39899
2012/7/16,7.8
2012/7/15,8.2899
2012/7/14,7.64877
2012/7/13,7.46
2012/7/12,7.9
2012/7/11,7.32
2012/7/10,6.98
2012/7/9,7.239
2012/7/8,6.896
2012/7/7,6.74
2012/7/6,6.75
2012/7/5,6.73449
2012/7/4,6.71
2012/7/3,6.55
2012/7/2,6.765
2012/7/1,6.69
2012/6/30,6.694
2012/6/29,6.693
2012/6/28,6.58
2012/6/27,6.66897
2012/6/26,6.55555
2012/6/25,6.56
2012/6/24,6.44999
2012/6/23,6.5915
2012/6/22,6.8
2012/6/21,6.79962
2012/6/20,6.8
2012/6/19,6.48
2012/6/18,6.53294
2012/6/17,6.4668
2012/6/16,6.27
2012/6/15,6.599
2012/6/14,6.165
2012/6/13,5.76
2012/6/12,5.96
2012/6/11,5.7
2012/6/10,5.68
2012/6/9,5.62
2012/6/8,5.69999
2012/6/7,5.48
2012/6/6,5.529
2012/6/5,5.47
2012/6/4,5.27
2012/6/3,5.2785
2012/6/2,5.26466
2012/6/1,5.21
2012/5/31,5.27
2012/5/30,5.19
2012/5/29,5.16
2012/5/28,5.15889
2012/5/27,5.16
2012/5/26,5.15
2012/5/25,5.149
2012/5/24,5.15
2012/5/23,5.13
2012/5/22,5.16
2012/5/21,5.12
2012/5/20,5.14
2012/5/19,5.15
2012/5/18,5.14291
2012/5/17,5.1
2012/5/16,5.1345
2012/5/15,5.08998
2012/5/14,5.01
2012/5/13,5.036
2012/5/12,4.99888
2012/5/11,5.1
2012/5/10,5.03188
2012/5/9,5.125
2012/5/8,5.1
2012/5/7,5.1
2012/5/6,5.0947
2012/5/5,5.15
2012/5/4,5.1495
2012/5/3,5.15
2012/5/2,5.04
2012/5/1,5.1789
2012/4/30,5
2012/4/29,5.09
2012/4/28,5.0184
2012/4/27,5.1176
2012/4/26,5.16
2012/4/25,5.18
2012/4/24,5.16
2012/4/23,5.3
2012/4/22,5.21799
2012/4/21,5.3287
2012/4/20,5.19
2012/4/19,5.17
2012/4/18,5.19
2012/4/17,4.99
2012/4/16,5.02207
2012/4/15,4.98
2012/4/14,4.97
2012/4/13,5.03
2012/4/12,4.94464
2012/4/11,4.9
2012/4/10,4.8941
2012/4/9,4.9
2012/4/8,4.94
2012/4/7,4.8
2012/4/6,4.98
2012/4/5,4.96
2012/4/4,4.94486
2012/4/3,4.97
2012/4/2,4.97
2012/4/1,5.08
2012/3/31,4.929
2012/3/30,4.85
2012/3/29,4.83
2012/3/28,4.86092
2012/3/27,4.74
2012/3/26,4.74
2012/3/25,4.73793
2012/3/24,4.81
2012/3/23,4.74896
2012/3/22,4.83
2012/3/21,4.95
2012/3/20,4.87
2012/3/19,4.98
2012/3/18,5.4
2012/3/17,5.37998
2012/3/16,5.3998
2012/3/15,5.45
2012/3/14,5.45
2012/3/13,5.4444
2012/3/12,4.98
2012/3/11,4.95915
2012/3/10,4.99
2012/3/9,4.99
2012/3/8,4.9499
2012/3/7,5
2012/3/6,5.04
2012/3/5,5.05
2012/3/4,5.04
2012/3/3,4.94
2012/3/2,4.77995
2012/3/1,4.98888
2012/2/29,4.98
2012/2/28,4.9
2012/2/27,5
2012/2/26,5.05
2012/2/25,5.00073
2012/2/24,5.07
2012/2/23,4.63
2012/2/22,4.92481
2012/2/21,4.54
2012/2/20,4.38
2012/2/19,4.52
2012/2/18,4.33333
2012/2/17,4.74
2012/2/16,4.76998
2012/2/15,4.73368
2012/2/14,5.69
2012/2/13,5.6
2012/2/12,5.72
2012/2/11,5.94
2012/2/10,6
2012/2/9,5.92525
2012/2/8,5.74
2012/2/7,5.8494
2012/2/6,5.70999
2012/2/5,5.99
2012/2/4,5.9625
2012/2/3,6
2012/2/2,5.77
2012/2/1,6.2
2012/1/31,5.638
2012/1/30,5.72
2012/1/29,5.6
2012/1/28,5.76
2012/1/27,6.08
2012/1/26,5.689
2012/1/25,6.2
2012/1/24,6.47
2012/1/23,6.515
2012/1/22,6.45485
2012/1/21,6.57
2012/1/20,6.55
2012/1/19,6.58
2012/1/18,6.97
2012/1/17,6.95
2012/1/16,6.98
2012/1/15,6.81
2012/1/14,6.98999
2012/1/13,6.75
2012/1/12,7.1
2012/1/11,6.997
2012/1/10,7.138
2012/1/9,7.2
2012/1/8,7.2
2012/1/7,7.2
2012/1/6,6.6
2012/1/5,7.22
2012/1/4,6.399
2012/1/3,5.45
2012/1/2,5.29
2012/1/1,5.4999
2011/12/31,4.47
2011/12/30,4.995
2011/12/29,4.3
2011/12/28,4.09
2011/12/27,4.18888
2011/12/26,4.06
2011/12/25,4.06
2011/12/24,4.3897
2011/12/23,3.9499
2011/12/22,4.08
2011/12/21,3.99199
2011/12/20,4.11
2011/12/19,3.36
2011/12/18,3.70036
2011/12/17,3.25
2011/12/16,3.2
2011/12/15,3.23
2011/12/14,3.1933
2011/12/13,3.33
2011/12/12,3.3
2011/12/11,3.34237
2011/12/10,3.04
2011/12/9,3.04
2011/12/8,3.039
2011/12/7,3.06
2011/12/6,3.082
2011/12/5,3.05
2011/12/4,3.1
2011/12/3,2.99
2011/12/2,3.12999
2011/12/1,3
2011/11/30,3.14
2011/11/29,2.959
2011/11/28,2.51
2011/11/27,2.53899
2011/11/26,2.4965
2011/11/25,2.48
2011/11/24,2.56
2011/11/23,2.46
2011/11/22,2.3
2011/11/21,2.35
2011/11/20,2.29
2011/11/19,2.37
2011/11/18,2.3
2011/11/17,2.38998
2011/11/16,2.67
2011/11/15,2.6
2011/11/14,2.69
2011/11/13,3.11
2011/11/12,3.099
2011/11/11,3.11
2011/11/10,3.09
2011/11/9,3
2011/11/8,3.114
2011/11/7,3.04
2011/11/6,3.0289
2011/11/5,3.05
2011/11/4,3.28
2011/11/3,3.21874
2011/11/2,3.299
2011/11/1,3.38
2011/10/31,3.35
2011/10/30,3.388
2011/10/29,3.39
2011/10/28,3.82717
2011/10/27,3.255
2011/10/26,3
2011/10/25,2.876
2011/10/24,3.04
2011/10/23,3.31
2011/10/22,3.36
2011/10/21,3.3
2011/10/20,2.59
2011/10/19,2.42
2011/10/18,2.64999
2011/10/17,3.87
2011/10/16,3.75996
2011/10/15,3.9009
2011/10/14,4.37
2011/10/13,4.11455
2011/10/12,4.45
2011/10/11,4.23
2011/10/10,4.14001
2011/10/9,4.25937
2011/10/8,4.79
2011/10/7,4.594
2011/10/6,4.85
2011/10/5,5.03
2011/10/4,5.025
2011/10/3,5.03
2011/10/2,5.27
2011/10/1,5.16
2011/9/30,5.3
2011/9/29,4.95
2011/9/28,4.809
2011/9/27,4.989
2011/9/26,5.49
2011/9/25,5.46014
2011/9/24,5.5
2011/9/23,5.8
2011/9/22,5.70653
2011/9/21,5.83001
2011/9/20,5.89
2011/9/19,6.795
2011/9/18,5.6
2011/9/17,5.18
2011/9/16,5.022
2011/9/15,5.23
2011/9/14,6.19
2011/9/13,5.990000001
2011/9/12,6.25
2011/9/11,6.49
2011/9/10,7.4
2011/9/9,6.20892
2011/9/8,7.53
2011/9/7,7.31509
2011/9/6,7.59916
2011/9/5,8.56
2011/9/4,8.467
2011/9/3,8.593999999
2011/9/2,8.46
2011/9/1,8.4989
2011/8/31,8.44934
2011/8/30,9.4
2011/8/29,9.15031
2011/8/28,9.4811
2011/8/27,10.01
2011/8/26,9.11
2011/8/25,10.3
2011/8/24,11.47
2011/8/23,11.4
2011/8/22,11.49
2011/8/21,11.75
2011/8/20,11.59
2011/8/19,11.798
2011/8/18,11.39
2011/8/17,11.67
2011/8/16,11.3
2011/8/15,11.4
2011/8/14,11.89
2011/8/13,11.24
2011/8/12,10.35
2011/8/11,9.89520343
2011/8/10,10.4959
2011/8/9,9.66
2011/8/8,12.1
2011/8/7,8.89
2011/8/6,11.42
2011/8/5,11
2011/8/4,11.55
2011/8/3,13.37
2011/8/2,13.1
2011/8/1,13.45
2011/7/31,14.06
2011/7/30,14.8999
2011/7/29,13.8
2011/7/28,14.1
2011/7/27,14
2011/7/26,14.13
2011/7/25,14.16
2011/7/24,14.7399
2011/7/23,13.979999
2011/7/22,13.94
2011/7/21,13.9389
2011/7/20,13.9389
2011/7/19,13.93
2011/7/18,14.7
2011/7/17,13.6901
2011/7/16,14.25
2011/7/15,14.1
2011/7/14,14.3
2011/7/13,14.52
2011/7/12,14.15
2011/7/11,14.63988
2011/7/10,15.16
2011/7/9,15.68
2011/7/8,15
2011/7/7,16.44
2011/7/6,16.25
2011/7/5,16.5
2011/7/4,15.74
2011/7/3,15.85
2011/7/2,15.7
2011/7/1,17.38
2011/6/30,17
2011/6/29,17.5
2011/6/28,17.89
2011/6/27,17.52
2011/6/26,18
2011/6/25,16.95
2011/6/24,17.6
2011/6/23,16.7501
2011/6/22,15.39
2011/6/21,15.05
2011/6/20,15.5
2011/6/19,17.6
2011/6/18,18.8766
2011/6/17,17.2
2011/6/16,19.99
2011/6/15,19.96
2011/6/14,20
2011/6/13,24.87
2011/6/12,24.5
2011/6/11,24.99
2011/6/10,32.34
2011/6/9,35
2011/6/8,31.5
2011/6/7,19.19
2011/6/6,19.06
2011/6/5,19.23
2011/6/4,15.05
2011/6/3,17.41
2011/6/2,14.3
2011/6/1,9.47
2011/5/31,9.391
2011/5/30,9.4998
2011/5/29,8.68
2011/5/28,8.4992
2011/5/27,8.735
2011/5/26,7.95
2011/5/25,9.33
2011/5/24,7.51
2011/5/23,6.81
2011/5/22,7.45
2011/5/21,6.61
2011/5/20,7.28
2011/5/19,7.1
2011/5/18,7.34
2011/5/17,8.47
2011/5/16,8.38901
2011/5/15,8.5
2011/5/14,8.56
2011/5/13,8.9
2011/5/12,8.45
2011/5/11,5.41
2011/5/10,6.065
2011/5/9,5.2
2011/5/8,3.75
2011/5/7,3.9
2011/5/6,3.7
2011/5/5,3.56
2011/5/4,3.5
2011/5/3,3.58
2011/5/2,3.95
2011/5/1,3.495
2011/4/30,4.09
2011/4/29,2.66
2011/4/28,2.7
2011/4/27,2.65
2011/4/26,1.71
2011/4/25,1.73
2011/4/24,1.701
2011/4/23,1.38
2011/4/22,1.549
2011/4/21,1.332
2011/4/20,1.19
2011/4/19,1.1979
2011/4/18,1.19
2011/4/17,1.09
2011/4/16,1.085
2011/4/15,1.095
2011/4/14,0.99
2011/4/13,0.94
2011/4/12,1
2011/4/11,0.76
2011/4/10,0.781
2011/4/9,0.758899
2011/4/8,0.78
2011/4/7,0.799
2011/4/6,0.7677
2011/4/5,0.77
2011/4/4,0.71
2011/4/3,0.79
2011/4/2,0.8
2011/4/1,0.79697
2011/3/31,0.79997
2011/3/30,0.8
2011/3/29,0.795
2011/3/28,0.8
2011/3/27,0.9
2011/3/26,0.8958
2011/3/25,0.905
2011/3/24,0.86
2011/3/23,0.9
2011/3/22,0.85
2011/3/21,0.79
2011/3/20,0.7883
2011/3/19,0.79
2011/3/18,0.87
2011/3/17,0.850617
2011/3/16,0.88
2011/3/15,0.9
2011/3/14,0.899885
2011/3/13,0.9
2011/3/12,0.93
2011/3/11,0.9197
2011/3/10,0.9329
2011/3/9,0.9
2011/3/8,0.883751
2011/3/7,0.9072
2011/3/6,0.92
2011/3/5,0.910445
2011/3/4,0.918901
2011/3/3,0.95
2011/3/2,0.94
2011/3/1,0.9498
2011/2/28,0.96
2011/2/27,0.949231
2011/2/26,0.96
2011/2/25,0.96
2011/2/24,1
2011/2/23,0.9499
2011/2/22,0.88
2011/2/21,0.869499
2011/2/20,0.8796
2011/2/19,1.04
2011/2/18,1.02
2011/2/17,1.05019
2011/2/16,1.08
2011/2/15,1.05019
2011/2/14,1.085
2011/2/13,1.09
2011/2/12,1.08
2011/2/11,1.0899
2011/2/10,0.97
2011/2/9,1.1
2011/2/8,0.935
2011/2/7,0.92
2011/2/6,0.90585
2011/2/5,0.92
2011/2/4,0.78
2011/2/3,0.88
2011/2/2,0.75
2011/2/1,0.61
2011/1/31,0.95
2011/1/30,0.5
2011/1/29,0.45
2011/1/28,0.446
2011/1/27,0.45
2011/1/26,0.43
2011/1/25,0.425
2011/1/24,0.425
2011/1/23,0.43
2011/1/22,0.4443
2011/1/21,0.4299
2011/1/20,0.35
2011/1/19,0.3675
2011/1/18,0.3401
2011/1/17,0.4
2011/1/16,0.4
2011/1/15,0.4
2011/1/14,0.42
2011/1/13,0.45
2011/1/12,0.405
2011/1/11,0.33
2011/1/10,0.329
2011/1/9,0.329
2011/1/8,0.32
2011/1/7,0.322898
2011/1/6,0.322
2011/1/5,0.3
2011/1/4,0.298998
2011/1/3,0.299899
2011/1/2,0.3
2011/1/1,0.299996