valid_dates,Mean,Variance,Skewness,Kurtosis
2017-08-08,-0.728588467506481,0.604866999184902,-0.493436973029393,3.21128963565254
2017-08-10,-1.24432323090062,0.835828417682821,0.070385373813202,-0.152996623642944
2017-08-11,-0.83664405254193,0.805487305690616,-0.684555650496659,2.09401941632848
2017-08-12,-1.33383003738312,1.08941112881942,-0.638027573780357,0.597179606011212
2017-08-13,-1.07797057847908,0.929097224546672,-0.534202480103335,1.83903413545626
2017-08-20,-1.79641056299675,1.20410591987136,0.120798230859421,-0.301433836238232
2017-08-21,-1.9674165433718,1.44878800610628,-0.130559292990118,-0.548120987078077
2017-08-25,-0.98231786640127,0.675729426909849,0.0029411792283151,0.271144800328649
2017-08-26,-1.03695050655798,0.753047123227496,-0.357235800477548,-0.00646907015451026
2017-09-02,-1.09198850656854,0.617194558668998,-0.0193629725054881,1.54894958717177
2017-09-05,-1.21471509134787,0.826627301658283,0.00499814285549428,-0.183459207352893
2017-09-08,-0.734643014876998,0.803980360886501,-0.814017927563141,2.50464508846907
2017-09-10,-1.84512269844588,1.40751426300756,-0.589649410860638,-0.362220163031873
2017-09-11,-3.07202143049082,2.64743422571178,0.21287016031159,-0.928451952323492
2017-09-12,-1.24408298552815,0.828290230265733,0.143298910595464,0.0513940486976563
2017-09-19,-1.8680814533489,1.26996510952553,0.0845566106188811,-0.357440699772194
2017-10-01,-1.09514707887936,0.725387993183381,0.14586078462242,-0.116901302738354
2017-10-02,-1.10509227839888,0.761666927179923,-0.0768288389951388,-0.109861477890311
2017-10-07,-1.06276263397663,0.731324238743015,-0.0759724267643897,-0.029107011911834
2017-10-09,-0.955378801278135,0.676654303845893,-0.299907522831112,0.044695735213633
2017-10-10,-1.35315785800292,0.871190942149962,0.264159215660347,-0.0619099285019904
2017-10-13,-0.822932558304056,0.800145388311085,-0.725007642162944,2.52576275198182
2017-10-14,-1.03403469254443,0.716019360563978,0.153216649080978,0.858732231211722
2017-10-28,-1.23715488212584,0.888217913476221,-0.206523270850955,0.0734156005979654
2017-10-29,-1.05988998864093,0.740452886655034,-0.120598797403698,0.0437816813082152
2017-10-30,-1.41108695745904,1.00138940829853,-0.369413369862144,-0.0253665126211771
2017-10-31,-1.3017579844753,0.981204646105473,-0.64385092107196,0.3445201504036
2017-11-07,-2.13793813669322,2.00377456766684,-0.263898843147405,-0.790036298759754
2017-11-10,-1.41407223579552,0.947475525160446,0.101050998182602,-0.166048431846678
2017-11-11,-1.61725776847919,1.09966516132484,0.0492627122500536,-0.256005933360588
2017-11-12,-1.63164117060919,1.06146723885979,0.233537657459298,-0.201226424819418
2017-11-14,-1.74098608080105,1.19502438692702,0.025566260569965,-0.303250115100738
2017-11-21,-0.869488917925059,1.01557964069975,-0.952948255201238,1.86333693205777
2017-11-25,-0.81705308904409,1.03820287266998,-1.37931793926452,2.05450812209957
2017-11-28,-1.48210553683426,1.13035188066102,-0.75142298714362,0.463377178175972
2017-12-03,-1.28289778436787,1.09193108477106,-0.526901476352317,0.935309009056278
2017-12-04,-1.16268348530322,1.23419304792545,-0.712802368292053,1.26462320710138
2017-12-09,-3.83954086207274,2.71292318590368,0.487717010763134,-0.70778544295721
2017-12-11,-3.78337711689968,2.66615819593643,0.473309248141805,-0.721572992743229
2017-12-17,-4.26030909615163,2.85338996695505,0.591795473431747,-0.548768496666551
2017-12-18,-4.32416677930584,2.43548532976093,0.732259058378484,-0.425932120001705
2017-12-29,-3.47051609766456,2.25114560029023,0.454356439191625,-0.626247772463667
2017-12-30,-3.43427807087495,2.16914527516219,0.48059832104246,-0.562520037519521
2018-01-01,-3.20051520018404,2.09422663268939,0.391942834339274,-0.537685274037902
2018-01-05,-3.47192842353216,2.26328102890991,0.452169081520701,-0.638160046747022
2018-01-07,-3.03883686266256,2.14521119952393,0.235524849478582,-0.715748891921101
2018-01-08,-3.22431162035784,2.24925096005425,0.283898763393074,-0.76009208426948
2018-01-09,-3.02337473829942,2.09074805789452,0.273596666915488,-0.699777687710257
2018-01-12,-3.36266880663596,2.35704691980076,0.354794854657604,-0.752172364780229
2018-01-13,-3.16761474570538,2.09453155250168,0.372619947127437,-0.615593431146521
2018-01-14,-3.42047014128017,2.29423294019349,0.408520817170996,-0.680116418277632
2018-01-15,-3.50062938780403,2.22118089054951,0.485564225818011,-0.588877130555024
2018-01-16,-2.87400357438024,1.94076199480676,0.278894860586715,-0.55938473243156
2018-01-26,-2.71459519712832,1.88491597659506,0.117350795456938,-0.628777109519897
2018-01-27,-2.77847324915643,1.85081518675387,0.284960661491237,-0.562198320588279
2018-01-28,-2.41301136146641,1.73455879786694,0.0729603421288977,-0.440942300437443
2018-01-29,-2.4838162739692,1.79944377450085,0.0374337199363003,-0.507778344380394
2018-01-30,-3.06716495481861,2.1440618296308,0.275154159136641,-0.690543583284061
2018-02-04,-3.20943930401121,1.99131946673314,0.476617963514649,-0.480364706952917
2018-02-05,-3.67863190190004,2.33310510831772,0.518053184873564,-0.607046515708033
2018-02-06,-3.7211069096038,2.34659080756935,0.531119340580823,-0.600391456900997
2018-02-07,-2.22145331114701,1.70255066049717,-0.00527848638661558,-0.263228947161244
2018-02-08,-2.25241467816441,1.75089648657551,-0.0784757328247954,-0.371894820845263
2018-02-09,-3.16205332876673,2.11845981001325,0.355511885592872,-0.643649469628925
2018-02-10,-3.23549818468235,2.09314364540199,0.416550663791255,-0.58917316278795
2018-02-11,-4.21894561992501,2.58766958102582,0.640980286330515,-0.570557699467452
2018-02-12,-3.01738338406499,1.99254597874465,0.349589247620951,-0.594589708160453
2018-02-13,-3.62388647145405,2.32442452274716,0.497502461473732,-0.622031133432803
2018-02-14,-2.6401349243589,1.69908936271931,0.336444266009291,-0.427309576610886
2018-02-15,-2.18946696742861,1.76049702367854,-0.0496883993173707,-0.136302816242764
2018-02-16,-2.83171465384256,1.96291134527776,0.19627036900119,-0.502003336904391
2018-02-17,-2.50719891010783,1.96103003024657,0.0322218247622469,-0.409922842848723
2018-02-19,-2.31942930436626,1.88083982559537,-0.0873147419243805,-0.264089415752683
2018-02-23,-3.20453745461736,2.12221368933327,0.369910306422516,-0.574917646777644
2018-02-24,-2.80762188439845,1.98972895481955,0.155633078328656,-0.551392395307766
2018-02-25,-2.91387693005192,2.06150123290409,0.168152593727378,-0.639680123575325
2018-02-27,-3.24964582617539,2.09505443439391,0.424870206049651,-0.584811353393671
2018-03-03,-3.30955257538391,2.14689851006707,0.42546397839493,-0.603512949390153
2018-03-04,-3.21861774471367,2.10200169307603,0.401995075883661,-0.606512387950398
2018-03-05,-2.91923037400647,2.05864815028597,0.135340776142379,-0.64010364837169
2018-03-09,-1.78096994747656,1.29114800762519,0.404346315408262,0.258907975266833
2018-03-11,-1.15982525544907,1.12871597610775,-0.189306946222455,1.21172417432677
2018-03-12,-3.04947722515665,2.70844924707815,0.208607663298137,-0.885142069278765
2018-03-13,-2.78774891751205,2.02982508658434,0.112429447101636,-0.814678149836964
2018-03-16,-2.46552360053909,1.54265483888159,0.38743369807558,-0.324065433961644
2018-03-17,-2.33417638112301,1.5873031460303,-0.0330253583489154,-0.0439825797803537
2018-03-18,-1.2835791437724,1.34722116090673,-0.636856903224415,1.08734516867434
2018-03-19,-4.77022867097051,2.51207812257437,0.866196674447738,-0.329983780443886
2018-03-20,-1.95513139005858,1.23370366739496,0.35130161817733,-0.188477041803615
2018-03-26,-1.56781918496337,1.05455510385226,0.107603846825345,-0.243231274774809
2018-03-27,-1.2933995755222,0.889552661208965,-0.0185255182958341,-0.161644197730261
2018-03-30,-1.69845762632148,1.21019445561117,-0.214576746312461,-0.140675599729477
2018-04-03,-1.54775345175454,1.13771706005297,-0.270165681312632,0.087224505155195
2018-04-06,-1.71845614870786,1.22630264959156,-0.187904755856313,-0.141242301179597
2018-04-07,-1.66005368716621,1.16015507256278,-0.128961849219346,-0.0896359565895817
2018-04-08,-2.13605027049855,1.37936764606868,0.285340467900125,-0.312311764848817
2018-04-10,-1.6487180638165,1.09301448053435,0.174770604310877,-0.203533176620049
2018-04-12,-1.33080069420933,1.0291117712941,-0.37056796584428,0.403089756888185
2018-04-13,-1.68813434249305,1.13731117150026,0.112079813464016,-0.284519835348147
2018-04-14,-1.13252198236833,0.732931051597887,0.190645574619528,0.0977590020511028
2018-04-16,-1.83514143142804,1.23102554079036,0.142266132295868,-0.317409073889475
2018-04-17,-1.06844740321753,0.703721772647754,0.201977003502468,-0.00345638259713565
2018-04-18,-1.49919526583133,0.997912068624129,0.151336972118567,-0.211948408826942
2018-04-19,-1.06071651695501,0.879367214365897,-0.54699696716991,1.06478097600388
2018-04-20,-0.688394992496204,0.79221135902985,-1.27548222293154,3.05164734940686
2018-04-21,-1.20054542525955,0.874438626905828,-0.162878755648365,0.352467901567684
2018-04-23,-1.09961412522848,0.806126785101422,-0.244241421282575,0.345951991602736
2018-04-24,-1.07078542554725,0.720257819089615,0.102966999636055,-0.141441032448538
2018-04-28,-1.4162965160738,1.08041708049771,-0.362566810087352,0.210002059114391
2018-04-30,-1.46808326510063,0.988353928227988,0.102478466345666,-0.224198791428953
2018-05-02,-1.27064371856792,1.14895506845958,-0.634031748176725,0.740221592597824
2018-05-03,-1.0190458399625,1.03333702386021,-0.809790466229898,1.3718071693046
2018-05-05,-1.17880277313791,1.02726672822715,-0.659189638279173,0.864932230054542
2018-05-07,-1.33370037598067,0.886983216125338,0.154924942589315,-0.173079577880059
2018-05-08,-1.10295498656412,0.748793263817802,0.0751672042022233,-0.0345569119788269
2018-05-10,-1.40145141214485,0.925519052344178,0.18956116832751,-0.166011953311347
2018-05-17,-0.879768211685938,0.741684316641418,-0.50864301301869,1.3659713164395
2018-05-18,-1.17035390422317,0.775562243201758,0.179143228706834,-0.131121621101324
2018-05-21,-0.614599121569049,0.484793816864914,-0.232841727603325,1.61660304389385
2018-05-22,-0.87576275327251,0.582692024297002,0.297894775463893,0.154266930183811
2018-05-24,-1.40360442671482,0.999838478313587,-0.64650874776616,0.362494381810762
2018-05-25,-0.944650166437786,0.751372372347934,-0.768700164934926,1.49086929994638
2018-05-26,-0.997842806137488,0.657115161515246,-0.235460612242035,0.328939261756296
2018-05-28,-0.583759325807816,0.632467868184696,-1.24757088204668,3.8116367663441
2018-05-29,-0.6761244522889,0.760107063408957,-1.06438227432608,3.02597002376384
2018-06-01,-1.07642247130984,0.715326948241581,0.169496476894971,-0.0953094969793562
2018-06-04,-0.863060055846686,0.585917225580559,0.0492113281292548,-0.101126289601538
2018-06-08,-0.90866951658812,0.618967229611765,0.0401889810258762,-0.123575803453297
2018-06-19,-0.841959675617564,0.587503864152421,-0.0343260957987489,0.0726006207327332
2018-06-20,-0.691149928489487,0.478804715783837,-0.0430030253563779,-0.0593264256529742
2018-06-21,-0.758024962437073,0.51434105759534,0.0869174640771618,-0.0946555850180846
2018-06-22,-0.871103221664312,0.588206082286514,0.0978878751238384,-0.097342746937509
2018-06-23,-0.854070734595496,0.580079082176873,0.0650387653484405,-0.115580565470846
2018-06-26,-0.72572220652729,0.503321262404476,-0.058279273823822,-0.0291318214616685
2018-06-27,-0.982525569286963,0.670547454334696,0.0450900237146,-0.0994115442200254
2018-06-30,-0.831716888973365,0.588598314529413,-0.0690527656584357,0.159350857030596
2018-07-07,-0.760678964100949,0.471373846997037,0.0545239046114572,0.24648328871688
2018-07-13,-0.900476490846528,0.609359737389262,0.0861786017455444,-0.117759614970383
2018-07-19,-1.42425746120754,0.921088168051461,0.284794879599632,-0.1185593311978
2018-07-21,-0.798517310098858,0.744544087083828,-0.982060850982761,2.07916672438921
2018-07-22,-0.946985784072424,0.676543170387168,-0.259451258020302,0.0900741551796527
2018-07-24,-0.781410968428908,0.530632133028803,0.0836405804721035,-0.101867607091925
2018-07-25,-0.642037696450358,0.430157354912782,0.133104572707056,-0.455813704138216
2018-07-27,-1.01098594449397,0.694996499806833,-0.0101352559638251,-0.0999981391170484
2018-07-29,-0.899416841581402,0.600785990833314,0.16581925325879,-0.0927095292443001
2018-08-01,-0.872457505190332,0.600403854600655,-0.0103959062342184,-0.120496226261227
2018-08-02,-0.987463610623575,0.658858200129043,0.162276823676512,-0.108282243995447
2018-08-03,-0.869258437189994,0.579784197884104,0.180467874749616,-0.0795148030730126
2018-08-09,-1.09079731217582,0.724082657725803,0.186175880254607,-0.0844949538928712
2018-08-10,-1.04759034749069,0.691334358082956,0.219098332032956,-0.0850561364488884
2018-08-11,-1.23317023274615,0.849947283368445,-0.0409250038490617,-0.12644790837881
2018-08-13,-1.28881756577392,0.867318773377967,0.10681065041469,-0.175447968629402
2018-08-15,-1.39805001013163,0.916848798885045,0.230837719917424,-0.075951922064899
2018-08-16,-1.2698071113327,0.84445113890211,0.163822925289185,-0.156580120965723
2018-08-18,-1.09635164247702,0.71924097276491,0.246499569903226,-0.0762239683893307
2018-08-19,-1.35807601339268,0.90644131448642,0.148066887964366,-0.15705122083744
2018-08-20,-1.14868411026056,0.774720396729014,0.0955037685284928,-0.156616065528672
2018-08-23,-1.33234496646488,0.855608144397695,0.329219663308804,0.00445898021628421
2018-08-25,-0.874888864108743,0.709127806731801,-0.565794188987054,1.43218598199316
2018-08-26,-1.41709743179686,0.947500038209799,0.11658720694659,-0.179481337267177
2018-09-05,-0.952160747699948,0.62509853832247,0.253027570905704,-0.02916179070125
2018-09-19,-0.763969720975596,0.51968601390129,0.0875563456110677,-0.0984341964771618
2018-09-20,-0.490174797635733,0.332948258712919,0.222955791847121,0.0123208773998829
2018-09-22,-0.66222888129543,0.456808396406883,0.0174004589441603,-0.0838209656841058
2018-09-23,-0.571508600486128,0.393212267318292,0.079334449504253,-0.0374014774677067
2018-09-24,-0.543814011475252,0.379026466652058,0.000578513276282183,-0.00185352626650648
2018-09-25,-0.476138165232593,0.330899697236379,0.0535645587758047,-0.04843454157623
2018-09-26,-0.503101344882958,0.351726519450276,-0.0143312734961894,-0.0693403803388488
2018-09-27,-0.52762671165418,0.477960183342539,-0.793073725075428,1.5837093721295
2018-09-28,-0.579396841660282,0.429797632850857,-0.413332786805783,0.563813518968838
2018-10-01,-0.651055798472543,0.45750089007876,-0.0917000829150599,0.0534829780432067
2018-10-03,-0.721274136711603,0.542263248705718,-0.712600855027592,1.32524773531598
2018-10-04,-0.707223509863888,0.498584856362662,-0.150218269180242,-0.0298222404940831
2018-10-06,-0.414251271686029,0.2955611093378,-0.0744963999196729,0.0847699873647167
2018-10-07,-0.601050720805518,0.419998251152173,-0.0598224866416853,-0.0596187150632219
2018-10-08,-0.586596290926025,0.411835578963531,-0.0548676022158064,0.0486331713899566
2018-10-09,-0.573308250782229,0.390955192750281,0.146437680611674,-0.0506888961915375
2018-10-11,-1.05229327876786,0.700226361284571,0.183567635003747,-0.109221869871258
2018-10-17,-0.596255941987058,0.454298238987834,-0.195208344160589,0.765953867561972
2018-10-19,-0.598172631287885,0.408635134974891,0.124120158365695,-0.0549239842518832
2018-10-21,-0.498404254854841,0.394223632546003,-0.604278258918923,1.62929101227943
2018-10-22,-0.389880435990926,0.27854078868691,-0.0710659506649909,0.00623210811267416
2018-10-23,-0.451153422156885,0.316455166217093,-0.0175418866525545,0.16029356235272
2018-10-25,-0.47698695022467,0.343462332411856,-0.258996739071594,0.167047726669977
2018-10-26,-0.368966780662128,0.259982319224789,0.0701664523948683,-0.0449363179151732
2018-10-31,-0.44807568769944,0.319546986036586,-0.142173162954876,-0.039676453746269
2018-11-07,-0.509569659344149,0.346659942040726,0.229368248117215,0.0145690876278635
2018-11-12,-0.419199521276922,0.290959416818811,0.14455020770479,-0.0279461404892478
2018-11-16,-1.60321616267882,1.08513067371274,0.101415337642922,-0.263002830290903
2018-11-20,-3.34268618748124,2.15466167279163,0.443789022482241,-0.595290962874346
2018-11-21,-2.5931445070249,1.66559494049512,0.342930097934827,-0.421834178850143
2018-11-23,-2.82307070360214,1.83494406494034,0.34827742997495,-0.511201568825334
2018-11-24,-2.06203769313446,1.36849337653919,0.208579979495278,-0.352091042317078
2018-11-26,-3.74279585148438,2.34534696734459,0.543120430215583,-0.587697467305916
2018-11-27,-2.33142177272,1.52677225563586,0.243457645932783,-0.416315572937912
2018-11-28,-1.51050772032582,1.24002098879091,-0.3986334669705,0.224081043066661
2018-12-04,-1.5484620570438,1.03686288271611,0.144644800185554,-0.228058372870268
2018-12-11,-1.6311970823046,1.08968121706431,0.138361909104618,-0.227780888076205
2018-12-12,-1.70604109885382,1.12876141155294,0.195136645287766,-0.23854879364077
2018-12-19,-1.49344701708801,1.01242820444231,0.0891415135607425,-0.236147421502497
2018-12-20,-1.52048123570105,0.983653095007329,0.289658669451426,-0.146657211068056
2018-12-21,-1.49273929530059,1.00385359141862,0.123306284920918,-0.222058717894375
2018-12-22,-1.5076020998095,1.05225244377569,-0.0372580395967762,-0.228515097661126
2018-12-23,-1.62060280795389,1.10098626040503,0.0884455758525957,-0.273970041217046
2018-12-24,-1.73278050124309,1.22738705859735,-0.210514772203705,-0.257125887052275
2018-12-25,-1.63369402515959,1.26020081691944,-0.244397631845837,-0.01176102999972
2018-12-26,-1.75715193087545,1.3474469739922,-0.187090037890563,-0.181016707319193
2018-12-27,-1.70307914366198,1.14956883135698,0.120490772115235,-0.283354426732803
2018-12-29,-1.53693980906641,1.14107752846526,-0.365904546830304,0.0723652467278173
2018-12-30,-1.58115359904279,1.06637088778038,0.115656196990334,-0.250353706600884
2019-01-01,-1.62042238188217,1.09323623279283,0.117894190326724,-0.261008167883473
2019-01-02,-1.37458946164527,1.05312475692334,-0.256013870903734,0.138249392184935
2019-01-06,-0.848112854301506,0.703996528267655,-0.529919277617744,1.03521591074431
2019-01-07,-1.04688044597688,0.825738610882538,-0.713692684984614,0.877450201360314
2019-01-08,-0.919799859702883,0.656101227987505,-0.115666233234673,0.168574582368953
2019-01-09,-0.882920322478683,0.671926963041011,-0.435170601984646,0.71552548034655
2019-01-11,-1.2573057196046,0.851519909453712,0.0879266972572266,-0.178626217448775
2019-01-13,-1.18305708696189,0.802903739407104,0.0781363610817226,-0.166180982706164
2019-01-14,-1.48401921034734,0.998038873644078,0.12473527445249,-0.219797597728611
2019-01-15,-0.746209627678391,0.506540667286873,0.129974583872944,-0.0829290829852494
2019-01-17,-0.988941101694526,0.666776550586277,0.124982473332914,-0.12167436666656
2019-01-18,-0.69934060362133,0.486542645316525,-0.0249799135089561,-0.0373618528588779
2019-01-22,-0.790954335800868,0.557085355017369,-0.110713027077262,0.029205027692397
2019-01-26,-0.738424889580842,0.515036831692185,-0.505006480936194,0.649522749012009
2019-01-29,-0.812080234877573,0.557616081832827,0.0385918841433761,-0.111977947571391
2019-01-30,-0.764260929046621,0.576812353687175,-0.782427899839834,1.31481923342438
2019-02-13,-0.814213853161976,0.544667518139962,0.167272299791716,0.0164662756583276
2019-02-15,-0.468524764392707,0.397436920610093,-0.738919120623607,2.35812337536045
2019-02-19,-0.864428680014454,0.592158675070513,0.0485025884359899,-0.118697186228732
2019-03-07,-0.455814096690961,0.332736828036464,-0.336963388599409,0.57447285246027
2019-03-18,-0.37771549584644,0.385572919956656,-1.53824432065753,5.58796216880455
2019-03-19,-0.472837559963824,0.334107705832935,-0.0399279256863599,-0.0423932535294056
2019-03-20,-0.523608379504849,0.368017056445265,-0.0291545884987582,-0.0702902136796824
2019-03-21,-0.310324277755781,0.22162435620019,0.0974192438048516,-0.00870736757408563
2019-03-26,-0.35396566210891,0.25113606020797,0.0649198238861651,-0.0212986177348666
2019-03-27,-0.422733101679525,0.299154360658568,-0.00617198405447394,-0.0316428417853105
2019-03-28,-0.384241568714291,0.277201675735951,-0.124189014611778,0.378389870292515
2019-04-02,-0.627773374080231,0.456914465175013,-0.0780290134523171,0.338682016267748
2019-04-04,-1.08730105676945,0.771819824592629,-0.237137276636292,0.0213681271896373
2019-04-05,-1.02573212102775,0.697968028528814,0.070770370497947,-0.140506807769614
2019-04-07,-0.973536530957404,0.682845478615361,-0.102803474336047,-0.0609601905829589
2019-04-09,-0.815459873921464,0.578490879122677,-0.163519803324764,0.0502319834401095
2019-04-19,-0.444644991489162,0.309003483796627,0.116873387269886,-0.0428990499149879
2019-04-22,-0.423721368973965,0.294327742735883,0.14864853705291,-0.0259668483042574
2019-04-23,-0.591920029011625,0.412898114353523,-0.00749926078608462,-0.0539124871899777
2019-04-26,-0.51704172368278,0.38458025618736,-0.0914824748166317,0.534127634671795
2019-04-30,-0.586615884619056,0.454992968049162,-0.445040238349494,1.12689413569995
2019-05-05,-0.70469619576548,0.512142082359214,-0.258954657263453,0.42800262239783
2019-05-07,-0.86724259941915,0.612776242859241,-0.496963322743586,0.613750318554933
2019-05-09,-0.6806688812812,0.613483206024993,-1.07797709772083,2.64661279926987
2019-05-12,-1.19515106195481,1.04621423292742,-0.688177711182811,0.904175820662825
2019-05-13,-2.02720212885898,1.36836408638552,0.15299939295415,-0.378819793295144
2019-05-14,-2.16893150652007,1.45021597867974,0.198465428552519,-0.402296481815847
2019-05-15,-1.61728957024717,1.2174208178272,-0.218753019943346,0.113871699716421
2019-05-16,-1.94078196046579,1.32496808896438,0.101611172179455,-0.35916427656534
2019-05-17,-2.026804961551,1.33520504196061,0.227776173923736,-0.32366833109121
2019-05-18,-2.13717946192689,1.41334908515483,0.225571324919589,-0.365554223855137
2019-05-19,-2.21567461026324,1.48024090612405,0.206285942148522,-0.41460351098823
2019-05-20,-2.25366755775148,1.48794942750566,0.241966455302947,-0.396011916269645
2019-05-22,-1.43931985805307,1.09449192632142,-0.256746662564637,0.23811586317628
2019-05-26,-1.6525798829953,1.11136681087281,0.130062920952476,-0.26475505716372
2019-05-27,-1.86286338991545,1.24973175653887,0.154482165064976,-0.316838302343315
2019-05-28,-1.69057837224744,1.16105116236306,0.0498002100220494,-0.289011345307043
2019-05-29,-1.51557562824438,1.03254364576719,0.0709082018576661,-0.0918502052217325
2019-06-17,-1.34777086103635,0.911358736255135,0.0891551496592621,-0.198973203259768
2019-06-18,-1.52347603148196,1.02839947601641,0.103688172399292,-0.238871079495922
2019-06-19,-1.20906838135275,0.806216837093929,0.156975506141794,-0.145717910448723
2019-06-21,-1.75385989164231,1.18435863216106,0.116855522860123,-0.303727247892733
2019-06-22,-1.81313935112811,1.22446990059042,0.124527413947518,-0.219037285168526
2019-06-23,-1.95280310081547,1.31544945240623,0.146506870886806,-0.358280196675624
2019-06-24,-1.36970262074346,0.903075499148171,0.212914868425883,-0.106210933099851
2019-06-25,-1.62166823772441,1.08422512844445,0.145787699005248,-0.246500986108195
2019-06-26,-2.31613430806306,1.5398206539539,0.2269124971409,-0.430672502532549
2019-06-28,-2.14925553640721,1.42377550089381,0.21848831662451,-0.376465256673045
2019-06-29,-2.18691240642545,1.45593675609599,0.208863102686443,-0.400018976782436
2019-06-30,-1.66020658327958,1.10911908364801,0.151053392731025,-0.256054504861666
2019-07-01,-1.77388250879745,1.19671253572943,0.124426013283722,-0.306959895286285
2019-07-02,-1.80704830554204,1.19110834104854,0.220556807789528,-0.268849173547975
2019-07-03,-1.93330623287701,1.30546702489126,0.140609310879992,-0.326353216018792
2019-07-04,-2.15426752881828,1.43145189915173,0.211173919608713,-0.383701812981441
2019-07-11,-1.95804013824368,1.29572814483387,0.204975639730257,-0.31452230234972
2019-07-12,-2.29133715515233,1.52232863662378,0.227356191680082,-0.425417377736468
2019-07-14,-1.9230535379237,1.26350452453504,0.225709689187718,-0.290310988531589
2019-07-15,-2.33225527677079,1.54773144386989,0.235583440624554,-0.434286877634684
2019-07-16,-2.27706706499163,1.51962951475786,0.214028220443753,-0.432460155131214
2019-07-17,-2.25920742238082,1.50044241201616,0.225209908183017,-0.395656318365168
2019-07-18,-2.18141412462044,1.41141353148373,0.286665656456305,-0.326994095653228
2019-07-20,-1.94062530679408,1.3088561403799,0.137226611412795,-0.342519289608446
2019-07-21,-1.94196430800222,1.31581742807042,0.1223745851871,-0.352057698088925
2019-07-22,-1.86042736802022,1.25455098643042,0.130094105278238,-0.323217408472844
2019-07-23,-1.80468989596888,1.25064903261142,0.0418528535503793,-0.242417274969533
2019-07-24,-1.90393796166736,1.27597435078173,0.157791906124992,-0.328766519016366
2019-07-25,-1.87839274439817,1.2555572404456,0.164385622180639,-0.317701364827473
2019-07-27,-1.56020377269263,1.05327659019009,0.103844090905839,-0.230891720624428
2019-07-29,-1.5814623492926,1.06778881885911,0.102754853597603,-0.251967005666784
2019-07-30,-1.52925841184837,1.03145708502753,0.103248051146226,-0.237780568538205
2019-07-31,-1.50901535956371,1.02010481296537,0.0911780987850723,-0.228760908612789
2019-08-01,-1.67621205454407,1.11763777849758,0.158335765970022,-0.254789117593863
2019-08-05,-1.74608989198395,1.21598186906181,-0.00762828328091484,-0.20251939092265
2019-08-06,-1.89304507516677,1.26982987484173,0.152851136300975,-0.331458307068566
2019-08-07,-1.71381505698574,1.17348899553031,0.088375557966414,-0.201321797470811
2019-08-08,-1.71900893804275,1.17782297469565,0.0180228981877271,-0.251510566796026
2019-08-12,-1.58316664309062,1.08131992660237,0.0501478765406468,-0.256284804514244
2019-08-13,-1.65075461257649,1.1187305801353,0.0892170336145078,-0.272314536034158
2019-08-14,-1.50196028538425,0.993630686160554,0.181934818255225,-0.195808572731234
2019-08-15,-1.96405670615199,1.30487437558721,0.188552883760435,-0.331500530320795
2019-08-16,-1.9199231794651,1.27264073341053,0.19154000489276,-0.31376033679817
2019-08-17,-1.70979536286954,1.12967831905183,0.190145972160821,-0.248417498681154
2019-08-18,-1.61586257253962,1.09241947517659,0.007646703504125,-0.21022368332382
2019-08-21,-1.53741435075888,1.01275998069279,0.200861693377698,-0.189888040093769
2019-08-23,-1.42997609619072,0.983710482733095,0.00420693626083755,-0.222604754998605
2019-08-24,-1.44733475097024,0.989576803056024,0.0336268077739851,-0.225932272523427
2019-08-25,-1.50259438792768,1.02631459762641,0.0433234276999585,-0.244602057406302
2019-08-27,-1.86024419688039,1.26769124882529,0.0933653988747493,-0.351854805093772
2019-09-04,-1.07393747295701,0.722182087195849,0.0571910540995106,-0.133921304631515
2019-09-05,-1.02070263089871,0.692244497997261,0.0648633626849124,-0.135419242257551
2019-09-18,-0.827853186483893,0.564733478849007,0.0419302703826571,-0.0942563414125748
2019-09-21,-0.853092430070873,0.583192321835694,0.0233280804231719,-0.118779434186208
2019-09-22,-0.897135387649033,0.617768596032548,-0.0260457710363275,-0.101785586793992
2019-09-23,-1.05306290758976,0.729062844431189,-0.0556999221170205,-0.118259235416717
2019-09-24,-1.40808915952907,0.936088640176108,0.157824120292324,-0.185620568803489
2019-09-26,-1.5209338452046,1.00862643331829,0.168512308483559,-0.208651880594458
2019-09-29,-1.49471200912011,1.02806845479199,0.00647096166281819,-0.241510027111174
2019-10-01,-1.41112648576526,0.953881300913847,0.0793963638888145,-0.217200003963252
2019-10-16,-0.963044064742075,0.695835727251162,-0.0528195178754946,0.418431806811273
2019-10-18,-0.79557355951727,0.546343640137563,-0.020155228997915,-0.104583089042381
2019-10-19,-0.665280165960967,0.455427273247795,0.0180398877866654,-0.0918960564087863
2019-10-21,-0.79784791702544,0.548928260358947,-0.0314833909809855,-0.10343957730665
2019-10-22,-0.636673049393214,0.438217411011611,-0.0154452290007893,-0.0355543562007345
2019-10-23,-0.969344882642534,0.64773933193921,0.136384723554444,-0.109750713943037
2019-10-26,-1.6582774701925,1.09858342087753,0.172784390366044,-0.243383907994094
2019-10-30,-1.07221194924349,0.715487353472796,0.134596452424559,-0.121068512747303
2019-11-05,-1.07199503742764,0.7270523876143,0.0409364001827805,-0.150118250049866
2019-11-24,-0.782752498924468,0.515988274398059,0.240648139064426,-0.017735852802661
2019-11-25,-1.76708800279367,1.2018317794516,0.0801278681662357,-0.319734836990127
2019-11-26,-1.06421793070058,0.707337484994993,0.15490309961812,-0.123921185081488
2019-12-18,-1.11716073164134,0.748576941573044,0.106553896454474,-0.147933511934769
2019-12-20,-0.80274915050593,0.560217875399394,-0.133210105987386,-0.0418961202305086
2019-12-22,-0.488344856291187,0.334632259812086,0.0581464421194089,-0.0647521824513557
2019-12-24,-0.808181993090707,0.55440732279703,-0.0214598093211614,-0.0902173180194517
2020-01-01,-0.551288427269107,0.442452207056451,-0.404477448806497,1.6159703443453
2020-01-26,-0.683337071953486,0.474328910075608,-0.0512515795474692,0.0736015611866043
2020-01-28,-0.728342725383144,0.488407332044958,0.138272120232673,-0.0763420453087162
2020-02-13,-0.625574739971087,0.518842115463435,-0.625479171736833,1.90757770578782
2020-02-19,-0.789714721509679,0.525030428392319,0.163725889115166,0.314225227373408
2020-02-26,-0.749852739883281,0.480932662162588,0.201809576334488,0.257086359154876
2020-03-02,-0.820244190459729,0.532412536997762,0.295544555350071,0.00621553793018848
2020-03-05,-0.634400868976957,0.431313215475257,0.0556531004892455,0.424958573164868
2020-03-06,-0.687409428465474,0.444955564398693,0.285443158890752,0.0244841863147469
2020-03-13,-4.12948934512707,2.44620369954587,0.655258403130177,-0.522983411821593
2020-03-15,-4.47051884793163,2.69439205828376,0.693373753320876,-0.534921630474815
2020-03-16,-4.91138188710667,2.84474186948895,0.769499153552485,-0.384673628208561
2020-03-17,-4.37492721142261,2.66612197462286,0.669972201656679,-0.555241929709667
2020-03-18,-3.60712174405274,2.2523438239626,0.516989161067025,-0.577437187938689
2020-03-19,-3.55956748106431,2.33566657639297,0.459927333494443,-0.662405145465069
2020-03-24,-1.30155798290261,1.39299781784487,-0.470301468784506,0.783626592912304
2020-03-25,-2.68467567401247,1.69556024602854,0.324739740751836,-0.418866372424353
2020-04-15,-1.36964107049738,1.22441855677269,-0.682244696586964,0.600205609516729
2020-04-20,-1.05612312266591,0.694110015937017,0.142493751543088,-0.117083200152582
2020-04-27,-1.31096541364515,0.90734075022121,-0.104276499569625,-0.128961076379216
2020-04-30,-1.12513445072726,1.05528179534734,-0.767552102636076,1.16994841898981
2020-05-01,-1.0722411750457,1.0191075756194,-0.93873046854687,1.37633962646583
2020-05-02,-1.16130482723365,1.03539822104213,-0.86076499752884,1.08104391789952
2020-05-04,-1.06568819137526,1.06428875695067,-0.980363642983791,1.40725817565443
2020-05-05,-1.06147086931508,1.05593095999765,-0.979031097412407,1.41597577911654
2020-05-06,-1.61677477405894,1.22908796810934,-0.493907820174539,0.120168595421546
2020-05-10,-1.38263555108953,1.32575222241164,-0.68810956767385,0.631281336140528
2020-05-25,-0.835658382117068,0.872002346870312,-1.12581604625302,2.47973739669497
2020-05-26,-1.57077302789184,1.18815272865451,-0.452166479532217,0.225247359541919
2020-06-17,-1.1400082308817,0.786319063297064,-0.205674603200318,-0.00844504609351926
2020-06-19,-1.27437185183397,0.876352472194621,-0.080448615758948,-0.163686193717349
2020-06-20,-0.950592373479872,0.789946584355087,-0.844330888352462,1.41999189175117
2020-06-21,-1.12219709378672,0.811994396669796,-0.586964563688072,0.672674009176362
2020-06-22,-0.941598546532377,0.761079363033109,-0.814446299349559,1.43424670950395
2020-06-23,-0.923976411601176,0.606109711757033,0.156013904143758,-0.086786632876378
2020-07-21,-0.690022934452438,0.563003252283834,-0.825426179253646,2.09722236650043
2020-07-22,-0.703523923018771,0.524672681493093,-0.619616760342507,1.52603081615207
2020-07-23,-0.686804665209773,0.593359671024307,-0.988117842870347,2.46088399426055
2020-07-26,-1.11445246605214,0.747816509935917,0.0281356064824842,-0.161445385820524
2020-07-29,-0.992263291378423,0.765407560697655,-0.636650282154175,1.01568715310573
2020-07-30,-0.96274265051471,0.749080107729193,-0.827920703154484,1.30991514158756
2020-07-31,-0.880792226817936,0.697074574569473,-0.806719099118996,1.46806485489968
2020-08-04,-1.30419306545229,0.866642035848862,0.0923839664337605,-0.188256727927052
2020-08-07,-0.863641278455614,0.775321765561112,-1.11591614637477,2.21954184046407
2020-08-12,-1.36412838964533,0.970376077669742,-0.535569887591408,0.382220177130825
2020-08-14,-0.770480509778837,0.754665124829674,-1.38407410072693,3.04274064428392
2020-08-16,-0.99863379203136,0.95111319201269,-1.05730728871349,1.7057462990851
2020-08-18,-0.943841409422895,0.96886968710624,-1.13449652714463,1.91971835219427
2020-08-19,-0.72752989134369,0.813861664341554,-1.33570264441305,3.13988430707164
2020-08-20,-1.00350803791581,0.794458661136952,-0.780865023175307,1.21985827318053
2020-08-24,-1.07912546802589,0.812988241728185,-0.625836291779746,0.879106922893075
2020-08-25,-1.0869722019708,0.825613806588398,-0.826196086814203,1.12400021979927
2020-08-26,-0.607496057610323,0.670581411775623,-1.61069592512507,4.38842971049951
2020-09-09,-1.36871184406855,0.9155095313534,0.0659427387806884,-0.209164778417207
2020-09-12,-0.942639978832717,0.631733542259608,0.0216759432925898,-0.132875021024828
2020-09-15,-0.972795832847736,0.709833215563175,-0.567292422195849,0.848008508347158
2020-09-19,-0.769989980748963,0.533315316834679,-0.185241050157375,0.202855103578211
2020-09-22,-0.849585771839166,0.56892247599277,0.0195106822325054,-0.119371918558955
2020-10-12,-0.933989236594384,0.663226014230611,-0.533831406515847,0.76784549940489
2020-10-16,-0.751520954074788,0.566200859520983,-0.775456834396382,1.51421522618722
2020-10-17,-0.629528028746504,0.469207581405646,-0.382228057475277,1.09153585411731
2020-10-25,-0.676990358042302,0.496570794676287,-0.817442719733634,1.80609731371082
2020-10-26,-0.602413888426495,0.513263459395085,-1.22722962231117,3.27462536535944
2020-10-27,-0.966859953085817,0.667552852200017,-0.162097476537995,-0.00177301316978618
2020-10-28,-0.710265405661715,0.669133266174168,-1.38047619365896,3.25799099846654
2020-10-31,-0.910933190703464,0.685956821194845,-0.735581634486825,1.21250343141847
2020-11-01,-0.925924376695291,0.679494479429003,-0.627795706000196,0.966486981537293
2020-11-02,-1.04927308871734,0.754397263805547,-0.588511534129591,0.747120694959223
2020-11-03,-1.01302057253273,0.74265098007642,-0.643485008787229,0.889329345303487
2020-11-05,-0.538287294929336,0.617289213340809,-1.60385963149026,4.90253229684801
2020-11-06,-0.598352249209955,0.634780967758576,-1.44832593254243,4.28370721193839
2020-11-10,-0.572313412506545,0.619307858566327,-1.52837673298677,4.51417583178319
2020-11-12,-0.625312763493814,0.617529375620109,-1.45660235323359,3.97844423825806
2020-11-13,-0.631178611103359,0.635784511806816,-1.41141869809775,3.87565392898674
2020-11-20,-1.03990497604373,0.714889756481779,-0.0910686977799177,0.0851896567495891
2020-11-21,-1.22143571974157,0.896246299350113,-0.404953069518231,0.488263722023072
2020-11-22,-1.12181778643455,0.858542790919413,-0.445161216559102,0.72591858217223
2020-12-20,-1.91412921252497,1.2504292366256,0.208293240880925,-0.298348116392977
2020-12-21,-1.94924069871065,1.27760942572725,0.200528355017348,-0.315744677884487
2020-12-22,-1.74783111798534,1.13951597264325,0.203443746713954,-0.250354971378675
2020-12-27,-2.08759066540748,1.37673343470637,0.196159642503045,-0.369428415218161
2020-12-28,-1.92002109190959,1.26717793751119,0.175043969122923,-0.323834725732863
2020-12-29,-2.03572908151237,1.34606249867131,0.18206038403104,-0.36100274975242
2020-12-30,-1.96762268088634,1.29988050224743,0.176490927312944,-0.3397934677433
2021-01-02,-2.05897584237022,1.36451875592135,0.177611716880394,-0.372171156980381
2021-01-03,-2.4910819218757,1.63776856981178,0.259224369771944,-0.474435557745601
2021-01-04,-2.91430823698095,1.89437911577842,0.348579585565478,-0.549218815293362
2021-01-05,-2.78539922208004,1.81229464813671,0.325880945984322,-0.522339745456025
2021-01-06,-3.11594089268362,2.01091195793717,0.393838224094006,-0.572885148864625
2021-01-08,-3.57715484772506,2.27849498879721,0.491775499249572,-0.611683142622107
2021-01-10,-3.70025017235026,2.34670790599103,0.518386971244211,-0.614012491868304
2021-01-11,-3.92387791120578,2.45327126171929,0.571933541221008,-0.602084564314886
2021-01-12,-4.2821053079171,2.63174912657157,0.648248094588304,-0.571921404514744
2021-01-13,-4.05736607944365,2.52078007362825,0.600936134500635,-0.594304296792667
2021-01-14,-4.40925082322487,2.68239309074315,0.676666565310539,-0.549926854415292
2021-01-15,-4.47193322948391,2.71139425847229,0.688977956884404,-0.538504100279213
2021-01-16,-4.39234149071232,2.68074431210755,0.671605818619115,-0.554391960506701
2021-01-17,-4.21362504341502,2.59969599530008,0.633676721086791,-0.58072995392544
2021-01-18,-3.98891240098779,2.49293136669331,0.583991654355819,-0.602451353124271
2021-01-19,-3.91084309133672,2.45267717558299,0.567024550034051,-0.606338720871017
2021-01-20,-3.56693545480838,2.27542129863261,0.487853555299571,-0.612994412529838
2021-01-21,-3.37529561238056,2.16378951774996,0.447981721387412,-0.60034630016643
2021-01-22,-3.33662973961955,2.16496201359277,0.425652712493277,-0.618471610398074
2021-01-23,-2.99253094302595,1.94009520142325,0.365608316821374,-0.559064606536646
2021-01-24,-2.9730784028413,1.92656872551646,0.363289102986559,-0.554187993921186
2021-01-25,-3.15874330492129,2.05294747735852,0.390926746407613,-0.595518924984337
2021-01-29,-3.27669492663743,2.12790319336429,0.413455969656851,-0.612188219282084
2021-01-30,-3.05508829845931,1.97747857991971,0.37891978734875,-0.568306036572074
2021-01-31,-3.00735474465134,1.9488415978531,0.369015105019154,-0.561557968386644
2021-02-01,-2.89794805129782,1.88353447122242,0.345896510821713,-0.545510910501161
2021-02-02,-2.68025409389557,1.7547943272081,0.297245903349177,-0.512757501356576
2021-02-09,-3.07139361926478,1.99880677774635,0.37366336378536,-0.583827654217897
2021-02-12,-2.26964106490108,1.6659415203689,-0.0828781446040921,-0.433122749895716
2021-02-13,-2.24316488837642,1.64808725890458,-0.101977382085904,-0.431932431260597
2021-02-14,-2.45316282167123,1.73007785745881,-0.000114437738365958,-0.610260901552301
2021-02-16,-2.55668852234362,1.78188700112203,0.121031683417108,-0.65063211476741
2021-02-22,-1.75990396866869,1.44939080260386,-0.349831172896827,0.00638167253301392
2021-02-23,-2.47911181562102,1.75270672437798,0.105349106632289,-0.534961591869306
2021-02-24,-2.52238494120037,1.65827354316096,0.263548390306078,-0.483200148213612
2021-02-25,-1.99071652269631,1.45117751644694,-0.177652005691442,-0.299209309982262
2021-02-26,-1.84010733662569,1.39921126868046,-0.0646349830748241,-0.186681780121559
2021-03-02,-2.3152497700765,1.52951363804891,0.220909749811971,-0.438452518295545
2021-03-07,-1.85420246303621,1.36437642009129,-0.129138257490519,-0.143121675069996
2021-03-16,-1.98904164857651,1.45361217484246,-0.114883426153266,-0.236533966889569
2021-03-19,-1.91078232885928,1.2977197444883,0.073837431296207,-0.367007508954675
2021-03-20,-1.62471699526475,1.08313699793413,0.107171478556843,-0.252635693342973
2021-03-21,-1.57576957666149,1.04510262255731,0.121297491822499,-0.240932847567827
2021-03-23,-1.62707692338806,1.07825579452467,0.128540861036722,-0.256051095162406
2021-04-18,-2.28335946599228,1.50216348938402,0.227138634097648,-0.419584058077622
2021-04-20,-2.22819635151511,1.46707856661685,0.217722160880266,-0.406015293517028
2021-04-23,-2.13416140967658,1.430733331758,0.151905949302338,-0.417091106751537
2021-04-24,-1.7805985365433,1.19311100820989,0.100671325233098,-0.295397816693637
2021-04-25,-2.01257459849584,1.32993598607729,0.180041746089635,-0.353737490681822
2021-04-26,-1.83381792216991,1.22471006199465,0.121803928652465,-0.323617884527843
2021-04-27,-2.08727240139038,1.38985693242043,0.166172931454472,-0.393698475867147
2021-04-28,-1.59714355425452,1.05934537425539,0.123916661529944,-0.226271109133075
2021-05-04,-1.39692221033564,0.995258695415457,-0.280048640652721,0.0869244994310283
2021-05-05,-1.39443246776865,1.0676554240076,-0.514517545190638,0.328197050017353
2021-05-06,-1.26535572106092,0.975038140615778,-0.495968314619029,0.467441747416962
2021-05-17,-3.05092295297881,1.96042140058124,0.388979271726676,-0.550655942379135
2021-05-18,-2.87889783156475,1.8740644601677,0.33983296514723,-0.54549619933868
2021-05-19,-2.8578245009687,1.8400220114849,0.354566247757668,-0.513200337123372
2021-05-24,-3.15461557036469,2.06051909410862,0.383177563774436,-0.606235526439962
2021-05-25,-3.07183200890693,2.00110348691564,0.372283316119947,-0.586468722857727
2021-05-28,-2.04540724308843,1.59763868726288,-0.233115403546112,-0.285830528744887
2021-05-30,-2.55248684267027,1.77362395344133,0.163900533041616,-0.533253602245037
2021-06-05,-1.72793473655791,1.42488799525998,-0.355904576233574,0.0347114798692956
2021-06-06,-2.48391963203384,1.63166334917736,0.259388974204789,-0.470974533725891
2021-06-08,-2.86430796820153,1.86451194587653,0.337425286483176,-0.542148545965872
2021-06-13,-2.2502337689395,1.49661684792068,0.194598952039822,-0.413956025971779
2021-06-15,-1.78867321247273,1.30801394633895,-0.214056923130443,-0.142822835238039
2021-06-20,-2.18565147407859,1.45932374325459,0.173281722873957,-0.4276444421194
2021-06-22,-2.4928875636886,1.67149881153384,0.214258920659302,-0.521151298263851
2021-07-06,-1.97608748571626,1.32496434619055,0.128695406277494,-0.374238122388473
2021-09-07,-2.05990435493238,1.33647608739677,0.24214671121368,-0.321473754386768
2021-09-13,-1.60257406727903,1.05584241635907,0.151465991800452,-0.237343589665124
2021-09-20,-1.43255175517135,0.948968544591383,0.11469831492666,-0.209729443002689
2021-09-21,-1.98717515104965,1.32882452584071,0.138871757616208,-0.373334637654849
2021-10-06,-1.42235090055962,1.09989994404036,-0.371189329793124,0.293888417373449
2021-12-04,-1.58764553238448,1.01798798136892,0.262339236287822,-0.17250410222167
2021-12-07,-1.56555124710573,1.03881639255627,0.11898356451635,-0.242799641605075
2021-12-24,-1.32896578370133,0.890487791832509,0.052043518334969,-0.187069150240779
2021-12-25,-1.65856717640828,1.10712869756677,0.104663521525712,-0.277377936621289
2021-12-26,-1.78828008727823,1.19379063197579,0.119593666731204,-0.312893616962464
2021-12-27,-1.64971309684605,1.10261067936168,0.0981581058581124,-0.277583689548633
2021-12-28,-1.85601263811651,1.23929451792202,0.126869968012455,-0.332813398895953
2022-01-04,-1.06048039013822,0.719207564729197,-0.0378675927357658,-0.103298721484616
2022-01-18,-1.01574001888859,0.681500375328047,0.023337049207967,-0.128856678813923
2022-01-22,-1.92684612141965,1.28520161018462,0.141443784471618,-0.348777226785376
2022-01-24,-2.340505828773,1.55353419637386,0.214947188800354,-0.456546432320873
2022-01-25,-1.18577869221544,0.784162675111318,0.114263180341725,-0.157510495547739
2022-02-21,-1.12936068372873,0.761733606886182,0.012437862652041,-0.148758405655326
2022-02-22,-1.29144659421717,0.864402894072399,0.0676566856042207,-0.190444378772664
2022-03-13,-1.11392655816893,0.841076630817497,-0.497815377942058,0.580118028168127
2022-03-16,-1.0837039230276,0.867146207134152,-0.702673772350048,0.980373738233146
2022-03-20,-0.948178861088741,0.637111031148438,0.026038706437289,-0.133570910811673
2022-03-21,-1.08706228773589,0.730969306247093,0.0374087809492942,-0.155631731617314
2022-03-22,-0.969903789093891,0.654987636848816,0.00268167819995899,-0.121974140367354
2022-03-29,-0.770174793546363,0.523980060962615,-0.050336086437795,-0.0697190797878786
2022-04-02,-0.637733430121593,0.433907173478939,-0.0595092943734371,-0.057759561761741
2022-04-03,-0.650858151305022,0.447199513684122,-0.124554255470341,0.0267348368457614
2022-04-07,-0.642336639010186,0.432192239106136,0.0398337026717354,-0.0780191129487484
2022-04-08,-0.585213432952773,0.393360344421926,0.0545670603120391,-0.0798833835186445
2022-04-09,-0.71041777381967,0.483773141542705,-0.0451242598911977,-0.0552596989570238
2022-04-12,-0.761886422746875,0.515553475852916,0.00304749432837556,-0.0855382831501723
2022-04-18,-0.730561752503322,0.48548899987891,0.132145547897727,-0.0804833464485419
2022-04-21,-0.780458016991173,0.536074608528637,-0.0861015975526943,-0.0162935937982587
2022-04-22,-0.876488163190662,0.59532645574834,-0.0141584764478577,-0.120658243360101
2022-04-24,-0.773807776291595,0.524516218234632,-0.00244477216421274,-0.106520139554672
2022-04-25,-0.899732793512304,0.610659331511964,-0.00116532121431993,-0.125234472860996
2022-04-26,-1.02263624716633,0.690369694449044,0.0282045824784957,-0.145166139211448
2022-04-29,-0.685826072845699,0.485285597284766,-0.741828114595209,1.35332487458177
2022-05-02,-0.810723538685439,0.558077973866549,-0.0979198192227483,-0.0442524482433226
2022-05-04,-0.739975809298765,0.571140256675266,-0.812297559779357,1.64164171179171
2022-05-07,-0.778617393632646,0.555617733929939,-0.783774771665561,1.35146105237586
2022-05-09,-1.44853441768629,0.909761889406712,0.376740754448251,-0.0556028540634679
2022-05-13,-1.10067029920476,1.09487086050832,-0.980038154852564,1.23910466602127
2022-05-14,-1.16852913101026,1.14668498777535,-1.01947287386237,1.06673815924539
2022-05-15,-1.08166015587909,1.08778694396337,-1.14622601402954,1.4332631466232
2022-05-17,-0.926527110562804,0.999915007338763,-1.25651832779755,1.98876927825915
2022-05-19,-1.11726227271478,1.07413989776149,-1.03332948219823,1.22621336357623
2022-05-20,-0.79034702954514,0.904224595105313,-1.36813629520626,2.56194376795981
2022-05-23,-1.41747949960529,0.994196261598384,-0.118633381183675,-0.212303238777914
2022-05-24,-1.43435952508893,0.976898876676373,0.0217903123162793,-0.230011602597607
2022-05-25,-1.19042867220348,0.914788995713612,-0.735145879654896,0.754120136962924
2022-05-28,-1.04893253555439,0.868457573583998,-1.05047401158882,1.40136902322124
2022-05-29,-0.829440284192813,0.825310420069339,-1.39080433809609,2.56777458992792
2022-05-30,-0.840083978963244,0.773735393341628,-1.34538507362919,2.57745102915142
2022-05-31,-1.08632269596342,0.786800218368768,-0.68249037682298,0.697820852712118
2022-06-02,-1.0347892067927,0.85134919136163,-0.961038034175587,1.30020616810281
2022-06-03,-0.695711688434422,0.705196939184618,-1.52996867221805,3.52922612881203
2022-06-06,-0.908721753929638,0.79737879218848,-1.17754468084531,1.94539026316082
2022-06-08,-1.02699567125529,0.678420575339113,0.13921862007714,-0.0666623974997753
2022-06-09,-0.953018683104974,0.786525543798595,-1.07329868271795,1.69913776064258
2022-06-11,-1.11388324771291,0.799144999592401,-0.780464754309919,0.853116283311391
2022-06-13,-0.883426100728754,1.08619125560597,-1.06449005059133,1.83452166463352
2022-06-15,-2.68566258082568,1.76920567505923,0.298307323869365,-0.515743153313859
2022-06-16,-1.47980042142404,0.997983279444553,0.0858653885649438,-0.231517511386994
2022-06-17,-2.25353985050778,1.52154509646025,0.176224425636372,-0.445970624381929
2022-06-19,-2.43928060111224,1.62931012789057,0.230040102687745,-0.486471042325406
2022-06-20,-1.65273640277927,1.11047386784589,0.115810692124568,-0.271178607156621
2022-06-21,-1.72927042459457,1.1757187040962,0.0775160865179016,-0.302007696957689
2022-06-25,-1.25918009363668,0.977235329973373,-0.834865182626971,0.79176093678473
2022-06-26,-0.807025762065258,0.923003376709173,-1.2179615129901,2.31036757874443
2022-06-27,-1.40247035306501,1.02274794653679,-0.661669808691882,0.422270920760906
2022-06-28,-1.02156139553445,0.876795609895088,-0.899735951171914,1.4159866922987
2022-06-29,-0.788121420062021,0.914670837880083,-1.25170113804193,2.47505987379586
2022-06-30,-0.990282348527796,1.06066421716683,-1.1222268306615,1.63940014188189
2022-07-01,-1.05011638083412,1.07643388094196,-1.06578997448935,1.4008730428956
2022-07-02,-0.83739157350645,0.918755506545764,-1.2878755496539,2.30968827959233
2022-07-03,-1.04703625614832,1.00876853305757,-1.05176130839004,1.44838353298193
2022-07-05,-1.21260058646723,0.956922701237349,-0.736663083084707,0.7534460215824
2022-07-08,-1.130068777655,0.887962951813568,-0.793586171520936,0.928261694064681
2022-07-09,-1.02924098951428,0.760477250495,-0.681300745664855,0.918705718841661
2022-07-10,-0.87403427648858,0.743288567942398,-1.08767752848317,1.99342797087485
2022-07-14,-1.35363087939519,0.953588468195838,-0.0745431971238615,-0.144471021491383
2022-07-17,-1.32274341181042,0.952595144796756,-0.698172742044439,0.541744807462932
2022-07-21,-0.881816240209007,0.839426673832544,-1.03941287136222,1.96311222437185
2022-07-22,-1.31480138748092,0.896767481764823,0.0557589454820818,-0.199756244628302
2022-07-23,-1.06131276216195,0.842792593677076,-0.830304162156819,1.17307276534786
2022-07-24,-0.926375827939705,0.853892191001878,-1.04306979448095,1.83987297964945
2022-07-25,-0.965376008531049,0.891969923269492,-0.928131805933894,1.52767308446237
2022-07-26,-1.30787959160152,0.95060216155099,-0.40932771115381,0.274462811848707
2022-07-27,-1.06137811222642,0.834646582783966,-0.829454247311967,1.11777113820296
2022-07-29,-1.1787090033845,0.8484652975396,-0.554375171482694,0.400710907737805
2022-08-01,-0.97921066086349,0.802854328688494,-0.885179047587594,1.44679094950087
2022-08-06,-0.777890343963187,0.602296183466657,-0.694353863249372,1.33007995121492
2022-08-07,-0.742242243434597,0.652019343547924,-1.03728702008076,2.61072632421722
2022-08-08,-0.87113197663524,0.71613656545275,-0.801099061650556,1.43280676886631
2022-08-09,-0.815440933901069,0.716646730859712,-0.874818032506642,1.80741029886125
2022-08-12,-0.777516128298233,0.623501536902281,-0.765047373203639,1.48717605183847
2022-08-13,-0.769042023154629,0.652559527203418,-0.989172473172832,2.01053156440632
2022-08-17,-0.854624774344262,0.691658860785384,-0.958391906673989,1.73834382701667
2022-08-18,-0.885877529645934,0.707931761658602,-0.944468240332932,1.60345588921319
2022-08-20,-0.970360899875217,0.748407016890219,-0.796134691779456,1.30521231645441
2022-08-21,-0.907107016375284,0.656504616745542,-0.510549524196557,0.765002557087958
2022-08-25,-0.735780778022457,0.647922287098156,-1.05051706898917,2.39400199386072
2022-08-26,-0.810177259079611,0.667582026739288,-1.05454976824256,2.15922710506778
2022-08-27,-0.765867861760513,0.633855279543839,-1.03824027167361,2.40513211515579
2022-08-29,-0.860570909628044,0.65532863762858,-0.689737876724086,1.38188862329611
2022-08-30,-0.862489747255079,0.629143606234892,-0.574830143662225,1.11097778559159
2022-08-31,-0.868357059167418,0.702610915506277,-0.990288769194014,1.83828758981425
2022-09-01,-1.06226351637328,0.819572418262749,-0.963077310850951,1.36243838698359
2022-09-02,-1.07485806793312,0.773156092457703,-0.892722197549606,1.11641619669936
2022-09-03,-0.95730363232946,0.764800582051121,-1.13832825364153,1.83669659396858
2022-09-05,-1.15152080444332,0.831426321097402,-0.919944046704512,0.794540734858611
2022-09-06,-0.705473604604126,0.721031825990912,-1.39498077716641,3.24525219372423
2022-09-07,-1.0057338583475,0.885795893806673,-1.13051484729846,1.76636811438754
2022-09-08,-0.974030423429064,0.781352961655358,-1.06080840026932,1.60692048714771
2022-09-09,-0.826407475337213,0.762375193011531,-1.25694997481033,2.5202752469616
2022-09-12,-0.813779295385155,0.75222975084778,-1.01482961200859,2.301760989767
2022-09-15,-0.721133235100706,0.751678137408891,-1.35469201260454,3.17023853927211
2022-09-16,-0.794457799781542,0.713575416694971,-1.1747730910142,2.49260824295358
2022-09-17,-0.728130997620025,0.635601587833572,-1.14985081577572,2.60985385444216
2022-09-18,-0.492189510166706,0.609776241041097,-1.50591759159795,4.76361667589359
2022-09-19,-0.826269024607466,0.712476471591656,-1.0862167677617,2.19962083334127
2022-09-20,-0.48533820821472,0.611947986304172,-1.53879343483531,4.98710112333027
2022-09-21,-1.01780223617673,0.788778288397833,-0.997812474108045,1.50869826344785
2022-09-22,-0.922881248588614,0.746175201542038,-1.05699277067302,1.77170848977274
2022-09-23,-1.14581306342732,0.789338174607867,0.0350387156075251,-0.166156646722018
2022-09-25,-0.898768433966753,0.725317319358093,-1.14915702413953,1.89818396885195
2022-09-26,-0.964964321454609,0.74377001730014,-1.06225893218874,1.55138187698607
2022-09-27,-0.916699361681022,0.712221282103502,-1.27277375863067,2.2957010716292
2022-09-28,-1.0532578129155,0.883656998963873,-1.08167207659938,1.44532117073961
2022-09-29,-1.05299473304276,0.83052323881346,-1.02844293871583,1.38651701788308
2022-09-30,-1.0177620005319,0.777980021399458,-1.08651951990883,1.58403119535074
2022-10-01,-0.76761551102985,0.739225035479469,-1.39724098337313,2.85345796079174
2022-10-02,-1.01963815720892,0.767039994839942,-0.97414702908808,1.33107616909491
2022-10-03,-0.761854047641856,0.702879136870707,-1.32942908389875,2.77152099933654
2022-10-04,-0.8193550834662,0.728180896464542,-1.24055817424838,2.37881456201257
2022-10-05,-0.67276353730318,0.667095798639226,-1.42111328802761,3.41400271876739
2022-10-06,-0.884266132449564,0.705492112813858,-1.05045635266921,1.85063804391921
2022-10-07,-0.653618726714437,0.632117224096572,-1.48039767891667,3.72737056346176
2022-10-08,-0.443503123319643,0.510736977246582,-1.71744134893195,5.96759947792037
2022-10-09,-0.648104894531091,0.591506229348821,-1.38051454525196,3.50388408260796
2022-10-10,-0.80921895367322,0.661994415039827,-1.18886385153061,2.34377453593881
2022-10-11,-0.832812180459752,0.698705646463941,-1.24544681436406,2.41294921440816
2022-10-12,-0.678889653084521,0.666358285579044,-1.45522929539745,3.68686108486263
2022-10-13,-0.699869957269738,0.662399517111731,-1.45262723499623,3.40969196710353
2022-10-14,-0.653126393496175,0.548696492675234,-1.46491706776205,3.64770381545295
2022-10-15,-0.499480657972909,0.518495231709652,-1.66483786548548,5.07324026503334
2022-10-18,-0.577396900494484,0.561074882571871,-1.67266787458067,4.62138532839225
2022-10-20,-0.939059014043988,0.670903852090677,-0.113125137517095,-0.100326761044471
2022-10-25,-0.576983665441741,0.539555380074493,-0.789932636107379,2.09634419994504
2022-10-26,-0.66953996888217,0.629726385634224,-1.51438376485982,3.68654201748569
2022-10-27,-0.629326497512622,0.580754139169817,-1.51931240361847,3.84865127121612
2022-10-28,-0.476386730660701,0.501848725398244,-1.95278616087305,6.17739791747603
2022-10-29,-0.46352879514654,0.476188797376163,-1.68266191261569,5.54836172537524
2022-10-30,-0.545628648928978,0.489015134458867,-1.37259980457975,3.89174600667059
2022-10-31,-0.53552148550155,0.529561700474246,-1.47011858325566,4.29376847498182
2022-11-01,-0.571948168145793,0.530139197965355,-1.50575241447397,4.26372379614086
2022-11-02,-0.437209696961598,0.48926437864644,-1.89962054438443,6.20106706487328
2022-11-04,-0.520991936532977,0.473752447905203,-1.64263048473475,4.88579902457566
2022-11-05,-0.38329746123775,0.390755221914337,-1.80900272638176,6.49726437808066
2022-11-06,-0.393406429278735,0.42875678101258,-2.36812442600196,7.74147381622756
2022-11-07,-0.549026436278104,0.446626994403397,-1.4619657667905,3.94632283246383
2022-11-26,-0.571922080903793,0.603318770321151,-1.78237889641229,4.35742400954614
2022-11-27,-0.595859266735919,0.641726309737419,-1.55317642552988,4.06582499972346
