Date,EMA
2017-07-20,124.0302654069537
2017-07-21,122.52151619907812
2017-07-22,119.3070590321577
2017-07-24,113.13389044620646
2017-08-19,111.36721102081239
2017-08-22,111.31362346531373
2017-08-24,104.60756540159097
2017-08-25,99.15296500793954
2017-08-29,94.12716924236472
2017-08-30,88.96582214520029
2017-08-31,84.77845099333344
2017-09-01,81.68751101528315
2017-09-02,81.71078216392611
2017-09-03,81.75099771032001
2017-09-04,82.64295330246617
2017-09-05,83.63125231755474
2017-09-06,84.36397645085137
2017-09-07,83.4588911332043
2017-09-08,82.82527185212456
2017-09-09,82.82907819740883
2017-09-13,89.42753458041123
2017-09-19,91.8935854011856
2017-09-21,94.96532985765424
2017-09-28,95.55950280420203
2017-10-02,90.98618107871174
2017-10-03,88.10647777445811
2017-10-06,84.25401348421428
2017-10-07,81.3540069277331
2017-10-09,78.58855127423702
2017-10-12,78.49838448034888
2017-10-13,78.60208293554714
2017-10-15,80.07356901785718
2017-10-17,79.75093670060502
2017-10-18,80.72185840709292
2017-10-19,81.24898021683103
2017-10-21,82.46190256970849
2017-10-22,83.58693539500946
2017-10-23,85.70021666442469
2017-10-24,88.21078089331573
2017-10-26,89.54408199997715
2017-11-02,90.61443271310866
2017-11-06,93.67045119322593
2017-11-08,90.33044964545728
2017-11-09,87.60900824295453
2017-11-10,87.10318340700887
2017-11-12,90.6854099856285
2017-11-13,94.18501637300285
2017-11-14,94.98341305533388
2017-11-15,96.37660019995778
2017-11-16,97.72744669567372
2017-11-17,99.92540877128056
2017-11-18,99.90637391370208
2017-11-19,99.99752341298188
2017-11-20,100.56455348605381
2017-11-21,100.42171414187673
2017-11-22,100.28178243523494
2017-11-23,98.80141296815684
2017-11-24,95.1126366379136
2017-11-25,93.96017939462487
2017-11-26,92.3499481520231
2017-11-27,93.15572035441065
2017-11-28,92.42016554171602
2017-11-29,98.29632369448728
2017-11-30,103.43362802770093
2017-12-01,105.74368481832371
2017-12-02,106.73638372517811
2017-12-03,108.10450231550016
2017-12-04,111.87776727617774
2017-12-05,114.66462368920526
2017-12-06,118.03584199445925
2017-12-09,127.35542862595906
2017-12-10,134.9046993922692
2017-12-13,137.10656774021487
2017-12-14,138.94341042305095
2017-12-15,140.29717953624944
2017-12-16,138.88564102425653
2017-12-19,144.41020628446245
2017-12-21,147.26056236344184
2017-12-27,146.94259701972715
2017-12-28,145.09673127418316
2017-12-30,145.2541516804323
2017-12-31,147.17967216857951
2018-01-02,146.3428238771088
2018-01-04,146.100176772369
2018-01-05,145.88255641576816
2018-01-07,143.2116694410689
2018-01-10,142.6535841459318
2018-01-11,142.93906048396852
2018-01-16,146.201557645441
2018-01-22,146.3738998159898
2018-01-23,148.18562787710397
2018-01-25,149.08222974679398
2018-01-26,144.97035261045022
2018-01-30,145.62417665999698
2018-01-31,145.19817771973152
2018-02-01,144.83256162546783
2018-02-02,148.02635342303262
2018-02-03,150.68944595558992
2018-02-04,148.40865263911118
2018-02-05,147.42625125000728
2018-02-06,150.72833755829095
2018-02-07,150.85410410338483
2018-02-08,149.68091530944702
2018-02-13,148.63257381384472
2018-02-15,149.39228271290193
2018-02-16,148.9698846708085
2018-02-17,148.25079765955996
2018-02-18,149.61612322335054
2018-02-19,151.641721181131
2018-02-20,152.75968349250323
2018-02-21,154.2044556763074
2018-02-22,153.1042020861853
2018-02-23,152.47323564424252
2018-02-24,151.31965464763067
2018-02-26,151.37617831240433
2018-02-27,150.3347140714652
2018-02-28,149.13429419657945
2018-03-01,147.71624193471365
2018-03-02,144.54265289358273
2018-03-03,143.25563759273558
2018-03-04,140.3884290016976
2018-03-05,139.7737495085778
2018-03-06,140.1623242624109
2018-03-07,140.5159232191011
2018-03-08,143.24711754841488
2018-03-09,142.12787869190305
2018-03-10,141.24837145986163
2018-03-11,140.1683101206001
2018-03-12,139.39626236673178
2018-03-13,135.8188160655096
2018-03-14,133.2582602967681
2018-03-15,131.5129187402211
2018-03-16,127.92990430404171
2018-03-17,128.58751183319143
2018-03-18,128.53257770274436
2018-03-19,128.8953351083727
2018-03-20,125.4290590619733
2018-03-21,121.15299967589367
2018-03-22,118.22107625962661
2018-03-24,115.35973399390282
2018-03-25,113.33887292992317
2018-03-26,112.15654654276616
2018-03-27,109.09501057505192
2018-03-28,107.60235053759634
2018-03-29,106.09326224856375
2018-03-30,106.26476474017608
2018-03-31,106.65958185764998
2018-04-01,108.12243015454128
2018-04-02,106.36133168593182
2018-04-03,106.98306658788121
2018-04-04,107.88696555874363
2018-04-05,107.46236857271778
2018-04-06,106.63926081245644
2018-04-07,103.42523527175302
2018-04-08,102.18619953990472
2018-04-09,99.87138888423772
2018-04-10,99.53500066432368
2018-04-11,100.12598102477766
2018-04-12,100.39319620576178
2018-04-13,98.95614521050649
2018-04-14,94.55203013892064
2018-04-15,94.55640161845696
2018-04-16,94.58726543117606
2018-04-17,95.02162770476582
2018-04-18,96.6260883111016
2018-04-19,97.52300488504792
2018-04-20,96.21655662635936
2018-04-21,96.25254614562131
2018-04-22,95.71526685178713
2018-04-23,94.42363081620704
2018-04-24,93.20825307526519
2018-04-25,92.39012565239591
2018-04-27,91.24273395525557
2018-04-28,91.8507852566746
2018-04-29,92.77008919876528
2018-04-30,92.90786509959456
2018-05-01,94.3382246752293
2018-05-02,94.46116620603601
2018-05-03,94.90425984542284
2018-05-04,92.19252673018217
2018-05-05,91.34493955231918
2018-05-06,89.2423305956288
2018-05-07,88.81554113587552
2018-05-08,89.14312843884183
2018-05-09,89.5452235889008
2018-05-11,88.09443111024214
2018-05-12,87.77331699055831
2018-05-13,87.26803419504768
2018-05-14,85.30924665653006
2018-05-15,85.54491007937938
2018-05-16,87.17804559532497
2018-05-17,87.05925508543282
2018-05-18,86.82654755007307
2018-05-19,86.46592809823677
2018-05-20,85.57245820852884
2018-05-21,84.35115967434962
2018-05-22,83.67593227049399
2018-05-23,83.5951949314933
2018-05-24,82.9457256870248
2018-05-25,81.51813903126995
2018-05-26,80.4062828034244
2018-05-27,79.172317803342
2018-05-28,78.06931387968457
2018-05-29,78.47754849000886
2018-05-30,77.84620607283193
2018-06-01,76.27419334471745
2018-06-02,74.46345284012989
2018-06-03,73.43022503036981
2018-06-04,73.681338037827
2018-06-05,72.91625029726951
2018-06-06,72.21380098807876
2018-06-08,69.62356013373731
2018-06-09,67.55161473603208
2018-06-10,68.81754582349015
2018-06-11,70.51651483798278
2018-06-12,72.09339147549235
2018-06-13,73.69039791305507
2018-06-14,71.25099532861208
2018-06-15,71.40688331016574
2018-06-16,70.52044711926463
2018-06-17,68.38051904071445
2018-06-18,69.30640524964204
2018-06-19,69.18409464899385
2018-06-20,69.64202263076685
2018-06-22,70.47822538464668
2018-06-23,70.66415036937109
2018-06-24,71.93815016554672
2018-06-25,73.56955811772181
2018-06-26,73.80279104521932
2018-06-27,74.22065322423936
2018-06-28,73.81050639640416
2018-06-29,72.72133040962272
2018-06-30,72.47051207086486
2018-07-02,72.86475734231405
2018-07-03,72.83207986856527
2018-07-04,72.96084081186443
2018-07-06,72.28587216387993
2018-07-07,72.03717025348374
2018-07-08,71.45495360359192
2018-07-09,71.10778533627848
2018-07-10,71.45661227313776
2018-07-11,72.65595422803925
2018-07-12,71.68428333139543
2018-07-13,69.8361000314115
2018-07-14,71.74105239411051
2018-07-16,70.85333314873947
2018-07-17,72.21989270488895
2018-07-18,74.38330342466307
2018-07-19,74.63256467353295
2018-07-20,73.82394894461986
2018-07-22,72.08713908706538
2018-07-23,71.98436234950185
2018-07-24,73.40853866275566
2018-07-25,73.88190303253891
2018-07-26,73.63930078693949
2018-07-27,73.50045230770459
2018-07-28,73.13278575448467
2018-07-29,71.39589643454191
2018-07-30,72.07986688735686
2018-07-31,73.34644611053118
2018-08-01,74.45215618746681
2018-08-02,74.18722401538005
2018-08-03,74.06408644164745
2018-08-04,74.49639276812344
2018-08-05,74.10553485002364
2018-08-06,73.75720027653526
2018-08-07,89.49045136982053
2018-08-08,87.21241847815438
2018-08-09,85.2406910348696
2018-08-10,82.99223180807255
2018-08-11,82.57804175649879
2018-08-12,82.0876995685237
2018-08-13,81.26176596301556
2018-08-14,82.03395304743339
2018-08-15,81.34013158637666
2018-08-17,79.84260234930241
2018-08-18,78.25448508475647
2018-08-19,77.0411956075965
2018-08-20,75.90734967628981
2018-08-21,77.25809665987597
2018-08-22,78.97604109439885
2018-08-23,79.61184991379363
2018-08-24,79.34694770516171
2018-08-25,79.15645370643708
2018-08-26,78.71622083040118
2018-08-27,78.2314434875289
2018-08-28,78.66381961827304
2018-08-29,78.52058193617037
2018-08-30,77.03728392765674
2018-08-31,75.8577203609798
2018-09-01,75.24720853791379
2018-09-02,75.46272046960526
2018-09-03,75.48137864759128
2018-09-04,75.75377942107855
2018-09-05,77.03741876699516
2018-09-06,75.95260900508302
2018-09-07,74.4463992310728
2018-09-08,74.81236194567023
2018-09-09,76.52024523929268
2018-09-10,77.89495406224627
2018-09-11,79.1994964769847
2018-09-12,79.06015827340238
2018-09-13,76.49285287667331
2018-09-14,74.72635570179347
2018-09-15,72.94170178847612
2018-09-16,73.44257699620765
2018-09-17,72.59810577413778
2018-09-18,71.24663518883655
2018-09-19,70.64691915822067
2018-09-20,70.05499000134571
2018-09-21,69.71120612342759
2018-09-22,69.95184494292708
2018-09-23,68.99934785169272
2018-09-24,67.84283152477573
2018-09-25,66.90341389771189
2018-09-26,65.53118786553227
2018-09-27,62.469792375465815
2018-09-28,60.44795716522582
2018-09-29,59.57296821913212
2018-09-30,59.27948075767597
2018-10-01,59.7435334937444
2018-10-02,59.651314718802674
2018-10-03,59.73410756424967
2018-10-04,57.86515134653426
2018-10-05,55.91971122381902
2018-10-07,55.44077417651033
2018-10-08,55.58313220363999
2018-10-09,55.28493631399314
2018-10-10,54.86895870244103
2018-10-11,55.631825507709294
2018-10-12,55.831587771934586
2018-10-13,56.26784963581255
2018-10-14,56.43228113541516
2018-10-15,60.235435982771634
2018-10-16,61.94634665265951
2018-10-17,62.78077675305229
2018-10-18,62.26726101727756
2018-10-19,61.10142337577285
2018-10-20,59.8040877529011
2018-10-21,59.06467813006705
2018-10-22,58.071951080643416
2018-10-23,56.600525522491154
2018-10-24,55.42130517311522
2018-10-25,53.430532069774046
2018-10-26,52.026112492887115
2018-10-27,51.15607846921719
2018-10-28,50.39245508264044
2018-10-29,49.779907522942956
2018-10-30,49.02582498633396
2018-10-31,48.696343181559016
2018-11-01,46.96569396687098
2018-11-02,45.22633495794118
2018-11-03,43.653018543229365
2018-11-04,43.137613260994755
2018-11-05,43.00718518710622
2018-11-06,43.55127898981258
2018-11-07,43.57472463885208
2018-11-08,42.952116326807946
2018-11-09,42.16138193675572
2018-11-10,41.571122891174845
2018-11-11,41.828783691087125
2018-11-12,42.390898554598444
2018-11-13,42.905924933937584
2018-11-14,49.50529361629295
2018-11-16,53.7524738188748
2018-11-17,53.2080319655239
2018-11-18,56.68618206766808
2018-11-19,61.70833956259557
2018-11-20,71.21532598157961
2018-11-21,77.83419685944119
2018-11-22,80.51675944508239
2018-11-23,83.39693004602793
2018-11-24,89.22432453025357
2018-11-25,96.88268758923768
2018-11-26,103.75020605156922
2018-11-27,107.34668930945708
2018-11-28,107.96490579575197
2018-11-29,107.60878215223141
2018-11-30,108.42049518316352
2018-12-01,108.20320143250811
2018-12-02,106.89855957885526
2018-12-03,106.5446865570032
2018-12-04,105.6427117109504
2018-12-05,104.58112422806657
2018-12-06,106.08582041440349
2018-12-07,110.1572720510108
2018-12-08,113.27423395641657
2018-12-09,116.26838089918017
2018-12-10,117.0378840018721
2018-12-11,116.06491773884667
2018-12-12,115.11463757402072
2018-12-13,112.63584780882115
2018-12-14,109.52833164713913
2018-12-15,107.11471179120397
2018-12-16,103.47194550535757
2018-12-17,101.19234559255145
2018-12-18,102.58058129960067
2018-12-19,104.27701630557783
2018-12-20,106.23589673269868
2018-12-21,106.57632929338618
2018-12-22,106.69524793565975
2018-12-23,107.18242464132717
2018-12-24,108.81983846714769
2018-12-25,109.43572684633179
2018-12-26,109.76566427770844
2018-12-27,108.79240983583936
2018-12-28,107.59102426243139
2018-12-29,108.10496689263648
2018-12-30,108.02230298442358
2018-12-31,105.85782657033513
2019-01-01,104.71429098879909
2019-01-02,103.43686643500776
2019-01-03,100.31796434643205
2019-01-04,96.73181186091799
2019-01-05,93.67278654403891
2019-01-06,91.40451755551439
2019-01-07,89.83659437340033
2019-01-08,87.61974026586597
2019-01-09,85.76281483139982
2019-01-10,84.4783865895929
2019-01-11,82.72014129548063
2019-01-12,81.8007328349309
2019-01-13,82.16396668574538
2019-01-14,82.85417129394177
2019-01-15,82.22359453198729
2019-01-16,82.02900578267052
2019-01-17,81.5341618149258
2019-01-18,79.68237485923709
2019-01-19,78.34754038657955
2019-01-20,77.84015226882661
2019-01-21,76.40959146427105
2019-01-22,75.91629983345138
2019-01-23,75.53042771430772
2019-01-24,73.63319755017473
2019-01-25,72.37739276830725
2019-01-26,71.44175951235746
2019-01-27,70.3943241702389
2019-01-28,69.98756577837248
2019-01-29,70.23498428229055
2019-01-30,70.06333619784132
2019-01-31,69.08516484794497
2019-02-01,68.19158749297438
2019-02-02,67.09175063014769
2019-02-03,66.18876427995352
2019-02-04,65.8405936400062
2019-02-05,65.9599769739756
2019-02-06,66.22916124102052
2019-02-07,64.84151445743501
2019-02-08,63.46357257599233
2019-02-09,63.06811724272161
2019-02-10,63.35655223438831
2019-02-11,63.20412911420895
2019-02-12,62.815976678787976
2019-02-13,61.87466696676955
2019-02-14,60.68051234757196
2019-02-15,59.89866064769795
2019-02-16,59.52911607398573
2019-02-17,59.75028990668295
2019-02-18,60.24703915766126
2019-02-19,61.28515732704506
2019-02-20,61.5138993509578
2019-02-21,60.32723085672634
2019-02-22,59.39293040663766
2019-02-23,59.691059493167984
2019-02-24,59.8630807463537
2019-02-25,61.291242303414165
2019-02-26,61.71549979269051
2019-02-27,61.38527309081087
2019-02-28,60.132185155919416
2019-03-01,58.05946369032498
2019-03-03,56.905811881425336
2019-03-04,56.248226553851964
2019-03-05,55.03803144893115
2019-03-06,54.48785109979567
2019-03-07,53.27308516660103
2019-03-08,51.37954888909113
2019-03-10,50.57850390386132
2019-03-11,49.62905282713964
2019-03-12,48.661165656832175
2019-03-13,48.05570320060946
2019-03-14,48.425463068468886
2019-03-15,48.33607320635595
2019-03-16,48.836930777683676
2019-03-17,48.75614916247748
2019-03-18,48.29870037332055
2019-03-19,47.887198809956146
2019-03-20,48.551286015555945
2019-03-21,48.125793227553544
2019-03-22,46.94193718569359
2019-03-23,46.43682695505287
2019-03-24,46.05381285187963
2019-03-25,52.49446564835903
2019-03-26,51.1287063540847
2019-03-27,50.07985190529628
2019-03-28,49.044456242024985
2019-03-29,48.10723709774395
2019-03-30,47.62880705447377
2019-03-31,47.1990922940503
2019-04-01,46.285583590139645
2019-04-02,50.73466581061514
2019-04-03,56.85751207219851
2019-04-04,62.291058517025576
2019-04-05,65.08767955846457
2019-04-06,67.16124965425347
2019-04-07,68.86580150774927
2019-04-08,71.28134689079758
2019-04-09,71.48553159748145
2019-04-10,69.70778283291295
2019-04-11,68.91437159701539
2019-04-12,67.45836932855913
2019-04-13,64.79264981980391
2019-04-14,63.37512465815063
2019-04-15,62.87945993998848
2019-04-16,61.31680562250332
2019-04-17,59.86728871817299
2019-04-18,59.52446451629818
2019-04-19,59.26258404732957
2019-04-20,58.64205058514517
2019-04-21,57.64483446971816
2019-04-22,57.41305610740912
2019-04-23,58.08075662022848
2019-04-24,58.78742805554926
2019-04-25,59.50786870842751
2019-04-26,59.97286877938562
2019-04-27,59.11227764177799
2019-04-28,59.03741218659269
2019-04-29,59.9264674775332
2019-04-30,60.473569510226746
2019-05-01,60.486380804880625
2019-05-02,60.96471558078234
2019-05-03,61.1378695269695
2019-05-04,61.46157838787096
2019-05-05,61.58692155764074
2019-05-06,63.24529729790228
2019-05-07,65.10169583445759
2019-05-08,65.36126781494457
2019-05-09,65.8224216015486
2019-05-10,66.34297005870414
2019-05-11,70.19799362545282
2019-05-12,74.95914594573772
2019-05-13,81.64969541973697
2019-05-14,87.32191102256158
2019-05-15,91.75271833323681
2019-05-16,93.88495308559733
2019-05-17,96.94395841673264
2019-05-18,99.00616238057489
2019-05-19,100.25256718061571
2019-05-20,102.10552726762353
2019-05-21,101.49033388503128
2019-05-22,100.05225786710375
2019-05-23,98.35168737853873
2019-05-24,96.76324379502705
2019-05-25,95.10366319435363
2019-05-26,95.86531087035382
2019-05-27,96.2389746340418
2019-05-28,96.33536155402163
2019-05-29,96.44946450272231
2019-05-30,97.36832837171119
2019-05-31,94.83219944015296
2019-06-01,93.01467606456553
2019-06-02,90.77919646826362
2019-06-03,90.20880068491758
2019-06-04,90.45794504670113
2019-06-05,90.82419399927593
2019-06-06,88.71331013600842
2019-06-07,85.47730630919457
2019-06-08,82.42712053322396
2019-06-09,80.27127254831353
2019-06-10,79.7914349470987
2019-06-11,77.39569668256618
2019-06-12,76.9713343120404
2019-06-13,76.62166305207343
2019-06-14,76.34289007677036
2019-06-15,76.06782252389044
2019-06-16,77.43335532056051
2019-06-17,80.7684991246877
2019-06-18,83.83176261681382
2019-06-19,85.41346988335287
2019-06-20,86.23288493415681
2019-06-22,90.94674817876736
2019-06-23,92.78956571906784
2019-06-24,96.6373989039134
2019-06-25,97.47657592083755
2019-06-26,103.34330216034712
2019-06-27,109.89320480470914
2019-06-28,111.8775365067593
2019-06-29,111.19686345888265
2019-06-30,109.74565284794397
2019-07-01,107.93248958037441
2019-07-02,107.20769363161575
2019-07-03,107.87284673729496
2019-07-04,108.8411302613295
2019-07-05,108.12713570354248
2019-07-06,106.1933062625585
2019-07-07,105.20532272283339
2019-07-08,104.60384871779128
2019-07-09,104.4738410573561
2019-07-10,104.69903868465445
2019-07-11,105.8274242934339
2019-07-12,106.22855955272155
2019-07-13,105.53964116232356
2019-07-14,106.96965316767988
2019-07-15,109.82349119016519
2019-07-16,114.12605696827414
2019-07-17,118.51120799703443
2019-07-18,120.29143067773936
2019-07-19,121.22339188597644
2019-07-20,120.88230743975882
2019-07-21,120.47974328648951
2019-07-22,118.75524137329155
2019-07-23,117.98890010382769
2019-07-24,116.9409740540917
2019-07-25,115.58387238390756
2019-07-26,112.73610257988145
2019-07-27,110.55294086655627
2019-07-28,108.95867476533651
2019-07-29,107.09264518394986
2019-07-30,105.22715521776016
2019-07-31,104.10913414447735
2019-08-01,103.51465066905632
2019-08-03,101.26392528116605
2019-08-04,99.32738631973152
2019-08-05,99.95819272625997
2019-08-06,101.87007036897508
2019-08-07,102.32354110388977
2019-08-08,101.429420435203
2019-08-09,99.77003649096918
2019-08-10,98.77639783041548
2019-08-11,97.06213868427625
2019-08-12,95.21099259675424
2019-08-13,93.1986263931025
2019-08-14,92.23891767835948
2019-08-15,94.33181416487268
2019-08-16,94.28917177882458
2019-08-17,95.40619487354036
2019-08-18,95.80768179713614
2019-08-19,95.74617878065968
2019-08-20,94.63371527551544
2019-08-21,94.2026211989454
2019-08-22,93.3938296601708
2019-08-23,91.08843211424437
2019-08-24,89.72305816645874
2019-08-25,89.65068503476705
2019-08-26,89.98457261845489
2019-08-27,88.84308052992527
2019-08-28,89.14814529386256
2019-08-29,89.0790532645276
2019-08-30,87.53698058994613
2019-08-31,86.14574616102432
2019-09-01,84.75772373942118
2019-09-02,84.40800822822422
2019-09-03,83.58021303472106
2019-09-04,82.70769613823931
2019-09-05,81.76201565418026
2019-09-06,81.09196626482348
2019-09-08,79.29350777408366
2019-09-09,77.90432790079315
2019-09-10,76.30043793323178
2019-09-11,74.93847411539805
2019-09-12,74.54337870124957
2019-09-13,73.06132204343454
2019-09-14,71.45161583864846
2019-09-15,70.69739932234202
2019-09-16,72.932980107583
2019-09-17,73.30628994613964
2019-09-18,73.24265050599057
2019-09-19,73.68699631781656
2019-09-20,72.40241394727856
2019-09-21,70.71681476961963
2019-09-22,69.78819183546887
2019-09-23,69.50691656083738
2019-09-24,73.67813887561479
2019-09-25,77.06442066772149
2019-09-26,80.31634298286534
2019-09-27,84.76577460401366
2019-09-28,86.34778336808705
2019-09-29,88.48361426564827
2019-09-30,90.5663781208173
2019-10-01,90.7593239781834
2019-10-02,89.94769109746072
2019-10-03,88.26052767256341
2019-10-04,86.10530810971511
2019-10-05,83.81031259779688
2019-10-06,82.69684084751894
2019-10-07,82.10218045743274
2019-10-08,80.42329150404105
2019-10-09,79.54906457951215
2019-10-10,78.07846993689057
2019-10-11,76.59192961226314
2019-10-12,75.09897737324602
2019-10-13,74.26095152558715
2019-10-14,73.34511235119376
2019-10-15,73.13467351782175
2019-10-16,72.58690426661363
2019-10-17,71.87400338987035
2019-10-18,69.96422128581426
2019-10-19,67.63731412503174
2019-10-20,65.92814537752405
2019-10-21,65.11095876967205
2019-10-22,64.37888915581959
2019-10-23,65.46359530236631
2019-10-24,64.8128698432921
2019-10-25,66.49235834785931
2019-10-26,73.25490853558603
2019-10-27,76.9870368915251
2019-10-28,79.58610559679857
2019-10-29,79.43939700795882
2019-10-30,78.27335680244647
2019-10-31,77.28950193271899
2019-11-01,75.5883553452609
2019-11-02,73.29791363280756
2019-11-03,71.16902826386908
2019-11-04,69.10910328005187
2019-11-05,68.86378951084656
2019-11-06,67.82480851234976
2019-11-07,65.92004412297106
2019-11-08,64.5966929257735
2019-11-09,63.19393092487921
2019-11-10,61.75630525073816
2019-11-11,60.43228068792144
2019-11-12,59.01962719908912
2019-11-13,57.87633380073301
2019-11-14,57.38289870531365
2019-11-15,56.81639585051325
2019-11-16,56.55707526024828
2019-11-17,56.30276397652766
2019-11-18,56.86765081293469
2019-11-19,57.662451159820584
2019-11-20,59.468305863116065
2019-11-21,62.09048383237906
2019-11-22,67.75147263675126
2019-11-23,67.99059609988272
2019-11-24,68.31370401039496
2019-11-25,70.82756733315242
2019-11-26,71.86747632662215
2019-11-27,73.02511574208616
2019-11-28,72.60728537408936
2019-11-29,70.50682127654547
2019-11-30,68.58951494771291
2019-12-01,67.65024873145208
2019-12-02,66.53139918157987
2019-12-03,65.34713362967713
2019-12-04,65.06393082397071
2019-12-05,64.50239929773603
2019-12-06,62.88929868216367
2019-12-07,61.613707429844666
2019-12-08,60.767672884700275
2019-12-09,59.95984274294115
2019-12-10,59.48516470842389
2019-12-11,58.8482709179916
2019-12-12,59.12875609043064
2019-12-13,58.665660558833125
2019-12-14,58.31076559428166
2019-12-15,58.47534230241863
2019-12-16,59.49389459220387
2019-12-17,63.561737506932836
2019-12-18,66.16966614533095
2019-12-19,67.00562480656238
2019-12-20,66.5329163198678
2019-12-21,65.18218812623138
2019-12-22,63.24703697550253
2019-12-23,62.46955567525981
2019-12-24,61.373995218983744
2019-12-25,60.55678267147822
2019-12-26,60.632998874472605
2019-12-27,59.690116354044456
2019-12-28,58.500977003632464
2019-12-29,57.174216880532306
2019-12-30,56.44494459028611
2019-12-31,55.81209528390994
2020-01-01,54.661402709829716
2020-01-02,54.67722753168134
2020-01-03,55.29855361159606
2020-01-04,54.64447735766778
2020-01-05,54.297605214850954
2020-01-06,54.60920414992346
2020-01-07,56.03662852677038
2020-01-08,59.1895212085172
2020-01-09,59.640273635360934
2020-01-10,58.878305422721134
2020-01-11,58.61796852796131
2020-01-12,58.51771838489308
2020-01-13,58.44159648640841
2020-01-14,59.616036510341914
2020-01-15,61.098717571024636
2020-01-16,61.713806303293275
2020-01-17,62.0592524021981
2020-01-18,62.173191974418486
2020-01-19,62.74505746227349
2020-01-20,62.157589225284134
2020-01-21,61.33212154069319
2020-01-22,60.282252712874836
2020-01-23,59.70248733728354
2020-01-24,58.38858170819427
2020-01-25,57.24185885773373
2020-01-26,56.79871039239565
2020-01-27,56.39465223396027
2020-01-28,57.094113596497635
2020-01-29,57.301763285650004
2020-01-30,58.04050610331191
2020-01-31,57.90245161210555
2020-02-01,57.11614971838524
2020-02-02,56.885121418247046
2020-02-03,57.042665018887305
2020-02-04,56.69619741617599
2020-02-05,57.09600620335498
2020-02-06,57.62559357886443
2020-02-07,57.62853994148246
2020-02-08,56.975625315308
2020-02-09,56.86275655083857
2020-02-10,56.73023019066507
2020-02-11,56.371188856053095
2020-02-12,56.756231604476895
2020-02-13,57.69519488922957
2020-02-14,58.34929872021526
2020-02-15,58.968041551997345
2020-02-16,59.661545300399204
2020-02-17,60.56277926123568
2020-02-18,60.888441377922554
2020-02-19,62.561087863890606
2020-02-20,63.60301132825363
2020-02-21,62.45807469311019
2020-02-22,60.57741795875309
2020-02-23,58.78490131691149
2020-02-24,58.12075491812095
2020-02-25,57.75399157260456
2020-02-26,59.151367876534735
2020-02-27,60.14176458421943
2020-02-28,60.21341831993918
2020-02-29,59.79313288044863
2020-03-01,59.84857634943065
2020-03-02,60.43226217804327
2020-03-03,59.81832040151057
2020-03-04,58.493700860014066
2020-03-05,57.63228378046424
2020-03-06,56.29052598693406
2020-03-07,55.43134858822367
2020-03-08,56.299668765163176
2020-03-09,59.51969478119984
2020-03-10,60.989185379039434
2020-03-11,62.53636278758039
2020-03-12,75.11426879084067
2020-03-13,93.68742061214544
2020-03-14,106.26441082104282
2020-03-19,115.02650418465817
2020-03-20,125.06186233887233
2020-03-21,129.5700548117292
2020-03-22,133.7199162445144
2020-03-23,137.9369318187374
2020-03-24,138.6954698234391
2020-03-25,137.4968361786764
2020-03-26,135.38329272406938
2020-03-27,130.15461624282918
2020-03-28,126.4944094971939
2020-03-29,123.29025365585491
2020-03-30,119.92724309872068
2020-03-31,115.58214420574966
2020-04-01,111.9343670196427
2020-04-02,109.40756435658547
2020-04-03,107.2918751756608
2020-04-04,103.9868623537987
2020-04-05,101.33959840655614
2020-04-06,99.63010804848298
2020-04-07,98.32482154127024
2020-04-08,97.80077895021569
2020-04-09,96.76646590737876
2020-04-10,96.33561082236919
2020-04-11,95.47697206052683
2020-04-12,95.0980247941468
2020-04-13,96.8846406205581
2020-04-14,97.36269557951994
2020-04-15,97.05890683804002
2020-04-16,95.63360658225963
2020-04-17,92.8513565230818
2020-04-18,90.10945472659174
2020-04-19,87.31253815995673
2020-04-20,85.68023387702134
2020-04-21,84.81758803428487
2020-04-22,83.50151911882064
2020-04-23,82.48040960053208
2020-04-24,80.67921552320793
2020-04-25,78.03573534388022
2020-04-26,76.31866381239234
2020-04-27,75.21021470705648
2020-04-28,74.46682313812215
2020-04-29,77.05572063586536
2020-04-30,80.76665259344745
2020-05-01,81.45009744576018
2020-05-02,81.20858691499987
2020-05-03,81.46925408387813
2020-05-04,82.66622272626842
2020-05-05,83.08019278191452
2020-05-06,84.68193769638523
2020-05-07,87.37286820184966
2020-05-08,89.17682963166668
2020-05-09,89.34586350977479
2020-05-10,94.53748755645081
2020-05-11,99.94045696150252
2020-05-12,98.48004710276244
2020-05-13,98.02410702011429
2020-05-14,98.34085978801615
2020-05-15,99.33567869720387
2020-05-16,99.57275075574108
2020-05-17,99.81194387747756
2020-05-18,100.55265854480099
2020-05-19,100.4171184402545
2020-05-20,100.38212725784004
2020-05-21,99.24541090644631
2020-05-22,96.24203709290238
2020-05-23,92.60183971150079
2020-05-24,90.36089069759332
2020-05-25,88.94501008148862
2020-05-26,87.48560090910023
2020-05-27,85.5759540252353
2020-05-28,82.57374897720092
2020-05-29,79.8008519352693
2020-05-30,77.55547167875915
2020-05-31,77.12419624599129
2020-06-01,77.597500180445
2020-06-02,80.19565446216745
2020-06-03,79.81585267657854
2020-06-04,78.23297368718032
2020-06-05,76.20253770166735
2020-06-06,74.38890625768178
2020-06-07,73.59841640522748
2020-06-08,72.93941270103738
2020-06-09,72.53065149827347
2020-06-10,72.87244279475522
2020-06-11,74.23578913412985
2020-06-12,73.83593563763755
2020-06-13,72.63710254895277
2020-06-14,72.73829537813134
2020-06-15,74.47712588176775
2020-06-16,75.0703284179668
2020-06-17,74.68326220560016
2020-06-18,74.40288317430692
2020-06-19,72.38931714289417
2020-06-20,70.87288895117051
2020-06-21,69.97574777750816
2020-06-22,69.376472810644
2020-06-23,68.7647540629091
2020-06-24,68.4235515234415
2020-06-25,67.53287700989156
2020-06-26,65.59314176978083
2020-06-27,63.46244543080468
2020-06-28,62.4728556088387
2020-06-29,61.12043353684682
2020-06-30,59.519533149734514
2020-07-01,58.405143681508235
2020-07-02,56.94046664722351
2020-07-03,54.81546392033111
2020-07-04,53.21403935736841
2020-07-05,52.754421193815084
2020-07-06,52.80329432611996
2020-07-07,53.20001709155156
2020-07-08,53.56563335472605
2020-07-09,53.43642985002319
2020-07-10,52.38498653719139
2020-07-11,51.705479598453756
2020-07-12,51.70868767137391
2020-07-13,51.590904863873476
2020-07-14,51.48016912621934
2020-07-15,51.65518319475376
2020-07-16,52.871487974730776
2020-07-17,52.55392820894913
2020-07-18,52.441339739817295
2020-07-19,52.538521654692644
2020-07-20,52.36533073087053
2020-07-21,52.93898912313682
2020-07-22,54.04336760309806
2020-07-23,55.333024141684064
2020-07-24,54.92210800469161
2020-07-25,55.022415331644495
2020-07-26,56.470939961940445
2020-07-27,62.17850925027871
2020-07-28,65.56262364407934
2020-07-29,66.44352624589598
2020-07-30,66.38248004158581
2020-07-31,65.44129308758117
2020-08-01,66.58032566476209
2020-08-02,69.4330357082643
2020-08-03,70.05641295857515
2020-08-04,69.71747523502466
2020-08-05,69.63016637770599
2020-08-06,68.2039010173239
2020-08-07,66.86785487455893
2020-08-08,64.93221731313663
2020-08-09,63.04081651282381
2020-08-10,62.29009756558889
2020-08-11,62.7920818328122
2020-08-12,62.36069631630808
2020-08-13,61.417667533539316
2020-08-14,61.42916034016046
2020-08-15,62.84934557422798
2020-08-16,64.30691917056758
2020-08-17,66.10106728298126
2020-08-18,67.9242099668493
2020-08-19,68.77853002691272
2020-08-20,67.41372481080484
2020-08-21,65.46719814914655
2020-08-22,63.55218284096557
2020-08-23,61.481845270751194
2020-08-24,61.22333815755692
2020-08-25,60.77388143959572
2020-08-26,59.282463344734
2020-08-27,58.23293573840665
2020-08-28,56.773551913195554
2020-08-29,55.188024134047296
2020-08-30,54.18956451683671
2020-08-31,54.51148969078909
2020-09-01,54.45480852072614
2020-09-02,54.256627944339236
2020-09-03,56.91504579304475
2020-09-04,58.62112851194746
2020-09-05,61.06350468528149
2020-09-06,63.52549132787489
2020-09-07,64.57870097715016
2020-09-08,66.33591427045059
2020-09-09,68.00803931715126
2020-09-10,68.6201517995004
2020-09-11,67.84181071812455
2020-09-12,66.77797372532653
2020-09-13,66.06104822534617
2020-09-14,65.43211341450544
2020-09-15,65.82276381632137
2020-09-16,67.45048490343721
2020-09-17,66.26227243884773
2020-09-18,67.80140858268196
2020-09-19,67.00982684513416
2020-09-20,64.4110309647851
2020-09-21,63.31759025388221
2020-09-22,61.85976016575597
2020-09-23,60.28030166456335
2020-09-24,58.981075162961886
2020-09-25,57.22813632998989
2020-09-26,55.31254548491172
2020-09-27,53.388785912599886
2020-09-28,52.23180295676892
2020-09-29,52.2899482272889
2020-09-30,52.16251459068725
2020-10-01,52.54582553095271
2020-10-02,53.03403289869925
2020-10-03,52.00824636085204
2020-10-04,51.02897491647314
2020-10-05,50.28889151745942
2020-10-06,49.2418653119727
2020-10-07,48.874784189198216
2020-10-08,48.518436433759994
2020-10-09,47.16236626885403
2020-10-10,46.83731605105347
2020-10-11,46.69737683420233
2020-10-12,47.041408212261544
2020-10-13,46.97545602155066
2020-10-14,45.97400868559332
2020-10-15,45.79791275382345
2020-10-16,46.80252725499527
2020-10-17,46.738349763759615
2020-10-18,47.23489696821457
2020-10-19,47.46315197370268
2020-10-20,48.75382646296583
2020-10-21,50.63104694321909
2020-10-22,52.241086761314676
2020-10-23,52.589461086228866
2020-10-24,52.72855554910655
2020-10-25,52.96913076110585
2020-10-26,53.25301566969317
2020-10-27,54.083377057289425
2020-10-28,55.40895517296628
2020-10-29,55.80605626918691
2020-10-30,56.05935443597168
2020-10-31,57.419527627078196
2020-11-01,58.74404748968511
2020-11-02,60.28221038667873
2020-11-03,61.777282506049154
2020-11-04,62.03463136083965
2020-11-05,62.80340855213191
2020-11-06,64.30767093068914
2020-11-07,63.93853000522802
2020-11-08,63.3639951148902
2020-11-09,63.857027297432275
2020-11-10,62.87776150642659
2020-11-11,61.9424156012857
2020-11-12,62.18355357464305
2020-11-13,63.02960424576729
2020-11-14,63.26390015608328
2020-11-15,63.77002196262288
2020-11-16,64.2536298623229
2020-11-17,66.62437109009379
2020-11-18,70.82494666609068
2020-11-19,71.91042765741125
2020-11-20,72.534443137405
2020-11-21,74.727025891954
2020-11-22,75.93311008711272
2020-11-23,77.59241644071479
2020-11-24,79.20236320782007
2020-11-25,79.58857686741074
2020-11-26,81.26489272390577
2020-11-27,81.2197409160802
2020-11-28,79.06845915949502
2020-11-29,77.52294883624613
2020-11-30,79.10332548784412
2020-12-01,82.65177634703731
2020-12-02,81.98671956225232
2020-12-03,80.20062908024823
2020-12-04,78.42419680946021
2020-12-05,77.0723534516387
2020-12-06,76.22553993777365
2020-12-07,75.71046574055566
2020-12-08,75.55086236875078
2020-12-09,75.11773394594707
2020-12-10,74.12232775435353
2020-12-11,73.60105766613133
2020-12-12,73.21788578753764
2020-12-13,72.67129109548415
2020-12-14,72.28062660456975
2020-12-15,72.31075600881867
2020-12-16,73.89214301367382
2020-12-17,78.54160742426788
2020-12-18,81.40676819997867
2020-12-19,82.52798327836253
2020-12-20,84.14124587665208
2020-12-21,84.8099098749814
2020-12-22,84.76860517564873
2020-12-23,85.16366949014657
2020-12-24,85.48422805617047
2020-12-25,85.43769755829362
2020-12-26,86.32849205510499
2020-12-27,88.01312092868552
2020-12-28,88.51728464773849
2020-12-29,88.75555890620466
2020-12-30,90.25169346949144
2020-12-31,92.37152781025111
2021-01-01,91.80239208845677
2021-01-02,93.17178430639905
2021-01-03,97.0124047444876
2021-01-04,101.29936678124082
2021-01-05,104.2244923538622
2021-01-06,108.73695461021116
2021-01-07,117.33164464158946
2021-01-08,124.89519872675123
2021-01-09,130.9520118632701
2021-01-10,137.91307326090345
2021-01-11,141.6194527850457
2021-01-12,145.95248760251712
2021-01-13,148.4610536601549
2021-01-14,152.2539506732164
2021-01-16,154.3448045364024
2021-01-17,155.7667603044113
2021-01-18,154.78784561039228
2021-01-19,153.25011248844015
2021-01-20,150.90825350772928
2021-01-21,148.53349715972297
2021-01-22,146.4681781589851
2021-01-23,140.78158579075603
2021-01-24,136.91557447901945
2021-01-25,132.8045646683188
2021-01-26,129.25973887625176
2021-01-27,128.63555877878113
2021-01-28,128.8417082896296
2021-01-29,130.41507471843227
2021-01-30,129.0103551020114
2021-01-31,126.61436213131358
2021-02-01,125.40951239787492
2021-02-02,122.01980454905578
2021-02-03,119.07214910466257
2021-02-04,116.21452338422726
2021-02-05,113.31868250062938
2021-02-06,111.58519738953521
2021-02-07,110.77993806093521
2021-02-08,115.52045245710585
2021-02-09,119.90853176155126
2021-02-10,119.96434560078414
2021-02-11,121.34404371416377
2021-02-12,121.95336306246348
2021-02-13,122.27772424701867
2021-02-14,122.59760382662552
2021-02-15,122.06725761796362
2021-02-16,122.65887306688674
2021-02-17,122.75532414424805
2021-02-18,120.50909926762097
2021-02-19,117.96875099489888
2021-02-20,115.80080835124478
2021-02-21,114.02338614811461
2021-02-22,114.89809840555898
2021-02-23,119.82578655652924
2021-02-24,119.6487335307352
2021-02-25,118.68805589958912
2021-02-26,119.05385884506914
2021-02-27,116.88221369843895
2021-02-28,116.2957422153632
2021-03-01,114.18353998397416
2021-03-02,110.59136346333045
2021-03-03,107.64623597858301
2021-03-04,105.62201766820503
2021-03-05,104.39150582900062
2021-03-06,103.03952044788359
2021-03-07,101.90849298963226
2021-03-08,100.91351627679495
2021-03-09,99.79175926444162
2021-03-10,99.07013209547003
2021-03-11,101.27071225570032
2021-03-12,101.40423789570728
2021-03-13,102.00394655526954
2021-03-14,102.37876864332219
2021-03-15,103.74401597905907
2021-03-16,109.4089295638653
2021-03-17,108.08116418710102
2021-03-18,105.51565585473277
2021-03-19,102.63589497717841
2021-03-20,101.13402277560311
2021-03-21,97.72948993862124
2021-03-22,94.50053476269571
2021-03-23,92.0470253738192
2021-03-24,90.66254980667591
2021-03-25,90.8741558093522
2021-03-26,88.99374642369241
2021-03-27,86.70633333862003
2021-03-28,84.55386892397996
2021-03-29,82.95082859349012
2021-03-30,82.36160844880538
2021-03-31,81.97900737792227
2021-04-01,80.97012056177662
2021-04-02,79.95599851428979
2021-04-03,79.1397287247164
2021-04-04,78.2158445067397
2021-04-05,77.3493769994848
2021-04-06,76.58670090573074
2021-04-07,76.04441148583004
2021-04-08,73.85531940078317
2021-04-09,72.44715812735953
2021-04-10,72.82600938344531
2021-04-11,73.008484210867
2021-04-12,73.48370402356474
2021-04-13,75.08496846496037
2021-04-14,75.49267043606946
2021-04-15,74.74442131784826
2021-04-16,73.80135937970263
2021-04-17,73.27126070574649
2021-04-18,78.04442894747083
2021-04-19,78.4364551200148
2021-04-20,79.45881928777044
2021-04-21,79.06568652614459
2021-04-22,80.84346568372801
2021-04-23,85.47437922974687
2021-04-24,87.54318261496061
2021-04-25,88.7728743056268
2021-04-26,87.50154972791802
2021-04-27,86.0297042611481
2021-04-28,84.90300225576615
2021-04-29,84.14499289463109
2021-04-30,82.61894016387663
2021-05-01,81.27573101893768
2021-05-02,80.59544334597985
2021-05-03,79.86269649827504
2021-05-04,81.06352385564031
2021-05-05,82.66327784925791
2021-05-06,82.451539499752
2021-05-07,81.51939006615984
2021-05-08,80.84645946453743
2021-05-09,80.83092523028223
2021-05-10,83.01656437724577
2021-05-11,83.39551239361109
2021-05-12,85.56985099333995
2021-05-13,87.93459934016369
2021-05-14,88.81595126799041
2021-05-15,91.74028529019323
2021-05-16,96.4505420771511
2021-05-17,106.05020555924416
2021-05-18,108.5802054355743
2021-05-19,116.58451032769413
2021-05-20,120.15058577043983
2021-05-21,123.80315987903822
2021-05-22,129.5751519378494
2021-05-24,132.38792891322845
2021-05-25,132.75110274589292
2021-05-26,130.52996682492312
2021-05-27,127.44135140170248
2021-05-28,126.80025274298075
2021-05-29,128.74221016752742
2021-05-30,130.33966243667703
2021-05-31,128.38239327352522
2021-06-01,124.75704784045875
2021-06-02,121.15686985737383
2021-06-03,116.20943244778698
2021-06-04,114.76279957531223
2021-06-05,113.89150292687847
2021-06-06,113.22868108845765
2021-06-07,112.5434185958915
2021-06-08,114.95835681426912
2021-06-09,114.14390573991487
2021-06-10,111.77002503472224
2021-06-11,109.34279923117828
2021-06-12,107.82733316299523
2021-06-13,106.64225210509491
2021-06-14,106.64121737694259
2021-06-15,105.00372045377401
2021-06-16,103.30411639809049
2021-06-17,101.63135202188852
2021-06-18,101.2168030316915
2021-06-19,99.92199035910178
2021-06-20,100.3397253846096
2021-06-21,103.22203334079587
2021-06-22,106.50924799195931
2021-06-23,106.37189791112925
2021-06-24,104.7513795630807
2021-06-25,103.81592603677267
2021-06-26,105.33515641534821
2021-06-27,105.45516332524106
2021-06-28,105.62720637912238
2021-06-29,105.60212833645397
2021-06-30,104.82165351787224
2021-07-01,104.02779147328823
2021-07-02,103.11149241309268
2021-07-03,101.34695830033013
2021-07-04,99.61487637984946
2021-07-05,98.16361859069795
2021-07-06,96.98926966159534
2021-07-07,95.40760583657334
2021-07-08,94.43428099609355
2021-07-09,92.64278863179996
2021-07-10,91.1064069768994
2021-07-11,88.78049767597201
2021-07-12,87.09577544426371
2021-07-13,86.42388465500287
2021-07-14,85.29101758376507
2021-07-15,84.39640252442447
2021-07-16,83.60251794084485
2021-07-17,82.84449784752049
2021-07-18,81.70928885791946
2021-07-19,82.28056020524092
2021-07-20,85.45683961303456
2021-07-21,86.3962281922276
2021-07-22,85.98604067777114
2021-07-23,84.39395054630435
2021-07-24,83.11047276330568
2021-07-25,82.14341614179547
2021-07-26,84.3338589133273
2021-07-27,84.77663303771914
2021-07-28,86.99560759555844
2021-07-29,87.72157872482107
2021-07-30,88.99741184613
2021-07-31,88.78677527144805
2021-08-01,88.81974151097262
2021-08-02,88.34810402418606
2021-08-03,87.95532684734337
2021-08-04,87.38420802745121
2021-08-05,87.79932722337429
2021-08-06,88.17432959377184
2021-08-07,88.92378189790841
2021-08-08,89.79744413359688
2021-08-09,91.17090184587299
2021-08-10,92.48772798384857
2021-08-11,91.93164221418996
2021-08-12,92.10980469880886
2021-08-13,91.5813399077975
2021-08-14,91.71957157042672
2021-08-15,91.17363984468005
2021-08-16,90.98774587537544
2021-08-17,90.6665697946367
2021-08-18,90.10888311900214
2021-08-19,89.61214809311726
2021-08-20,88.6576445234781
2021-08-21,88.16484291560879
2021-08-22,87.44740923406616
2021-08-23,87.48515987730497
2021-08-24,86.88780085885068
2021-08-25,86.44158727854334
2021-08-26,86.09675440487999
2021-08-27,86.00433396611562
2021-08-28,85.30621087433238
2021-08-29,85.27944269410776
2021-08-30,84.99606147181427
2021-08-31,84.58921915364228
2021-09-01,85.01406460968053
2021-09-02,85.81467645898172
2021-09-03,86.09226440533708
2021-09-04,85.20744464686749
2021-09-05,85.09712896173309
2021-09-06,85.36199574511289
2021-09-07,87.32686455872602
2021-09-08,88.48699792942764
2021-09-09,88.58640602534919
2021-09-10,88.45499190260159
2021-09-11,87.47918275052115
2021-09-12,86.53939135617449
2021-09-13,86.86194207457731
2021-09-14,86.74827454327264
2021-09-15,86.75100582456402
2021-09-16,85.30322142751994
2021-09-17,83.52375426295144
2021-09-18,82.11048832875008
2021-09-19,80.7039457903403
2021-09-20,82.84253456245999
2021-09-21,86.12113570980665
2021-09-22,87.49678335323296
2021-09-23,86.1743689173643
2021-09-24,86.35015992594973
2021-09-25,85.05973129032856
2021-09-26,84.90855152409482
2021-09-27,84.28478143552339
2021-09-28,84.30883942578794
2021-09-29,84.29405803727259
2021-09-30,84.08342485396581
2021-10-01,83.3535767472547
2021-10-02,82.12099977345208
2021-10-03,81.10322381863185
2021-10-04,80.99652552536381
2021-10-05,81.2218385971658
2021-10-06,81.65748365724065
2021-10-07,81.76224582715606
2021-10-08,81.86207483271913
2021-10-09,81.7864924123508
2021-10-10,81.86285018462364
2021-10-11,82.23029029028694
2021-10-12,83.41286668709867
2021-10-13,85.39649619645914
2021-10-14,88.30957839240492
2021-10-15,91.75121168441797
2021-10-16,91.25585012353926
2021-10-17,90.66015876201516
2021-10-18,91.26668142507252
2021-10-19,91.57777046597037
2021-10-20,91.5916954458171
2021-10-21,92.6613898451712
2021-10-22,91.1531389643242
2021-10-23,89.26013932800697
2021-10-24,88.05431156735999
2021-10-25,86.30859436024245
2021-10-26,85.10596357944674
2021-10-27,84.70715891509334
2021-10-28,84.2728095840615
2021-10-29,83.77774586568488
2021-10-30,83.36079021271249
2021-10-31,83.20880542318987
2021-11-01,82.94324436567432
2021-11-02,82.73524046775928
2021-11-03,82.99062004093126
2021-11-04,82.43183575918009
2021-11-05,81.54801450052209
2021-11-06,81.09462863550432
2021-11-07,80.9517730094051
2021-11-08,80.75752311465502
2021-11-09,80.18026009444581
2021-11-10,79.85374583815391
2021-11-11,79.93281109537233
2021-11-12,80.23156123449226
2021-11-13,80.78236571296328
2021-11-14,81.07248221220512
2021-11-15,81.23196006742938
2021-11-16,82.6526741079933
2021-11-17,83.24760906101757
2021-11-18,84.35795134434348
2021-11-19,84.1327046197087
2021-11-20,82.81024983638382
2021-11-21,81.91497755144405
2021-11-22,81.4653786176416
2021-11-23,81.69603254716428
2021-11-24,82.56381046505032
2021-11-25,82.44047008136529
2021-11-26,82.64936248371501
2021-11-27,81.86336819230313
2021-11-28,81.83838021210461
2021-11-29,81.80599700002837
2021-11-30,81.45596786716608
2021-12-01,80.84166619778804
2021-12-02,80.69664845396186
2021-12-03,81.11417749931725
2021-12-04,83.29287396261802
2021-12-05,83.77348824130598
2021-12-06,84.48927390135412
2021-12-07,83.92515828094966
2021-12-08,83.5328808293228
2021-12-09,83.92618185653828
2021-12-10,84.32395477621601
2021-12-11,84.32821459847622
2021-12-12,84.28011227633138
2021-12-13,85.07179373370482
2021-12-14,85.60552897011856
2021-12-15,85.14527981270307
2021-12-16,84.17870968114137
2021-12-17,83.46666341982888
2021-12-18,83.00645034841656
2021-12-19,82.44496793865385
2021-12-20,82.68190527122619
2021-12-21,82.94142106610433
2021-12-22,82.11082470685133
2021-12-23,81.16106931073645
2021-12-24,80.25064902094296
2021-12-25,79.4867887493939
2021-12-26,79.25829828219042
2021-12-27,78.97921240512662
2021-12-28,79.25421113803488
2021-12-29,79.36766839571439
2021-12-30,79.56510793227204
2021-12-31,78.99100774446399
2022-01-01,77.49368923628182
2022-01-02,75.88452095293788
2022-01-03,74.57806310994788
2022-01-04,73.25419577112874
2022-01-05,73.59942214887477
2022-01-06,73.9248863197108
2022-01-07,73.68147437596234
2022-01-08,72.62101477205391
2022-01-09,71.57074351512273
2022-01-10,71.84179999427411
2022-01-11,72.35567454932833
2022-01-12,71.78332594287608
2022-01-13,70.32019138088306
2022-01-14,68.23032412194513
2022-01-15,66.08526747785741
2022-01-16,64.58917875654708
2022-01-17,64.12130716881357
2022-01-18,63.690516057298396
2022-01-19,64.12743826319505
2022-01-20,64.01964397275889
2022-01-21,67.12944673838288
2022-01-22,71.47573976522345
2022-01-23,74.1055657837092
2022-01-24,77.94851698835737
2022-01-25,78.78318590664962
2022-01-26,79.59561642070045
2022-01-27,80.02147834812523
2022-01-28,79.55171766772722
2022-01-29,78.58031799606877
2022-01-30,77.1094715513153
2022-01-31,75.82911596737654
2022-02-01,74.49832351480173
2022-02-02,74.49280273041704
2022-02-03,73.93576214519803
2022-02-04,73.05672497254825
2022-02-05,71.97395806816158
2022-02-06,71.09512428067362
2022-02-07,71.53180534854111
2022-02-08,71.08874996210147
2022-02-09,70.35565479736624
2022-02-10,69.8799464736224
2022-02-11,69.84720108214489
2022-02-12,69.81222934114155
2022-02-13,69.35829696833599
2022-02-14,69.43098089932849
2022-02-15,68.9246867201846
2022-02-16,67.92223992727588
2022-02-17,67.99919727630893
2022-02-18,67.80167755245998
2022-02-19,67.03192994350299
2022-02-20,67.82420465787392
2022-02-21,69.51878298214328
2022-02-22,72.03006099834742
2022-02-23,71.9930911589139
2022-02-24,76.13064326030769
2022-02-25,75.53466678001631
2022-02-26,74.37915671093485
2022-02-27,74.98862736469755
2022-02-28,77.70782028084635
2022-03-01,78.29258717216977
2022-03-02,78.12480640217515
2022-03-03,77.39776347427693
2022-03-04,77.98268411521525
2022-03-05,78.25293799622409
2022-03-06,78.13153332792263
2022-03-07,78.98577650159612
2022-03-08,79.93268426578827
2022-03-09,80.80501418818854
2022-03-10,81.96467950540509
2022-03-11,81.25849694640799
2022-03-12,80.85584163592732
2022-03-13,81.38814391601397
2022-03-14,82.6356327867582
2022-03-15,83.04713892458297
2022-03-16,83.96588097416058
2022-03-17,83.1581250952731
2022-03-18,81.13699690287494
2022-03-19,78.71862856331138
2022-03-20,77.41072639180234
2022-03-21,76.37773968565259
2022-03-22,75.26659535510136
2022-03-23,73.424379331741
2022-03-24,71.65577207444674
2022-03-25,69.71229362192722
2022-03-26,67.9184877000325
2022-03-27,67.53187198435342
2022-03-28,67.02988823943627
2022-03-29,65.40212572452334
2022-03-30,63.95391720068962
2022-03-31,63.70456065195445
2022-04-01,62.90645338088284
2022-04-02,62.052536201891144
2022-04-03,61.093258032026675
2022-04-04,60.74902494859156
2022-04-05,60.79431292806013
2022-04-06,60.56431751039423
2022-04-07,60.59113629283342
2022-04-08,59.50800953620633
2022-04-09,58.62904643369767
2022-04-10,58.13252789327088
2022-04-11,59.42550813651266
2022-04-12,59.93679329439145
2022-04-13,59.561403914300286
2022-04-14,59.030823327107896
2022-04-15,58.00248356186214
2022-04-16,57.01953829777918
2022-04-17,56.76668519154385
2022-04-18,58.46584971527301
2022-04-19,58.18633408262948
2022-04-20,57.95248171795839
2022-04-21,58.332706522764
2022-04-22,58.184271086980246
2022-04-23,57.60193506222098
2022-04-24,57.72723200387608
2022-04-25,59.7091393474095
2022-04-26,61.26781801319093
2022-04-27,61.98786011354595
2022-04-28,61.91475178887381
2022-04-29,61.02390708344171
2022-04-30,60.043910290807936
2022-05-01,60.153360903780424
2022-05-02,60.07485020196126
2022-05-03,60.13573405475658
2022-05-04,60.722897215684355
2022-05-05,61.40349070299088
2022-05-06,61.64665564521859
2022-05-07,61.705800981236344
2022-05-08,63.15178159417703
2022-05-09,68.4067062453289
2022-05-10,72.35327069983089
2022-05-11,79.79580594269892
2022-05-12,90.61186727242116
2022-05-13,91.0984814258073
2022-05-14,90.66334415737245
2022-05-15,90.05651777782052
2022-05-16,90.35078079282994
2022-05-17,89.58457237477751
2022-05-18,88.9449504850118
2022-05-19,88.86874144653015
2022-05-20,87.72834747566291
2022-05-21,86.17279567094798
2022-05-22,84.34069070009453
2022-05-23,82.89836821777754
2022-05-24,82.0300325804689
2022-05-25,81.0000863566452
2022-05-26,82.39254866560489
2022-05-27,81.9624296954012
2022-05-28,81.35542265930263
2022-05-29,80.30355878228957
2022-05-30,79.03253531166838
2022-05-31,77.8313316626632
2022-06-01,77.1207453690092
2022-06-02,75.7938438429023
2022-06-03,75.15252546144907
2022-06-04,73.4437816523849
2022-06-05,72.68275396180314
2022-06-06,71.66949877822263
2022-06-07,71.95903196348445
2022-06-08,72.29337063278575
2022-06-09,72.65474530270933
2022-06-10,73.36590728837449
2022-06-11,74.76877910914853
2022-06-12,77.57555223156429
2022-06-13,90.00658634769452
2022-06-14,100.38179438935067
2022-06-15,113.3395794842657
2022-06-16,116.40616523124018
2022-06-17,119.35100675117096
2022-06-18,125.59003540446525
2022-06-19,126.40148336576645
2022-06-20,124.9313496973327
2022-06-21,119.98222548924194
2022-06-22,116.47944059151936
2022-06-23,112.11063570421726
2022-06-24,107.2040322972459
2022-06-25,102.58365032321683
2022-06-26,99.25027672828443
2022-06-27,96.8330368818435
2022-06-28,94.7117560898649
2022-06-29,93.42333070758198
2022-06-30,94.96499577251242
2022-07-01,95.48760176857961
2022-07-02,94.45103708800092
2022-07-03,93.66803239192427
2022-07-04,92.37527247164554
2022-07-05,90.69785115354256
2022-07-06,88.89380347480494
2022-07-07,87.49732045827275
2022-07-08,86.04821798180085
2022-07-09,83.27267733399202
2022-07-10,81.04000253079363
2022-07-11,79.76914345952773
2022-07-12,80.487169421659
2022-07-13,81.00375621283747
2022-07-14,81.31442603229112
2022-07-15,80.04544962899172
2022-07-16,79.98572627228953
2022-07-17,80.47657227698302
2022-07-18,81.96305376229748
2022-07-19,83.89673125381678
2022-07-20,85.47373719007378
2022-07-21,85.95504351450592
2022-07-22,85.59065336300228
2022-07-23,85.0506267701425
2022-07-24,84.67273932311612
2022-07-25,84.96242101820971
2022-07-26,85.1662680246067
2022-07-27,83.38877115154287
2022-07-28,82.07577351731051
2022-07-29,80.53374483409507
2022-07-30,79.6625556939124
2022-07-31,78.86698307585556
2022-08-01,78.67122387211867
2022-08-02,78.46234017517729
2022-08-03,77.6060513650296
2022-08-04,76.53951506951563
2022-08-05,75.16964511899373
2022-08-06,73.88903613362633
2022-08-07,72.75710796808723
2022-08-08,72.97013215903428
2022-08-09,73.04490425362191
2022-08-10,72.63027849502808
2022-08-11,71.97270913804637
2022-08-12,70.82499164978479
2022-08-13,69.7078047766352
2022-08-14,69.29086232822333
2022-08-15,68.55365777469746
2022-08-16,68.42360602756061
2022-08-17,68.74981417530205
2022-08-18,68.66174191429187
2022-08-19,70.68280697703125
2022-08-20,71.68681323031419
2022-08-21,71.91800210536343
2022-08-22,72.59248464827296
2022-08-23,72.5765028986808
2022-08-24,71.88445801062927
2022-08-25,71.19304043898015
2022-08-26,70.44209811798275
2022-08-27,69.81653594059874
2022-08-28,69.96549325647287
2022-08-29,70.27048062611459
2022-08-30,70.19587358062205
2022-08-31,70.15757528855848
2022-09-01,70.43197992757078
2022-09-02,70.19161239815868
2022-09-03,70.16826699535366
2022-09-04,70.21944502905546
2022-09-05,70.27990588323175
2022-09-06,71.6073532026437
2022-09-07,73.26266773804664
2022-09-08,73.0138556827872
2022-09-09,72.89620383214479
2022-09-10,73.57020273406874
2022-09-11,74.30730063573898
2022-09-12,75.39672718417751
2022-09-13,78.1792344365934
2022-09-14,79.02907280305067
2022-09-15,79.12477636382968
2022-09-16,77.62836501865605
2022-09-17,75.17583032079267
2022-09-18,75.1524339849867
2022-09-19,75.7424618842515
2022-09-20,76.61889234674649
2022-09-21,78.29068031294506
2022-09-22,78.10344245649193
2022-09-23,78.82309097621692
2022-09-24,77.05510797231955
2022-09-25,76.33995564894207
2022-09-26,76.21664876177306
2022-09-27,75.95341719902483
2022-09-28,77.15066873662283
2022-09-29,76.75011143284573
2022-09-30,75.56595573378436
2022-10-01,73.7781181167029
2022-10-02,73.49506764379507
2022-10-03,73.02587137306429
2022-10-04,72.3028076786662
2022-10-05,71.5192973896282
2022-10-06,70.73013262968266
2022-10-07,69.42535725491322
2022-10-08,67.26784814199418
2022-10-09,66.33457589442438
2022-10-10,66.74632024506886
2022-10-11,67.34555567783121
2022-10-12,67.34525234020879
2022-10-13,68.26730986708654
2022-10-14,66.20503358462413
2022-10-15,63.611491358276396
2022-10-16,62.644343142053636
2022-10-17,61.75461232738841
2022-10-18,61.05563063944771
2022-10-19,59.7877436761562
2022-10-20,58.730681174073254
2022-10-21,57.31799164496171
2022-10-22,56.39192645151685
2022-10-23,56.50092877482506
2022-10-24,56.72478400030934
2022-10-25,57.59937408071663
2022-10-26,59.361609203486566
2022-10-27,59.842035912653095
2022-10-28,58.876933764672536
2022-10-29,57.96734250064891
2022-10-30,58.15112991789134
2022-10-31,58.89297190916275
2022-11-01,59.15784953572746
2022-11-02,59.175859523195975
2022-11-03,57.43129187232866
2022-11-04,56.20633408893909
2022-11-05,54.94915752070355
2022-11-06,54.031697774762016
2022-11-07,54.19742052449844
2022-11-08,61.34861106423443
2022-11-09,74.20681587045262
2022-11-10,83.44458163575125
2022-11-11,88.51072468113773
2022-11-12,92.76541490101954
2022-11-13,96.78709979724992
2022-11-14,99.89840686294399
2022-11-15,99.18180579302845
2022-11-16,100.03877378925044
2022-11-17,97.20087948411062
2022-11-18,93.50853586477571
2022-11-19,89.27153728973266
2022-11-20,88.05846411209625
2022-11-21,88.31889845969332
2022-11-22,88.61261738363767
2022-11-23,86.71974620073546
2022-11-24,83.7485835280247
2022-11-25,80.03409559496487
2022-11-26,76.39486251182485
2022-11-27,73.7167799461602
2022-11-28,72.99200790113812
2022-11-29,72.00376219949031
2022-11-30,70.31347093132923
2022-12-01,68.26712708450049
2022-12-02,65.91314313332967
2022-12-03,63.378581039578556
2022-12-04,61.95181278041892
2022-12-05,61.145124381279686
2022-12-06,60.25254598172474
