Trade Date,Underlying,Product Type,Exchange,Volume
2017/7/3,SPX,I,CBOE,530011
2017/7/5,SPX,I,CBOE,867525
2017/7/6,SPX,I,CBOE,1105161
2017/7/7,SPX,I,CBOE,1153728
2017/7/10,SPX,I,CBOE,1046062
2017/7/11,SPX,I,CBOE,736996
2017/7/12,SPX,I,CBOE,975004
2017/7/13,SPX,I,CBOE,792929
2017/7/14,SPX,I,CBOE,1324885
2017/7/17,SPX,I,CBOE,990554
2017/7/18,SPX,I,CBOE,920135
2017/7/19,SPX,I,CBOE,1275117
2017/7/20,SPX,I,CBOE,1310263
2017/7/21,SPX,I,CBOE,1090294
2017/7/24,SPX,I,CBOE,736129
2017/7/25,SPX,I,CBOE,997131
2017/7/26,SPX,I,CBOE,1106593
2017/7/27,SPX,I,CBOE,1025239
2017/7/28,SPX,I,CBOE,994779
2017/7/31,SPX,I,CBOE,986529
2017/8/1,SPX,I,CBOE,895500
2017/8/2,SPX,I,CBOE,945971
2017/8/3,SPX,I,CBOE,754433
2017/8/4,SPX,I,CBOE,1256022
2017/8/7,SPX,I,CBOE,824329
2017/8/8,SPX,I,CBOE,1030654
2017/8/9,SPX,I,CBOE,1231103
2017/8/10,SPX,I,CBOE,1598737
2017/8/11,SPX,I,CBOE,1441024
2017/8/14,SPX,I,CBOE,1243633
2017/8/15,SPX,I,CBOE,1057691
2017/8/16,SPX,I,CBOE,1716327
2017/8/17,SPX,I,CBOE,1562816
2017/8/18,SPX,I,CBOE,1720851
2017/8/21,SPX,I,CBOE,1078617
2017/8/22,SPX,I,CBOE,1318364
2017/8/23,SPX,I,CBOE,1012290
2017/8/24,SPX,I,CBOE,785169
2017/8/25,SPX,I,CBOE,1036978
2017/8/28,SPX,I,CBOE,970761
2017/8/29,SPX,I,CBOE,917599
2017/8/30,SPX,I,CBOE,1060079
2017/8/31,SPX,I,CBOE,1378116
2017/9/1,SPX,I,CBOE,1112761
2017/9/5,SPX,I,CBOE,1448820
2017/9/6,SPX,I,CBOE,1069298
2017/9/7,SPX,I,CBOE,852653
2017/9/8,SPX,I,CBOE,1166213
2017/9/11,SPX,I,CBOE,1589291
2017/9/12,SPX,I,CBOE,1515587
2017/9/13,SPX,I,CBOE,1047016
2017/9/14,SPX,I,CBOE,1341007
2017/9/15,SPX,I,CBOE,1361298
2017/9/18,SPX,I,CBOE,1356502
2017/9/19,SPX,I,CBOE,966823
2017/9/20,SPX,I,CBOE,1395766
2017/9/21,SPX,I,CBOE,936352
2017/9/22,SPX,I,CBOE,903791
2017/9/25,SPX,I,CBOE,1167816
2017/9/26,SPX,I,CBOE,818687
2017/9/27,SPX,I,CBOE,1371646
2017/9/28,SPX,I,CBOE,991833
2017/9/29,SPX,I,CBOE,1386281
2017/10/2,SPX,I,CBOE,1620274
2017/10/3,SPX,I,CBOE,1104325
2017/10/4,SPX,I,CBOE,1594136
2017/10/5,SPX,I,CBOE,1736208
2017/10/6,SPX,I,CBOE,1313925
2017/10/9,SPX,I,CBOE,941101
2017/10/10,SPX,I,CBOE,1010621
2017/10/11,SPX,I,CBOE,895928
2017/10/12,SPX,I,CBOE,1150105
2017/10/13,SPX,I,CBOE,1034049
2017/10/16,SPX,I,CBOE,1241790
2017/10/17,SPX,I,CBOE,1008984
2017/10/18,SPX,I,CBOE,1267074
2017/10/19,SPX,I,CBOE,1175643
2017/10/20,SPX,I,CBOE,1753299
2017/10/23,SPX,I,CBOE,1361754
2017/10/24,SPX,I,CBOE,906540
2017/10/25,SPX,I,CBOE,1618655
2017/10/26,SPX,I,CBOE,822637
2017/10/27,SPX,I,CBOE,1535533
2017/10/30,SPX,I,CBOE,1173723
2017/10/31,SPX,I,CBOE,881139
2017/11/1,SPX,I,CBOE,1343475
2017/11/2,SPX,I,CBOE,976282
2017/11/3,SPX,I,CBOE,1485057
2017/11/6,SPX,I,CBOE,1212136
2017/11/7,SPX,I,CBOE,1379720
2017/11/8,SPX,I,CBOE,963873
2017/11/9,SPX,I,CBOE,1660671
2017/11/10,SPX,I,CBOE,1428531
2017/11/13,SPX,I,CBOE,1129313
2017/11/14,SPX,I,CBOE,1287259
2017/11/15,SPX,I,CBOE,1621325
2017/11/16,SPX,I,CBOE,1369948
2017/11/17,SPX,I,CBOE,1470838
2017/11/20,SPX,I,CBOE,1258149
2017/11/21,SPX,I,CBOE,1784127
2017/11/22,SPX,I,CBOE,1210794
2017/11/24,SPX,I,CBOE,744313
2017/11/27,SPX,I,CBOE,1377170
2017/11/28,SPX,I,CBOE,1688831
2017/11/29,SPX,I,CBOE,1627899
2017/11/30,SPX,I,CBOE,2253253
2017/12/1,SPX,I,CBOE,2043528
2017/12/4,SPX,I,CBOE,1536753
2017/12/5,SPX,I,CBOE,1104017
2017/12/6,SPX,I,CBOE,1187072
2017/12/7,SPX,I,CBOE,1082257
2017/12/8,SPX,I,CBOE,1446736
2017/12/11,SPX,I,CBOE,1168343
2017/12/12,SPX,I,CBOE,1537476
2017/12/13,SPX,I,CBOE,1320025
2017/12/14,SPX,I,CBOE,1601504
2017/12/15,SPX,I,CBOE,1628317
2017/12/18,SPX,I,CBOE,1442507
2017/12/19,SPX,I,CBOE,1202377
2017/12/20,SPX,I,CBOE,1176503
2017/12/21,SPX,I,CBOE,989985
2017/12/22,SPX,I,CBOE,982169
2017/12/26,SPX,I,CBOE,791056
2017/12/27,SPX,I,CBOE,894429
2017/12/28,SPX,I,CBOE,879709
2017/12/29,SPX,I,CBOE,1286411
2018/1/2,SPX,I,CBOE,1180839
2018/1/3,SPX,I,CBOE,1519256
2018/1/4,SPX,I,CBOE,1521748
2018/1/5,SPX,I,CBOE,1637547
2018/1/8,SPX,I,CBOE,1327244
2018/1/9,SPX,I,CBOE,1300277
2018/1/10,SPX,I,CBOE,1182554
2018/1/11,SPX,I,CBOE,1587299
2018/1/12,SPX,I,CBOE,1931410
2018/1/16,SPX,I,CBOE,2049850
2018/1/17,SPX,I,CBOE,2296834
2018/1/18,SPX,I,CBOE,1670943
2018/1/19,SPX,I,CBOE,1257933
2018/1/22,SPX,I,CBOE,1470349
2018/1/23,SPX,I,CBOE,1718084
2018/1/24,SPX,I,CBOE,1638344
2018/1/25,SPX,I,CBOE,1078731
2018/1/26,SPX,I,CBOE,1798280
2018/1/29,SPX,I,CBOE,1577809
2018/1/30,SPX,I,CBOE,1493753
2018/1/31,SPX,I,CBOE,1347856
2018/2/1,SPX,I,CBOE,1178075
2018/2/2,SPX,I,CBOE,2141211
2018/2/5,SPX,I,CBOE,2685821
2018/2/6,SPX,I,CBOE,2754184
2018/2/7,SPX,I,CBOE,1859327
2018/2/8,SPX,I,CBOE,1913210
2018/2/9,SPX,I,CBOE,3213399
2018/2/12,SPX,I,CBOE,1837061
2018/2/13,SPX,I,CBOE,1572456
2018/2/14,SPX,I,CBOE,1941062
2018/2/15,SPX,I,CBOE,1747426
2018/2/16,SPX,I,CBOE,1959795
2018/2/20,SPX,I,CBOE,1125814
2018/2/21,SPX,I,CBOE,1303921
2018/2/22,SPX,I,CBOE,1116477
2018/2/23,SPX,I,CBOE,1633147
2018/2/26,SPX,I,CBOE,1690589
2018/2/27,SPX,I,CBOE,1607042
2018/2/28,SPX,I,CBOE,1358834
2018/3/1,SPX,I,CBOE,1851811
2018/3/2,SPX,I,CBOE,1667778
2018/3/5,SPX,I,CBOE,1531625
2018/3/6,SPX,I,CBOE,961228
2018/3/7,SPX,I,CBOE,1140259
2018/3/8,SPX,I,CBOE,885075
2018/3/9,SPX,I,CBOE,2200585
2018/3/12,SPX,I,CBOE,1502306
2018/3/13,SPX,I,CBOE,1346643
2018/3/14,SPX,I,CBOE,1438266
2018/3/15,SPX,I,CBOE,1340152
2018/3/16,SPX,I,CBOE,1464258
2018/3/19,SPX,I,CBOE,1723478
2018/3/20,SPX,I,CBOE,1182328
2018/3/21,SPX,I,CBOE,1260201
2018/3/22,SPX,I,CBOE,1854449
2018/3/23,SPX,I,CBOE,2163863
2018/3/26,SPX,I,CBOE,1757694
2018/3/27,SPX,I,CBOE,1535093
2018/3/28,SPX,I,CBOE,1853061
2018/3/29,SPX,I,CBOE,1875657
2018/4/2,SPX,I,CBOE,1753462
2018/4/3,SPX,I,CBOE,1386712
2018/4/4,SPX,I,CBOE,1250930
2018/4/5,SPX,I,CBOE,1209114
2018/4/6,SPX,I,CBOE,1772981
2018/4/9,SPX,I,CBOE,1346414
2018/4/10,SPX,I,CBOE,1080793
2018/4/11,SPX,I,CBOE,1450893
2018/4/12,SPX,I,CBOE,1291181
2018/4/13,SPX,I,CBOE,1493411
2018/4/16,SPX,I,CBOE,1445241
2018/4/17,SPX,I,CBOE,1827994
2018/4/18,SPX,I,CBOE,1551532
2018/4/19,SPX,I,CBOE,1359431
2018/4/20,SPX,I,CBOE,1166451
2018/4/23,SPX,I,CBOE,785046
2018/4/24,SPX,I,CBOE,1494520
2018/4/25,SPX,I,CBOE,1398938
2018/4/26,SPX,I,CBOE,1015153
2018/4/27,SPX,I,CBOE,945726
2018/4/30,SPX,I,CBOE,1107204
2018/5/1,SPX,I,CBOE,1115947
2018/5/2,SPX,I,CBOE,1110996
2018/5/3,SPX,I,CBOE,1660954
2018/5/4,SPX,I,CBOE,1352650
2018/5/7,SPX,I,CBOE,985291
2018/5/8,SPX,I,CBOE,878190
2018/5/9,SPX,I,CBOE,1454266
2018/5/10,SPX,I,CBOE,1499286
2018/5/11,SPX,I,CBOE,1702225
2018/5/14,SPX,I,CBOE,1312243
2018/5/15,SPX,I,CBOE,1218167
2018/5/16,SPX,I,CBOE,1057547
2018/5/17,SPX,I,CBOE,1178772
2018/5/18,SPX,I,CBOE,958141
2018/5/21,SPX,I,CBOE,1038173
2018/5/22,SPX,I,CBOE,1040602
2018/5/23,SPX,I,CBOE,1209613
2018/5/24,SPX,I,CBOE,1066685
2018/5/25,SPX,I,CBOE,954575
2018/5/29,SPX,I,CBOE,1471714
2018/5/30,SPX,I,CBOE,1125824
2018/5/31,SPX,I,CBOE,1229594
2018/6/1,SPX,I,CBOE,1055337
2018/6/4,SPX,I,CBOE,986134
2018/6/5,SPX,I,CBOE,860122
2018/6/6,SPX,I,CBOE,1371216
2018/6/7,SPX,I,CBOE,1439012
2018/6/8,SPX,I,CBOE,1027127
2018/6/11,SPX,I,CBOE,1372392
2018/6/12,SPX,I,CBOE,1292584
2018/6/13,SPX,I,CBOE,1129137
2018/6/14,SPX,I,CBOE,1208244
2018/6/15,SPX,I,CBOE,1410666
2018/6/18,SPX,I,CBOE,1329201
2018/6/19,SPX,I,CBOE,980386
2018/6/20,SPX,I,CBOE,1311137
2018/6/21,SPX,I,CBOE,1073082
2018/6/22,SPX,I,CBOE,1040257
2018/6/25,SPX,I,CBOE,1629229
2018/6/26,SPX,I,CBOE,1056517
2018/6/27,SPX,I,CBOE,1308523
2018/6/28,SPX,I,CBOE,1316213
2018/6/29,SPX,I,CBOE,1197663
2018/7/2,SPX,I,CBOE,998185
2018/7/3,SPX,I,CBOE,716745
2018/7/5,SPX,I,CBOE,942521
2018/7/6,SPX,I,CBOE,1178575
2018/7/9,SPX,I,CBOE,1481154
2018/7/10,SPX,I,CBOE,1260187
2018/7/11,SPX,I,CBOE,904962
2018/7/12,SPX,I,CBOE,1283419
2018/7/13,SPX,I,CBOE,1340295
2018/7/16,SPX,I,CBOE,1129879
2018/7/17,SPX,I,CBOE,1246332
2018/7/18,SPX,I,CBOE,1321023
2018/7/19,SPX,I,CBOE,1334149
2018/7/20,SPX,I,CBOE,1115587
2018/7/23,SPX,I,CBOE,900178
2018/7/24,SPX,I,CBOE,1207773
2018/7/25,SPX,I,CBOE,1351968
2018/7/26,SPX,I,CBOE,1251801
2018/7/27,SPX,I,CBOE,1312664
2018/7/30,SPX,I,CBOE,1177873
2018/7/31,SPX,I,CBOE,1066837
2018/8/1,SPX,I,CBOE,892774
2018/8/2,SPX,I,CBOE,955452
2018/8/3,SPX,I,CBOE,1245840
2018/8/6,SPX,I,CBOE,1177482
2018/8/7,SPX,I,CBOE,1282482
2018/8/8,SPX,I,CBOE,1185950
2018/8/9,SPX,I,CBOE,949975
2018/8/10,SPX,I,CBOE,1675124
2018/8/13,SPX,I,CBOE,1184732
2018/8/14,SPX,I,CBOE,795210
2018/8/15,SPX,I,CBOE,1821651
2018/8/16,SPX,I,CBOE,1330301
2018/8/17,SPX,I,CBOE,1432447
2018/8/20,SPX,I,CBOE,1101875
2018/8/21,SPX,I,CBOE,1407212
2018/8/22,SPX,I,CBOE,1273545
2018/8/23,SPX,I,CBOE,948974
2018/8/24,SPX,I,CBOE,1248376
2018/8/27,SPX,I,CBOE,1846465
2018/8/28,SPX,I,CBOE,1516740
2018/8/29,SPX,I,CBOE,1568484
2018/8/30,SPX,I,CBOE,1493378
2018/8/31,SPX,I,CBOE,1295163
2018/9/4,SPX,I,CBOE,1197072
2018/9/5,SPX,I,CBOE,1316500
2018/9/6,SPX,I,CBOE,1342597
2018/9/7,SPX,I,CBOE,1386818
2018/9/10,SPX,I,CBOE,1064013
2018/9/11,SPX,I,CBOE,1050024
2018/9/12,SPX,I,CBOE,1184594
2018/9/13,SPX,I,CBOE,1285607
2018/9/14,SPX,I,CBOE,1375893
2018/9/17,SPX,I,CBOE,1267328
2018/9/18,SPX,I,CBOE,1152402
2018/9/19,SPX,I,CBOE,1209426
2018/9/20,SPX,I,CBOE,2174570
2018/9/21,SPX,I,CBOE,1711654
2018/9/24,SPX,I,CBOE,1325521
2018/9/25,SPX,I,CBOE,881193
2018/9/26,SPX,I,CBOE,1098857
2018/9/27,SPX,I,CBOE,1294747
2018/9/28,SPX,I,CBOE,1408061
2018/10/1,SPX,I,CBOE,1174104
2018/10/2,SPX,I,CBOE,776942
2018/10/3,SPX,I,CBOE,1150873
2018/10/4,SPX,I,CBOE,1758250
2018/10/5,SPX,I,CBOE,1659426
2018/10/8,SPX,I,CBOE,1570663
2018/10/9,SPX,I,CBOE,969482
2018/10/10,SPX,I,CBOE,2719764
2018/10/11,SPX,I,CBOE,2962451
2018/10/12,SPX,I,CBOE,2369369
2018/10/15,SPX,I,CBOE,1641906
2018/10/16,SPX,I,CBOE,1829113
2018/10/17,SPX,I,CBOE,1739270
2018/10/18,SPX,I,CBOE,1762638
2018/10/19,SPX,I,CBOE,1608277
2018/10/22,SPX,I,CBOE,1388818
2018/10/23,SPX,I,CBOE,2091402
2018/10/24,SPX,I,CBOE,1893409
2018/10/25,SPX,I,CBOE,2269244
2018/10/26,SPX,I,CBOE,2384920
2018/10/29,SPX,I,CBOE,1888117
2018/10/30,SPX,I,CBOE,1957179
2018/10/31,SPX,I,CBOE,1834572
2018/11/1,SPX,I,CBOE,1308317
2018/11/2,SPX,I,CBOE,1500175
2018/11/5,SPX,I,CBOE,1312346
2018/11/6,SPX,I,CBOE,1183873
2018/11/7,SPX,I,CBOE,2134399
2018/11/8,SPX,I,CBOE,1306811
2018/11/9,SPX,I,CBOE,1546093
2018/11/12,SPX,I,CBOE,1516077
2018/11/13,SPX,I,CBOE,1547689
2018/11/14,SPX,I,CBOE,1639800
2018/11/15,SPX,I,CBOE,1814215
2018/11/16,SPX,I,CBOE,1609064
2018/11/19,SPX,I,CBOE,1460083
2018/11/20,SPX,I,CBOE,1911482
2018/11/21,SPX,I,CBOE,1537092
2018/11/23,SPX,I,CBOE,1022624
2018/11/26,SPX,I,CBOE,1881584
2018/11/27,SPX,I,CBOE,1327305
2018/11/28,SPX,I,CBOE,1762974
2018/11/29,SPX,I,CBOE,1434828
2018/11/30,SPX,I,CBOE,1884642
2018/12/3,SPX,I,CBOE,1537534
2018/12/4,SPX,I,CBOE,2202315
2018/12/6,SPX,I,CBOE,2071576
2018/12/7,SPX,I,CBOE,2112717
2018/12/10,SPX,I,CBOE,2274469
2018/12/11,SPX,I,CBOE,1450761
2018/12/12,SPX,I,CBOE,1765450
2018/12/13,SPX,I,CBOE,1286380
2018/12/14,SPX,I,CBOE,1881054
2018/12/17,SPX,I,CBOE,2150050
2018/12/18,SPX,I,CBOE,1999883
2018/12/19,SPX,I,CBOE,2623147
2018/12/20,SPX,I,CBOE,2933946
2018/12/21,SPX,I,CBOE,2570781
2018/12/24,SPX,I,CBOE,1869449
2018/12/26,SPX,I,CBOE,2321214
2018/12/27,SPX,I,CBOE,2001835
2018/12/28,SPX,I,CBOE,1832572
2018/12/31,SPX,I,CBOE,1629823
2019/1/2,SPX,I,CBOE,1908353
2019/1/3,SPX,I,CBOE,1529161
2019/1/4,SPX,I,CBOE,1876840
2019/1/7,SPX,I,CBOE,1230169
2019/1/8,SPX,I,CBOE,1472414
2019/1/9,SPX,I,CBOE,1389464
2019/1/10,SPX,I,CBOE,1386019
2019/1/11,SPX,I,CBOE,1633653
2019/1/14,SPX,I,CBOE,990409
2019/1/15,SPX,I,CBOE,1492248
2019/1/16,SPX,I,CBOE,1611362
2019/1/17,SPX,I,CBOE,1281654
2019/1/18,SPX,I,CBOE,2031192
2019/1/22,SPX,I,CBOE,1401680
2019/1/23,SPX,I,CBOE,1047916
2019/1/24,SPX,I,CBOE,805650
2019/1/25,SPX,I,CBOE,1204877
2019/1/28,SPX,I,CBOE,1099603
2019/1/29,SPX,I,CBOE,675601
2019/1/30,SPX,I,CBOE,1252791
2019/1/31,SPX,I,CBOE,1448797
2019/2/1,SPX,I,CBOE,1576455
2019/2/4,SPX,I,CBOE,932685
2019/2/5,SPX,I,CBOE,1113469
2019/2/6,SPX,I,CBOE,1216308
2019/2/7,SPX,I,CBOE,1347080
2019/2/8,SPX,I,CBOE,1202744
2019/2/11,SPX,I,CBOE,1002005
2019/2/12,SPX,I,CBOE,1056382
2019/2/13,SPX,I,CBOE,1488157
2019/2/14,SPX,I,CBOE,1314426
2019/2/15,SPX,I,CBOE,1267317
2019/2/19,SPX,I,CBOE,921948
2019/2/20,SPX,I,CBOE,921304
2019/2/21,SPX,I,CBOE,1179831
2019/2/22,SPX,I,CBOE,1162690
2019/2/25,SPX,I,CBOE,1155162
2019/2/26,SPX,I,CBOE,1098698
2019/2/27,SPX,I,CBOE,883751
2019/2/28,SPX,I,CBOE,1125817
2019/3/1,SPX,I,CBOE,1211480
2019/3/4,SPX,I,CBOE,1422585
2019/3/5,SPX,I,CBOE,946492
2019/3/6,SPX,I,CBOE,1091714
2019/3/7,SPX,I,CBOE,1407470
2019/3/8,SPX,I,CBOE,1542360
2019/3/11,SPX,I,CBOE,1215273
2019/3/12,SPX,I,CBOE,1079835
2019/3/13,SPX,I,CBOE,1633749
2019/3/14,SPX,I,CBOE,1156541
2019/3/15,SPX,I,CBOE,1497325
2019/3/18,SPX,I,CBOE,1189424
2019/3/19,SPX,I,CBOE,1348486
2019/3/20,SPX,I,CBOE,1207138
2019/3/21,SPX,I,CBOE,938363
2019/3/22,SPX,I,CBOE,1511752
2019/3/25,SPX,I,CBOE,1079157
2019/3/26,SPX,I,CBOE,955503
2019/3/27,SPX,I,CBOE,1078170
2019/3/28,SPX,I,CBOE,913643
2019/3/29,SPX,I,CBOE,1227661
2019/4/1,SPX,I,CBOE,1387690
2019/4/2,SPX,I,CBOE,926033
2019/4/3,SPX,I,CBOE,1454927
2019/4/4,SPX,I,CBOE,892942
2019/4/5,SPX,I,CBOE,1161272
2019/4/8,SPX,I,CBOE,954771
2019/4/9,SPX,I,CBOE,1052623
2019/4/10,SPX,I,CBOE,788829
2019/4/11,SPX,I,CBOE,661006
2019/4/12,SPX,I,CBOE,1178276
2019/4/15,SPX,I,CBOE,1033367
2019/4/16,SPX,I,CBOE,979510
2019/4/17,SPX,I,CBOE,1645948
2019/4/18,SPX,I,CBOE,1272593
2019/4/22,SPX,I,CBOE,1043719
2019/4/23,SPX,I,CBOE,1214605
2019/4/24,SPX,I,CBOE,1072274
2019/4/25,SPX,I,CBOE,947150
2019/4/26,SPX,I,CBOE,1064394
2019/4/29,SPX,I,CBOE,1216336
2019/4/30,SPX,I,CBOE,1241584
2019/5/1,SPX,I,CBOE,1322899
2019/5/2,SPX,I,CBOE,1323115
2019/5/3,SPX,I,CBOE,1248115
2019/5/6,SPX,I,CBOE,1469977
2019/5/7,SPX,I,CBOE,1830605
2019/5/8,SPX,I,CBOE,1318994
2019/5/9,SPX,I,CBOE,1699488
2019/5/10,SPX,I,CBOE,1804397
2019/5/13,SPX,I,CBOE,1824098
2019/5/14,SPX,I,CBOE,1320466
2019/5/15,SPX,I,CBOE,1235690
2019/5/16,SPX,I,CBOE,1506252
2019/5/17,SPX,I,CBOE,1412629
2019/5/20,SPX,I,CBOE,979503
2019/5/21,SPX,I,CBOE,903210
2019/5/22,SPX,I,CBOE,1129678
2019/5/23,SPX,I,CBOE,1475040
2019/5/24,SPX,I,CBOE,1094276
2019/5/28,SPX,I,CBOE,1202719
2019/5/29,SPX,I,CBOE,2027110
2019/5/30,SPX,I,CBOE,1204895
2019/5/31,SPX,I,CBOE,1929272
2019/6/3,SPX,I,CBOE,1524556
2019/6/4,SPX,I,CBOE,1254795
2019/6/5,SPX,I,CBOE,1276123
2019/6/6,SPX,I,CBOE,1115713
2019/6/7,SPX,I,CBOE,1683457
2019/6/10,SPX,I,CBOE,1228196
2019/6/11,SPX,I,CBOE,1056381
2019/6/12,SPX,I,CBOE,1040454
2019/6/13,SPX,I,CBOE,850799
2019/6/14,SPX,I,CBOE,1066760
2019/6/17,SPX,I,CBOE,1034509
2019/6/18,SPX,I,CBOE,1538375
2019/6/19,SPX,I,CBOE,1551578
2019/6/20,SPX,I,CBOE,2151210
2019/6/21,SPX,I,CBOE,1539895
2019/6/24,SPX,I,CBOE,1006574
2019/6/25,SPX,I,CBOE,1379771
2019/6/26,SPX,I,CBOE,1067647
2019/6/27,SPX,I,CBOE,925541
2019/6/28,SPX,I,CBOE,1412557
2019/7/1,SPX,I,CBOE,1495629
2019/7/2,SPX,I,CBOE,1058281
2019/7/3,SPX,I,CBOE,1031323
2019/7/5,SPX,I,CBOE,1378297
2019/7/8,SPX,I,CBOE,1336825
2019/7/9,SPX,I,CBOE,753150
2019/7/10,SPX,I,CBOE,1194265
2019/7/11,SPX,I,CBOE,977591
2019/7/12,SPX,I,CBOE,1242991
2019/7/15,SPX,I,CBOE,1194013
2019/7/16,SPX,I,CBOE,1154007
2019/7/17,SPX,I,CBOE,1266652
2019/7/18,SPX,I,CBOE,1368772
2019/7/19,SPX,I,CBOE,1587886
2019/7/22,SPX,I,CBOE,1024278
2019/7/23,SPX,I,CBOE,803659
2019/7/24,SPX,I,CBOE,1209158
2019/7/25,SPX,I,CBOE,841538
2019/7/26,SPX,I,CBOE,1054584
2019/7/29,SPX,I,CBOE,878880
2019/7/30,SPX,I,CBOE,932111
2019/7/31,SPX,I,CBOE,1290613
2019/8/1,SPX,I,CBOE,1646836
2019/8/2,SPX,I,CBOE,1981325
2019/8/5,SPX,I,CBOE,2608649
2019/8/6,SPX,I,CBOE,1726580
2019/8/7,SPX,I,CBOE,1500141
2019/8/8,SPX,I,CBOE,1287934
2019/8/9,SPX,I,CBOE,1424716
2019/8/12,SPX,I,CBOE,1187774
2019/8/13,SPX,I,CBOE,1295893
2019/8/14,SPX,I,CBOE,2160537
2019/8/15,SPX,I,CBOE,1492053
2019/8/16,SPX,I,CBOE,1690527
2019/8/19,SPX,I,CBOE,1259932
2019/8/20,SPX,I,CBOE,871575
2019/8/21,SPX,I,CBOE,1289509
2019/8/22,SPX,I,CBOE,896428
2019/8/23,SPX,I,CBOE,1935602
2019/8/26,SPX,I,CBOE,1328843
2019/8/27,SPX,I,CBOE,1067573
2019/8/28,SPX,I,CBOE,1311382
2019/8/29,SPX,I,CBOE,1207405
2019/8/30,SPX,I,CBOE,1574099
2019/9/3,SPX,I,CBOE,1193796
2019/9/4,SPX,I,CBOE,1256784
2019/9/5,SPX,I,CBOE,1512084
2019/9/6,SPX,I,CBOE,1382765
2019/9/9,SPX,I,CBOE,1314627
2019/9/10,SPX,I,CBOE,1020916
2019/9/11,SPX,I,CBOE,1229483
2019/9/12,SPX,I,CBOE,1428434
2019/9/13,SPX,I,CBOE,1380293
2019/9/16,SPX,I,CBOE,1209834
2019/9/17,SPX,I,CBOE,1069458
2019/9/18,SPX,I,CBOE,1798682
2019/9/19,SPX,I,CBOE,1555601
2019/9/20,SPX,I,CBOE,1590547
2019/9/23,SPX,I,CBOE,1130127
2019/9/24,SPX,I,CBOE,1517460
2019/9/25,SPX,I,CBOE,1314164
2019/9/26,SPX,I,CBOE,938938
2019/9/27,SPX,I,CBOE,1845645
2019/9/30,SPX,I,CBOE,1230528
2019/10/1,SPX,I,CBOE,1219135
2019/10/2,SPX,I,CBOE,2268911
2019/10/3,SPX,I,CBOE,1548854
2019/10/4,SPX,I,CBOE,1454485
2019/10/7,SPX,I,CBOE,1111105
2019/10/8,SPX,I,CBOE,1198935
2019/10/9,SPX,I,CBOE,1081885
2019/10/10,SPX,I,CBOE,1247506
2019/10/11,SPX,I,CBOE,1740835
2019/10/14,SPX,I,CBOE,1168691
2019/10/15,SPX,I,CBOE,1395234
2019/10/16,SPX,I,CBOE,1565278
2019/10/17,SPX,I,CBOE,1211002
2019/10/18,SPX,I,CBOE,1438673
2019/10/21,SPX,I,CBOE,965133
2019/10/22,SPX,I,CBOE,827746
2019/10/23,SPX,I,CBOE,937595
2019/10/24,SPX,I,CBOE,809116
2019/10/25,SPX,I,CBOE,1146293
2019/10/28,SPX,I,CBOE,1274521
2019/10/29,SPX,I,CBOE,978508
2019/10/30,SPX,I,CBOE,1159561
2019/10/31,SPX,I,CBOE,1534990
2019/11/1,SPX,I,CBOE,1427494
2019/11/4,SPX,I,CBOE,1264613
2019/11/5,SPX,I,CBOE,890924
2019/11/6,SPX,I,CBOE,909124
2019/11/7,SPX,I,CBOE,1147593
2019/11/8,SPX,I,CBOE,1057437
2019/11/11,SPX,I,CBOE,915165
2019/11/12,SPX,I,CBOE,989489
2019/11/13,SPX,I,CBOE,1226101
2019/11/14,SPX,I,CBOE,1149675
2019/11/15,SPX,I,CBOE,1494013
2019/11/18,SPX,I,CBOE,1101313
2019/11/19,SPX,I,CBOE,877794
2019/11/20,SPX,I,CBOE,1472213
2019/11/21,SPX,I,CBOE,924841
2019/11/22,SPX,I,CBOE,1083221
2019/11/25,SPX,I,CBOE,1144448
2019/11/26,SPX,I,CBOE,903052
2019/11/27,SPX,I,CBOE,1416099
2019/11/29,SPX,I,CBOE,855376
2019/12/2,SPX,I,CBOE,1604982
2019/12/3,SPX,I,CBOE,1387649
2019/12/4,SPX,I,CBOE,1168337
2019/12/5,SPX,I,CBOE,725786
2019/12/6,SPX,I,CBOE,1465933
2019/12/9,SPX,I,CBOE,1151923
2019/12/10,SPX,I,CBOE,963563
2019/12/11,SPX,I,CBOE,1024104
2019/12/12,SPX,I,CBOE,1424371
2019/12/13,SPX,I,CBOE,1845066
2019/12/16,SPX,I,CBOE,1830937
2019/12/17,SPX,I,CBOE,1126811
2019/12/18,SPX,I,CBOE,1252603
2019/12/19,SPX,I,CBOE,1318189
2019/12/20,SPX,I,CBOE,1781766
2019/12/23,SPX,I,CBOE,1055240
2019/12/24,SPX,I,CBOE,449503
2019/12/26,SPX,I,CBOE,693793
2019/12/27,SPX,I,CBOE,1222065
2019/12/30,SPX,I,CBOE,1220065
2019/12/31,SPX,I,CBOE,1409904
2020/1/2,SPX,I,CBOE,1106409
2020/1/3,SPX,I,CBOE,1510535
2020/1/6,SPX,I,CBOE,1283496
2020/1/7,SPX,I,CBOE,985736
2020/1/8,SPX,I,CBOE,1513507
2020/1/9,SPX,I,CBOE,1290156
2020/1/10,SPX,I,CBOE,1512322
2020/1/13,SPX,I,CBOE,1407264
2020/1/14,SPX,I,CBOE,1225993
2020/1/15,SPX,I,CBOE,1458100
2020/1/16,SPX,I,CBOE,1502310
2020/1/17,SPX,I,CBOE,1611597
2020/1/21,SPX,I,CBOE,1135012
2020/1/22,SPX,I,CBOE,1416323
2020/1/23,SPX,I,CBOE,1071675
2020/1/24,SPX,I,CBOE,1834561
2020/1/27,SPX,I,CBOE,1760260
2020/1/28,SPX,I,CBOE,1069114
2020/1/29,SPX,I,CBOE,1188194
2020/1/30,SPX,I,CBOE,1197739
2020/1/31,SPX,I,CBOE,1952245
2020/2/3,SPX,I,CBOE,1243207
2020/2/4,SPX,I,CBOE,1365599
2020/2/5,SPX,I,CBOE,1405348
2020/2/6,SPX,I,CBOE,1176412
2020/2/7,SPX,I,CBOE,1412458
2020/2/10,SPX,I,CBOE,1207827
2020/2/11,SPX,I,CBOE,1466025
2020/2/12,SPX,I,CBOE,1369570
2020/2/13,SPX,I,CBOE,1176392
2020/2/14,SPX,I,CBOE,1325018
2020/2/18,SPX,I,CBOE,1631462
2020/2/19,SPX,I,CBOE,1666383
2020/2/20,SPX,I,CBOE,1634614
2020/2/21,SPX,I,CBOE,1782449
2020/2/24,SPX,I,CBOE,2761070
2020/2/25,SPX,I,CBOE,2382994
2020/2/26,SPX,I,CBOE,2538884
2020/2/27,SPX,I,CBOE,2833002
2020/2/28,SPX,I,CBOE,3594437
2020/3/2,SPX,I,CBOE,2289135
2020/3/3,SPX,I,CBOE,1582850
2020/3/4,SPX,I,CBOE,2085874
2020/3/5,SPX,I,CBOE,1511953
2020/3/6,SPX,I,CBOE,2446350
2020/3/9,SPX,I,CBOE,2349556
2020/3/10,SPX,I,CBOE,2084985
2020/3/11,SPX,I,CBOE,2173220
2020/3/12,SPX,I,CBOE,3043565
2020/3/13,SPX,I,CBOE,3212605
2020/3/16,SPX,I,CBOE,1905334
2020/3/17,SPX,I,CBOE,1978088
2020/3/18,SPX,I,CBOE,2516199
2020/3/19,SPX,I,CBOE,1870309
2020/3/20,SPX,I,CBOE,1743467
2020/3/23,SPX,I,CBOE,1599108
2020/3/24,SPX,I,CBOE,1531024
2020/3/25,SPX,I,CBOE,1756980
2020/3/26,SPX,I,CBOE,1408481
2020/3/27,SPX,I,CBOE,1434371
2020/3/30,SPX,I,CBOE,1311627
2020/3/31,SPX,I,CBOE,1586035
2020/4/1,SPX,I,CBOE,1448588
2020/4/2,SPX,I,CBOE,1146722
2020/4/3,SPX,I,CBOE,1388454
2020/4/6,SPX,I,CBOE,1436783
2020/4/7,SPX,I,CBOE,1327009
2020/4/8,SPX,I,CBOE,1277747
2020/4/9,SPX,I,CBOE,1425991
2020/4/13,SPX,I,CBOE,1020637
2020/4/14,SPX,I,CBOE,1262028
2020/4/15,SPX,I,CBOE,1355906
2020/4/16,SPX,I,CBOE,1062073
2020/4/17,SPX,I,CBOE,1266141
2020/4/20,SPX,I,CBOE,1076630
2020/4/21,SPX,I,CBOE,887723
2020/4/22,SPX,I,CBOE,857801
2020/4/23,SPX,I,CBOE,845101
2020/4/24,SPX,I,CBOE,1126153
2020/4/27,SPX,I,CBOE,1083875
2020/4/28,SPX,I,CBOE,833758
2020/4/29,SPX,I,CBOE,1277455
2020/4/30,SPX,I,CBOE,1118639
2020/5/1,SPX,I,CBOE,1357973
2020/5/4,SPX,I,CBOE,977433
2020/5/5,SPX,I,CBOE,859837
2020/5/6,SPX,I,CBOE,911180
2020/5/7,SPX,I,CBOE,834903
2020/5/8,SPX,I,CBOE,1098352
2020/5/11,SPX,I,CBOE,1128951
2020/5/12,SPX,I,CBOE,977368
2020/5/13,SPX,I,CBOE,1649254
2020/5/14,SPX,I,CBOE,1212465
2020/5/15,SPX,I,CBOE,1127602
2020/5/18,SPX,I,CBOE,1213466
2020/5/19,SPX,I,CBOE,797700
2020/5/20,SPX,I,CBOE,1051813
2020/5/21,SPX,I,CBOE,702781
2020/5/22,SPX,I,CBOE,972858
2020/5/26,SPX,I,CBOE,1203259
2020/5/27,SPX,I,CBOE,1258974
2020/5/28,SPX,I,CBOE,1163402
2020/5/29,SPX,I,CBOE,1248127
2020/6/1,SPX,I,CBOE,916650
2020/6/2,SPX,I,CBOE,887477
2020/6/3,SPX,I,CBOE,1564498
2020/6/4,SPX,I,CBOE,890220
2020/6/5,SPX,I,CBOE,1905712
2020/6/8,SPX,I,CBOE,1265543
2020/6/9,SPX,I,CBOE,924720
2020/6/10,SPX,I,CBOE,1127872
2020/6/11,SPX,I,CBOE,1729308
2020/6/12,SPX,I,CBOE,1714930
2020/6/15,SPX,I,CBOE,1382628
2020/6/16,SPX,I,CBOE,1080960
2020/6/17,SPX,I,CBOE,1119489
2020/6/18,SPX,I,CBOE,993691
2020/6/19,SPX,I,CBOE,1430437
2020/6/22,SPX,I,CBOE,968440
2020/6/23,SPX,I,CBOE,731581
2020/6/24,SPX,I,CBOE,1344527
2020/6/25,SPX,I,CBOE,780887
2020/6/26,SPX,I,CBOE,1436035
2020/6/29,SPX,I,CBOE,1057757
2020/6/30,SPX,I,CBOE,1492996
2020/7/1,SPX,I,CBOE,1059219
2020/7/2,SPX,I,CBOE,1294340
2020/7/6,SPX,I,CBOE,915792
2020/7/7,SPX,I,CBOE,698605
2020/7/8,SPX,I,CBOE,967466
2020/7/9,SPX,I,CBOE,725111
2020/7/10,SPX,I,CBOE,1052258
2020/7/13,SPX,I,CBOE,1452339
2020/7/14,SPX,I,CBOE,823962
2020/7/15,SPX,I,CBOE,1190113
2020/7/16,SPX,I,CBOE,828912
2020/7/17,SPX,I,CBOE,974113
2020/7/20,SPX,I,CBOE,949870
2020/7/21,SPX,I,CBOE,806143
2020/7/22,SPX,I,CBOE,990070
2020/7/23,SPX,I,CBOE,809810
2020/7/24,SPX,I,CBOE,1056790
2020/7/27,SPX,I,CBOE,769215
2020/7/28,SPX,I,CBOE,575010
2020/7/29,SPX,I,CBOE,840061
2020/7/30,SPX,I,CBOE,717868
2020/7/31,SPX,I,CBOE,1192497
2020/8/3,SPX,I,CBOE,1064403
2020/8/4,SPX,I,CBOE,756481
2020/8/5,SPX,I,CBOE,962465
2020/8/6,SPX,I,CBOE,807287
2020/8/7,SPX,I,CBOE,1065907
2020/8/10,SPX,I,CBOE,938975
2020/8/11,SPX,I,CBOE,804018
2020/8/12,SPX,I,CBOE,1045214
2020/8/13,SPX,I,CBOE,730387
2020/8/14,SPX,I,CBOE,1004450
2020/8/17,SPX,I,CBOE,759105
2020/8/18,SPX,I,CBOE,731352
2020/8/19,SPX,I,CBOE,1153039
2020/8/20,SPX,I,CBOE,930152
2020/8/21,SPX,I,CBOE,1026406
2020/8/24,SPX,I,CBOE,1049791
2020/8/25,SPX,I,CBOE,794127
2020/8/26,SPX,I,CBOE,1434784
2020/8/27,SPX,I,CBOE,1102419
2020/8/28,SPX,I,CBOE,1191916
2020/8/31,SPX,I,CBOE,1169475
2020/9/1,SPX,I,CBOE,782497
2020/9/2,SPX,I,CBOE,1657133
2020/9/3,SPX,I,CBOE,1367147
2020/9/4,SPX,I,CBOE,1734739
2020/9/8,SPX,I,CBOE,1200334
2020/9/9,SPX,I,CBOE,1186926
2020/9/10,SPX,I,CBOE,1050972
2020/9/11,SPX,I,CBOE,1363624
2020/9/14,SPX,I,CBOE,1111770
2020/9/15,SPX,I,CBOE,834434
2020/9/16,SPX,I,CBOE,1102472
2020/9/17,SPX,I,CBOE,1225004
2020/9/18,SPX,I,CBOE,1345753
2020/9/21,SPX,I,CBOE,1350398
2020/9/22,SPX,I,CBOE,889832
2020/9/23,SPX,I,CBOE,1252740
2020/9/24,SPX,I,CBOE,963222
2020/9/25,SPX,I,CBOE,1260176
2020/9/28,SPX,I,CBOE,988202
2020/9/29,SPX,I,CBOE,647019
2020/9/30,SPX,I,CBOE,1397219
2020/10/1,SPX,I,CBOE,786989
2020/10/2,SPX,I,CBOE,1058187
2020/10/5,SPX,I,CBOE,918565
2020/10/6,SPX,I,CBOE,870237
2020/10/7,SPX,I,CBOE,954862
2020/10/8,SPX,I,CBOE,790275
2020/10/9,SPX,I,CBOE,1210390
2020/10/12,SPX,I,CBOE,1335353
2020/10/13,SPX,I,CBOE,866935
2020/10/14,SPX,I,CBOE,1023889
2020/10/15,SPX,I,CBOE,1019624
2020/10/16,SPX,I,CBOE,1088592
2020/10/19,SPX,I,CBOE,1206759
2020/10/20,SPX,I,CBOE,658462
2020/10/21,SPX,I,CBOE,946291
2020/10/22,SPX,I,CBOE,734503
2020/10/23,SPX,I,CBOE,977431
2020/10/26,SPX,I,CBOE,1351809
2020/10/27,SPX,I,CBOE,770387
2020/10/28,SPX,I,CBOE,1717025
2020/10/29,SPX,I,CBOE,987655
2020/10/30,SPX,I,CBOE,1578750
2020/11/2,SPX,I,CBOE,1082474
2020/11/3,SPX,I,CBOE,889114
2020/11/4,SPX,I,CBOE,1328844
2020/11/5,SPX,I,CBOE,1165203
2020/11/6,SPX,I,CBOE,1231592
2020/11/9,SPX,I,CBOE,1578479
2020/11/10,SPX,I,CBOE,901009
2020/11/11,SPX,I,CBOE,962237
2020/11/12,SPX,I,CBOE,881732
2020/11/13,SPX,I,CBOE,1150953
2020/11/16,SPX,I,CBOE,1112660
2020/11/17,SPX,I,CBOE,816929
2020/11/18,SPX,I,CBOE,1214814
2020/11/19,SPX,I,CBOE,957616
2020/11/20,SPX,I,CBOE,1074393
2020/11/23,SPX,I,CBOE,1017373
2020/11/24,SPX,I,CBOE,1009269
2020/11/25,SPX,I,CBOE,863674
2020/11/27,SPX,I,CBOE,673445
2020/11/30,SPX,I,CBOE,1168431
2020/12/1,SPX,I,CBOE,908435
2020/12/2,SPX,I,CBOE,1000886
2020/12/3,SPX,I,CBOE,765057
2020/12/4,SPX,I,CBOE,1135588
2020/12/7,SPX,I,CBOE,1000884
2020/12/8,SPX,I,CBOE,906731
2020/12/9,SPX,I,CBOE,1399703
2020/12/10,SPX,I,CBOE,849456
2020/12/11,SPX,I,CBOE,1531667
2020/12/14,SPX,I,CBOE,1439251
2020/12/15,SPX,I,CBOE,1046135
2020/12/16,SPX,I,CBOE,1201601
2020/12/17,SPX,I,CBOE,1059756
2020/12/18,SPX,I,CBOE,1346333
2020/12/21,SPX,I,CBOE,1378753
2020/12/22,SPX,I,CBOE,720464
2020/12/23,SPX,I,CBOE,918567
2020/12/24,SPX,I,CBOE,651934
2020/12/28,SPX,I,CBOE,988750
2020/12/29,SPX,I,CBOE,858657
2020/12/30,SPX,I,CBOE,923586
2020/12/31,SPX,I,CBOE,1614822
2021/1/4,SPX,I,CBOE,1528320
2021/1/5,SPX,I,CBOE,831214
2021/1/6,SPX,I,CBOE,1483014
2021/1/7,SPX,I,CBOE,1066347
2021/1/8,SPX,I,CBOE,1369681
2021/1/11,SPX,I,CBOE,1151253
2021/1/12,SPX,I,CBOE,901070
2021/1/13,SPX,I,CBOE,1281136
2021/1/14,SPX,I,CBOE,1188535
2021/1/15,SPX,I,CBOE,1548832
2021/1/19,SPX,I,CBOE,1113233
2021/1/20,SPX,I,CBOE,1496812
2021/1/21,SPX,I,CBOE,908362
2021/1/22,SPX,I,CBOE,1015906
2021/1/25,SPX,I,CBOE,1361730
2021/1/26,SPX,I,CBOE,800391
2021/1/27,SPX,I,CBOE,1570398
2021/1/28,SPX,I,CBOE,1145430
2021/1/29,SPX,I,CBOE,1692073
2021/2/1,SPX,I,CBOE,1317460
2021/2/2,SPX,I,CBOE,1124185
2021/2/3,SPX,I,CBOE,1125913
2021/2/4,SPX,I,CBOE,883872
2021/2/5,SPX,I,CBOE,1359296
2021/2/8,SPX,I,CBOE,1112080
2021/2/9,SPX,I,CBOE,901034
2021/2/10,SPX,I,CBOE,1206509
2021/2/11,SPX,I,CBOE,906437
2021/2/12,SPX,I,CBOE,1233246
2021/2/16,SPX,I,CBOE,1295953
2021/2/17,SPX,I,CBOE,1344735
2021/2/18,SPX,I,CBOE,1244499
2021/2/19,SPX,I,CBOE,1454761
2021/2/22,SPX,I,CBOE,1156860
2021/2/23,SPX,I,CBOE,1098466
2021/2/24,SPX,I,CBOE,1296841
2021/2/25,SPX,I,CBOE,1296246
2021/2/26,SPX,I,CBOE,1730897
2021/3/1,SPX,I,CBOE,1361132
2021/3/2,SPX,I,CBOE,867584
2021/3/3,SPX,I,CBOE,1165317
2021/3/4,SPX,I,CBOE,1444260
2021/3/5,SPX,I,CBOE,1706885
2021/3/8,SPX,I,CBOE,1324586
2021/3/9,SPX,I,CBOE,1010344
2021/3/10,SPX,I,CBOE,1078502
2021/3/11,SPX,I,CBOE,1183063
2021/3/12,SPX,I,CBOE,1167034
2021/3/15,SPX,I,CBOE,1324424
2021/3/16,SPX,I,CBOE,1061116
2021/3/17,SPX,I,CBOE,1257802
2021/3/18,SPX,I,CBOE,1060308
2021/3/19,SPX,I,CBOE,1359122
2021/3/22,SPX,I,CBOE,1141013
2021/3/23,SPX,I,CBOE,927621
2021/3/24,SPX,I,CBOE,1149682
2021/3/25,SPX,I,CBOE,1073619
2021/3/26,SPX,I,CBOE,1544712
2021/3/29,SPX,I,CBOE,1299562
2021/3/30,SPX,I,CBOE,811276
2021/3/31,SPX,I,CBOE,1487341
2021/4/1,SPX,I,CBOE,1365998
2021/4/5,SPX,I,CBOE,1591101
2021/4/6,SPX,I,CBOE,921952
2021/4/7,SPX,I,CBOE,1142408
2021/4/8,SPX,I,CBOE,964660
2021/4/9,SPX,I,CBOE,1456663
2021/4/12,SPX,I,CBOE,1240161
2021/4/13,SPX,I,CBOE,925051
2021/4/14,SPX,I,CBOE,1347713
2021/4/15,SPX,I,CBOE,1233555
2021/4/16,SPX,I,CBOE,1359704
2021/4/19,SPX,I,CBOE,1265701
2021/4/20,SPX,I,CBOE,1005581
2021/4/21,SPX,I,CBOE,1153619
2021/4/22,SPX,I,CBOE,1083418
2021/4/23,SPX,I,CBOE,1355224
2021/4/26,SPX,I,CBOE,1013736
2021/4/27,SPX,I,CBOE,616520
2021/4/28,SPX,I,CBOE,1058626
2021/4/29,SPX,I,CBOE,1082263
2021/4/30,SPX,I,CBOE,1393005
2021/5/3,SPX,I,CBOE,1187813
2021/5/4,SPX,I,CBOE,1300490
2021/5/5,SPX,I,CBOE,1249537
2021/5/6,SPX,I,CBOE,1014425
2021/5/7,SPX,I,CBOE,1742465
2021/5/10,SPX,I,CBOE,1486727
2021/5/11,SPX,I,CBOE,1364593
2021/5/12,SPX,I,CBOE,1839402
2021/5/13,SPX,I,CBOE,1285537
2021/5/14,SPX,I,CBOE,1692814
2021/5/17,SPX,I,CBOE,1274219
2021/5/18,SPX,I,CBOE,1078086
2021/5/19,SPX,I,CBOE,1733248
2021/5/20,SPX,I,CBOE,1275143
2021/5/21,SPX,I,CBOE,1429443
2021/5/24,SPX,I,CBOE,1332469
2021/5/25,SPX,I,CBOE,985957
2021/5/26,SPX,I,CBOE,1047242
2021/5/27,SPX,I,CBOE,877578
2021/5/28,SPX,I,CBOE,1274440
2021/6/1,SPX,I,CBOE,1275466
2021/6/2,SPX,I,CBOE,1080290
2021/6/3,SPX,I,CBOE,870505
2021/6/4,SPX,I,CBOE,1393008
2021/6/7,SPX,I,CBOE,1022654
2021/6/8,SPX,I,CBOE,985694
2021/6/9,SPX,I,CBOE,1086663
2021/6/10,SPX,I,CBOE,1205043
2021/6/11,SPX,I,CBOE,1497083
2021/6/14,SPX,I,CBOE,1407267
2021/6/15,SPX,I,CBOE,886432
2021/6/16,SPX,I,CBOE,1669553
2021/6/17,SPX,I,CBOE,1537307
2021/6/18,SPX,I,CBOE,2015087
2021/6/21,SPX,I,CBOE,1693191
2021/6/22,SPX,I,CBOE,1152590
2021/6/23,SPX,I,CBOE,1217717
2021/6/24,SPX,I,CBOE,995191
2021/6/25,SPX,I,CBOE,1393077
2021/6/28,SPX,I,CBOE,1215824
2021/6/29,SPX,I,CBOE,912675
2021/6/30,SPX,I,CBOE,1591473
2021/7/1,SPX,I,CBOE,1136802
2021/7/2,SPX,I,CBOE,1671132
2021/7/6,SPX,I,CBOE,1646997
2021/7/7,SPX,I,CBOE,1361510
2021/7/8,SPX,I,CBOE,1260626
2021/7/9,SPX,I,CBOE,1570643
2021/7/12,SPX,I,CBOE,1434088
2021/7/13,SPX,I,CBOE,1152022
2021/7/14,SPX,I,CBOE,1537736
2021/7/15,SPX,I,CBOE,1253949
2021/7/16,SPX,I,CBOE,1703861
2021/7/19,SPX,I,CBOE,2169961
2021/7/20,SPX,I,CBOE,1115495
2021/7/21,SPX,I,CBOE,1351989
2021/7/22,SPX,I,CBOE,825208
2021/7/23,SPX,I,CBOE,1737479
2021/7/26,SPX,I,CBOE,1225025
2021/7/27,SPX,I,CBOE,894559
2021/7/28,SPX,I,CBOE,1115109
2021/7/29,SPX,I,CBOE,906512
2021/7/30,SPX,I,CBOE,1437964
2021/8/2,SPX,I,CBOE,1368297
2021/8/3,SPX,I,CBOE,916385
2021/8/4,SPX,I,CBOE,1068095
2021/8/5,SPX,I,CBOE,844745
2021/8/6,SPX,I,CBOE,1418965
2021/8/9,SPX,I,CBOE,1220547
2021/8/10,SPX,I,CBOE,839990
2021/8/11,SPX,I,CBOE,1339203
2021/8/12,SPX,I,CBOE,1012164
2021/8/13,SPX,I,CBOE,1369746
2021/8/16,SPX,I,CBOE,1632441
2021/8/17,SPX,I,CBOE,1390381
2021/8/18,SPX,I,CBOE,1718936
2021/8/19,SPX,I,CBOE,1625251
2021/8/20,SPX,I,CBOE,1602568
2021/8/23,SPX,I,CBOE,1578001
2021/8/24,SPX,I,CBOE,851453
2021/8/25,SPX,I,CBOE,1208985
2021/8/26,SPX,I,CBOE,1021848
2021/8/27,SPX,I,CBOE,1512561
2021/8/30,SPX,I,CBOE,1509677
2021/8/31,SPX,I,CBOE,1127149
2021/9/1,SPX,I,CBOE,1237933
2021/9/2,SPX,I,CBOE,901321
2021/9/3,SPX,I,CBOE,1476971
2021/9/7,SPX,I,CBOE,1566709
2021/9/8,SPX,I,CBOE,1575243
2021/9/9,SPX,I,CBOE,1083609
2021/9/10,SPX,I,CBOE,2196490
2021/9/13,SPX,I,CBOE,2045803
2021/9/14,SPX,I,CBOE,1391548
2021/9/15,SPX,I,CBOE,1999706
2021/9/16,SPX,I,CBOE,1433176
2021/9/17,SPX,I,CBOE,1984356
2021/9/20,SPX,I,CBOE,2617269
2021/9/21,SPX,I,CBOE,1315403
2021/9/22,SPX,I,CBOE,1636082
2021/9/23,SPX,I,CBOE,1510852
2021/9/24,SPX,I,CBOE,1547646
2021/9/27,SPX,I,CBOE,1510940
2021/9/28,SPX,I,CBOE,1820052
2021/9/29,SPX,I,CBOE,1640791
2021/9/30,SPX,I,CBOE,2437827
2021/10/1,SPX,I,CBOE,2277420
2021/10/4,SPX,I,CBOE,1876180
2021/10/5,SPX,I,CBOE,1375728
2021/10/6,SPX,I,CBOE,2026376
2021/10/7,SPX,I,CBOE,1411130
2021/10/8,SPX,I,CBOE,1555459
2021/10/11,SPX,I,CBOE,1565721
2021/10/12,SPX,I,CBOE,1042810
2021/10/13,SPX,I,CBOE,1573546
2021/10/14,SPX,I,CBOE,1652033
2021/10/15,SPX,I,CBOE,1793111
2021/10/18,SPX,I,CBOE,1660715
2021/10/19,SPX,I,CBOE,1269879
2021/10/20,SPX,I,CBOE,1588101
2021/10/21,SPX,I,CBOE,982918
2021/10/22,SPX,I,CBOE,1698070
2021/10/25,SPX,I,CBOE,1326137
2021/10/26,SPX,I,CBOE,1447613
2021/10/27,SPX,I,CBOE,1571032
2021/10/28,SPX,I,CBOE,973331
2021/10/29,SPX,I,CBOE,1707933
2021/11/1,SPX,I,CBOE,1460816
2021/11/2,SPX,I,CBOE,1118159
2021/11/3,SPX,I,CBOE,1490567
2021/11/4,SPX,I,CBOE,1660654
2021/11/5,SPX,I,CBOE,2339817
2021/11/8,SPX,I,CBOE,1304505
2021/11/9,SPX,I,CBOE,1170325
2021/11/10,SPX,I,CBOE,1847516
2021/11/11,SPX,I,CBOE,971770
2021/11/12,SPX,I,CBOE,1894642
2021/11/15,SPX,I,CBOE,1635241
2021/11/16,SPX,I,CBOE,1254400
2021/11/17,SPX,I,CBOE,1437199
2021/11/18,SPX,I,CBOE,1391612
2021/11/19,SPX,I,CBOE,1722693
2021/11/22,SPX,I,CBOE,2054790
2021/11/23,SPX,I,CBOE,1387982
2021/11/24,SPX,I,CBOE,1571607
2021/11/26,SPX,I,CBOE,1683724
2021/11/29,SPX,I,CBOE,1774974
2021/11/30,SPX,I,CBOE,1794016
2021/12/1,SPX,I,CBOE,2260827
2021/12/2,SPX,I,CBOE,1452264
2021/12/3,SPX,I,CBOE,2185043
2021/12/6,SPX,I,CBOE,1914150
2021/12/7,SPX,I,CBOE,1531872
2021/12/8,SPX,I,CBOE,1371104
2021/12/9,SPX,I,CBOE,1143602
2021/12/10,SPX,I,CBOE,1747647
2021/12/13,SPX,I,CBOE,1561393
2021/12/14,SPX,I,CBOE,1427817
2021/12/15,SPX,I,CBOE,1759216
2021/12/16,SPX,I,CBOE,1693325
2021/12/17,SPX,I,CBOE,1880717
2021/12/20,SPX,I,CBOE,1642521
2021/12/21,SPX,I,CBOE,1399461
2021/12/22,SPX,I,CBOE,1434154
2021/12/23,SPX,I,CBOE,1444158
2021/12/27,SPX,I,CBOE,1508648
2021/12/28,SPX,I,CBOE,1040599
2021/12/29,SPX,I,CBOE,1170969
2021/12/30,SPX,I,CBOE,1032966
2021/12/31,SPX,I,CBOE,1638703
2022/1/3,SPX,I,CBOE,1446963
2022/1/4,SPX,I,CBOE,1200419
2022/1/5,SPX,I,CBOE,1989216
2022/1/6,SPX,I,CBOE,1299409
2022/1/7,SPX,I,CBOE,1651386
2022/1/10,SPX,I,CBOE,2145412
2022/1/11,SPX,I,CBOE,1232889
2022/1/12,SPX,I,CBOE,1634364
2022/1/13,SPX,I,CBOE,1214367
2022/1/14,SPX,I,CBOE,1813770
2022/1/18,SPX,I,CBOE,1935152
2022/1/19,SPX,I,CBOE,1995815
2022/1/20,SPX,I,CBOE,1886731
2022/1/21,SPX,I,CBOE,2600818
2022/1/24,SPX,I,CBOE,3043563
2022/1/25,SPX,I,CBOE,1767693
2022/1/26,SPX,I,CBOE,1930532
2022/1/27,SPX,I,CBOE,1468205
2022/1/28,SPX,I,CBOE,2097562
2022/1/31,SPX,I,CBOE,2153011
2022/2/1,SPX,I,CBOE,1240866
2022/2/2,SPX,I,CBOE,1689307
2022/2/3,SPX,I,CBOE,1251217
2022/2/4,SPX,I,CBOE,1754455
2022/2/7,SPX,I,CBOE,1540603
2022/2/8,SPX,I,CBOE,1160182
2022/2/9,SPX,I,CBOE,1684070
2022/2/10,SPX,I,CBOE,1510434
2022/2/11,SPX,I,CBOE,2250878
2022/2/14,SPX,I,CBOE,1851362
2022/2/15,SPX,I,CBOE,1331298
2022/2/16,SPX,I,CBOE,1630897
2022/2/17,SPX,I,CBOE,1629167
2022/2/18,SPX,I,CBOE,2048877
2022/2/22,SPX,I,CBOE,2002855
2022/2/23,SPX,I,CBOE,2065558
2022/2/24,SPX,I,CBOE,1986143
2022/2/25,SPX,I,CBOE,2232845
2022/2/28,SPX,I,CBOE,1791043
2022/3/1,SPX,I,CBOE,1374238
2022/3/2,SPX,I,CBOE,1635216
2022/3/3,SPX,I,CBOE,1149073
2022/3/4,SPX,I,CBOE,1829482
2022/3/7,SPX,I,CBOE,1845906
2022/3/8,SPX,I,CBOE,1540516
2022/3/9,SPX,I,CBOE,1724712
2022/3/10,SPX,I,CBOE,1410030
2022/3/11,SPX,I,CBOE,1892136
2022/3/14,SPX,I,CBOE,1785284
2022/3/15,SPX,I,CBOE,1436698
2022/3/16,SPX,I,CBOE,2002261
2022/3/17,SPX,I,CBOE,1515769
2022/3/18,SPX,I,CBOE,1864218
2022/3/21,SPX,I,CBOE,1762908
2022/3/22,SPX,I,CBOE,1529621
2022/3/23,SPX,I,CBOE,1485778
2022/3/24,SPX,I,CBOE,1117985
2022/3/25,SPX,I,CBOE,1915173
2022/3/28,SPX,I,CBOE,1782742
2022/3/29,SPX,I,CBOE,1661148
2022/3/30,SPX,I,CBOE,1738031
2022/3/31,SPX,I,CBOE,2044263
2022/4/1,SPX,I,CBOE,1951284
2022/4/4,SPX,I,CBOE,1481428
2022/4/5,SPX,I,CBOE,1280526
2022/4/6,SPX,I,CBOE,1900379
2022/4/7,SPX,I,CBOE,1178721
2022/4/8,SPX,I,CBOE,1648634
2022/4/11,SPX,I,CBOE,1761813
2022/4/12,SPX,I,CBOE,1521089
2022/4/13,SPX,I,CBOE,1928941
2022/4/14,SPX,I,CBOE,1842215
2022/4/18,SPX,I,CBOE,1654927
2022/4/19,SPX,I,CBOE,1294932
2022/4/20,SPX,I,CBOE,1591732
2022/4/21,SPX,I,CBOE,1582343
2022/4/22,SPX,I,CBOE,2580341
2022/4/25,SPX,I,CBOE,2531765
2022/4/26,SPX,I,CBOE,1988705
2022/4/27,SPX,I,CBOE,2101122
2022/4/28,SPX,I,CBOE,1530482
2022/4/29,SPX,I,CBOE,2390119
2022/5/2,SPX,I,CBOE,2502338
2022/5/3,SPX,I,CBOE,1719828
2022/5/4,SPX,I,CBOE,1920752
2022/5/5,SPX,I,CBOE,1737340
2022/5/6,SPX,I,CBOE,2162074
2022/5/9,SPX,I,CBOE,2233867
2022/5/10,SPX,I,CBOE,2214675
2022/5/11,SPX,I,CBOE,2232209
2022/5/12,SPX,I,CBOE,2125065
2022/5/13,SPX,I,CBOE,2351374
2022/5/16,SPX,I,CBOE,2010125
2022/5/17,SPX,I,CBOE,1957103
2022/5/18,SPX,I,CBOE,2702447
2022/5/19,SPX,I,CBOE,2454921
2022/5/20,SPX,I,CBOE,2748054
2022/5/23,SPX,I,CBOE,2059364
2022/5/24,SPX,I,CBOE,1842536
2022/5/25,SPX,I,CBOE,1868859
2022/5/26,SPX,I,CBOE,2074504
2022/5/27,SPX,I,CBOE,2444681
2022/5/31,SPX,I,CBOE,2162687
2022/6/1,SPX,I,CBOE,2180833
2022/6/2,SPX,I,CBOE,1983062
2022/6/3,SPX,I,CBOE,1905073
2022/6/6,SPX,I,CBOE,1715362
2022/6/7,SPX,I,CBOE,1899494
2022/6/8,SPX,I,CBOE,1797204
2022/6/9,SPX,I,CBOE,2138715
2022/6/10,SPX,I,CBOE,2951523
2022/6/13,SPX,I,CBOE,3138595
2022/6/14,SPX,I,CBOE,2698043
2022/6/15,SPX,I,CBOE,2293009
2022/6/16,SPX,I,CBOE,3115536
2022/6/17,SPX,I,CBOE,2501627
2022/6/21,SPX,I,CBOE,2120169
2022/6/22,SPX,I,CBOE,2169839
2022/6/23,SPX,I,CBOE,1980845
2022/6/24,SPX,I,CBOE,2581085
2022/6/27,SPX,I,CBOE,1830493
2022/6/28,SPX,I,CBOE,2380948
2022/6/29,SPX,I,CBOE,2059841
2022/6/30,SPX,I,CBOE,2526091
2022/7/1,SPX,I,CBOE,2049345
2022/7/5,SPX,I,CBOE,2097581
2022/7/6,SPX,I,CBOE,1768834
2022/7/7,SPX,I,CBOE,1835767
2022/7/8,SPX,I,CBOE,2070829
2022/7/11,SPX,I,CBOE,1721787
2022/7/12,SPX,I,CBOE,1907403
2022/7/13,SPX,I,CBOE,2346401
2022/7/14,SPX,I,CBOE,2483975
2022/7/15,SPX,I,CBOE,2032858
2022/7/18,SPX,I,CBOE,2041961
2022/7/19,SPX,I,CBOE,2492080
2022/7/20,SPX,I,CBOE,2378712
2022/7/21,SPX,I,CBOE,2068577
2022/7/22,SPX,I,CBOE,2220554
2022/7/25,SPX,I,CBOE,1670612
2022/7/26,SPX,I,CBOE,1671919
2022/7/27,SPX,I,CBOE,2005524
2022/7/28,SPX,I,CBOE,2480155
2022/7/29,SPX,I,CBOE,2671997
2022/8/1,SPX,I,CBOE,2114860
2022/8/2,SPX,I,CBOE,2123688
2022/8/3,SPX,I,CBOE,2217051
2022/8/4,SPX,I,CBOE,1777302
2022/8/5,SPX,I,CBOE,2157774
2022/8/8,SPX,I,CBOE,2129277
2022/8/9,SPX,I,CBOE,1613187
2022/8/10,SPX,I,CBOE,2441523
2022/8/11,SPX,I,CBOE,2539391
2022/8/12,SPX,I,CBOE,2275615
2022/8/15,SPX,I,CBOE,2209047
2022/8/16,SPX,I,CBOE,2354880
2022/8/17,SPX,I,CBOE,2542873
2022/8/18,SPX,I,CBOE,2284529
2022/8/19,SPX,I,CBOE,2257572
2022/8/22,SPX,I,CBOE,2354703
2022/8/23,SPX,I,CBOE,1893417
2022/8/24,SPX,I,CBOE,1835791
2022/8/25,SPX,I,CBOE,2001224
2022/8/26,SPX,I,CBOE,2752474
2022/8/29,SPX,I,CBOE,2309516
2022/8/30,SPX,I,CBOE,2729143
2022/8/31,SPX,I,CBOE,2440950
2022/9/1,SPX,I,CBOE,2578904
2022/9/2,SPX,I,CBOE,3045113
2022/9/6,SPX,I,CBOE,2544626
2022/9/7,SPX,I,CBOE,2560993
2022/9/8,SPX,I,CBOE,2511411
2022/9/9,SPX,I,CBOE,2619447
2022/9/12,SPX,I,CBOE,2616482
2022/9/13,SPX,I,CBOE,3155041
2022/9/14,SPX,I,CBOE,2702494
2022/9/15,SPX,I,CBOE,2867168
2022/9/16,SPX,I,CBOE,2793604
2022/9/19,SPX,I,CBOE,2292663
2022/9/20,SPX,I,CBOE,2505186
2022/9/21,SPX,I,CBOE,2348036
2022/9/22,SPX,I,CBOE,3062176
2022/9/23,SPX,I,CBOE,3790156
2022/9/26,SPX,I,CBOE,2835491
2022/9/27,SPX,I,CBOE,3196167
2022/9/28,SPX,I,CBOE,2944994
2022/9/29,SPX,I,CBOE,2975708
2022/9/30,SPX,I,CBOE,3283447
2022/10/3,SPX,I,CBOE,2717875
2022/10/4,SPX,I,CBOE,3031800
2022/10/5,SPX,I,CBOE,2697460
2022/10/6,SPX,I,CBOE,2476291
2022/10/7,SPX,I,CBOE,3235004
2022/10/10,SPX,I,CBOE,2917910
2022/10/11,SPX,I,CBOE,2967080
2022/10/12,SPX,I,CBOE,2225535
2022/10/13,SPX,I,CBOE,3855320
2022/10/14,SPX,I,CBOE,3057882
2022/10/17,SPX,I,CBOE,2707110
2022/10/18,SPX,I,CBOE,3235541
2022/10/19,SPX,I,CBOE,2574250
2022/10/20,SPX,I,CBOE,2959272
2022/10/21,SPX,I,CBOE,3141637
2022/10/24,SPX,I,CBOE,2662251
2022/10/25,SPX,I,CBOE,2724774
2022/10/26,SPX,I,CBOE,3080683
2022/10/27,SPX,I,CBOE,2623350
2022/10/28,SPX,I,CBOE,3220435
2022/10/31,SPX,I,CBOE,2637859
2022/11/1,SPX,I,CBOE,2392817
2022/11/2,SPX,I,CBOE,2404645
2022/11/3,SPX,I,CBOE,2780683
2022/11/4,SPX,I,CBOE,3283636
2022/11/7,SPX,I,CBOE,2248624
2022/11/8,SPX,I,CBOE,2962044
2022/11/9,SPX,I,CBOE,2594980
2022/11/10,SPX,I,CBOE,3569189
2022/11/11,SPX,I,CBOE,3127990
2022/11/14,SPX,I,CBOE,2513012
2022/11/15,SPX,I,CBOE,3019100
2022/11/16,SPX,I,CBOE,2438837
2022/11/17,SPX,I,CBOE,2722524
2022/11/18,SPX,I,CBOE,2396520
2022/11/21,SPX,I,CBOE,1996635
2022/11/22,SPX,I,CBOE,2205913
2022/11/23,SPX,I,CBOE,2428005
2022/11/25,SPX,I,CBOE,1133231
2022/11/28,SPX,I,CBOE,2508505
2022/11/29,SPX,I,CBOE,2444410
2022/11/30,SPX,I,CBOE,3241501
2022/12/1,SPX,I,CBOE,2660271
2022/12/2,SPX,I,CBOE,2605889
2022/12/5,SPX,I,CBOE,2727184
2022/12/6,SPX,I,CBOE,3134073
2022/12/7,SPX,I,CBOE,2424549
2022/12/8,SPX,I,CBOE,2199123
2022/12/9,SPX,I,CBOE,2489924
2022/12/12,SPX,I,CBOE,2561671
2022/12/13,SPX,I,CBOE,3227787
2022/12/14,SPX,I,CBOE,2477391
2022/12/15,SPX,I,CBOE,3394977
2022/12/16,SPX,I,CBOE,2883897
2022/12/19,SPX,I,CBOE,2422671
2022/12/20,SPX,I,CBOE,2278948
2022/12/21,SPX,I,CBOE,2524395
2022/12/22,SPX,I,CBOE,2856369
2022/12/23,SPX,I,CBOE,2169757
2022/12/27,SPX,I,CBOE,1813967
2022/12/28,SPX,I,CBOE,2435672
2022/12/29,SPX,I,CBOE,2168003
2022/12/30,SPX,I,CBOE,2762077