test_date,PC_type,Strike,Spot_t,Premium_t,Tau_t,Moneyness_t,Delta_t,IV_t,IR_t,DividendYield_t,Volume_t,Quantity_t,Spot_th,option_value,option_return,M_floor,Return_t,Cluster,BuyPrice_t,SellPrice_th,Option_type,num_ops,num_traded_calls,num_traded_puts,M_group,steps_ahead,R_t,RF_t,ER_t
2019-11-30,1,7000,7669.79,914.84,27,0.912698850618493,0.96374598726845,0.63195,0.0156,0,9245.608,1.2,7194.4,194.39999999999964,-0.7875038258056057,0.91,-0.08730114938150701,1,33.11350742543349,7.036493642062282,Call,2,0.036195954948880116,0.9638040450511198,"(-0.1,0.15]",27,-0.9737258786789258,0.0011546386853127366,-0.9748805173642385
2019-11-30,1,7500,7538.114,518.814,27,0.994992573403678,0.9559716291704,0.60446,0.0156,0,35444.275,4.7,7194.4,0,-1,0.99,-0.00500742659632202,1,21.429004376480126,0,Call,2,0.04130382830162665,0.9586961716983734,"(-0.1,0.15]",27,-0.31471823364369306,0.0011546386853127366,-0.3158728723290058
2019-11-30,1,8000,7612.94666666667,350.817777777778,27,1.05091564642252,0.955627884018833,0.6102,0.0156,0,88860.223,11.6,7194.4,0,-1,1.05,0.05091564642252,1,15.457062010173058,0,Call,2,0.04406008757048845,0.9559399124295116,"(-0.1,0.15]",27,0.20841300637491375,0.0011546386853127366,0.20725836768960101
2020-03-28,1,6000,6164.07421052632,744.572105263158,27,0.973499945817936,0.995877081083309,1.01586315789474,3e-4,0,992880.46,160.4,7477.6,1477.6000000000004,0.9844955103142958,0.97,-0.02650005418206402,0,1.982704328040168,3.934667837276436,Call,2,0.002662877529288329,0.9973371224707117,"(-0.1,0.15]",27,-0.9935761497625504,2.219202706132961e-5,-0.9935983417896117
2020-03-28,1,6500,6212.58384615385,536.631538461539,27,1.04641704312352,0.994624880131656,0.985615384615385,3e-4,0,578824.262,93.6,7477.6,977.6000000000004,0.8217341507781435,1.04,0.04641704312352002,0,1.966604796160705,3.5826311182500454,Call,2,0.003664720865640389,0.9963352791343596,"(-0.1,0.15]",27,-0.9959331559269815,2.219202706132961e-5,-0.9959553479540428
2020-05-30,1,9000,9612.60052631579,1065.24263157895,27,0.936348234006935,0.964047993777719,0.681742105263158,0.0014,0,444277.386,46.2,9240.85,240.85000000000036,-0.7739012757656893,0.93,-0.06365176599306499,1,40.88116074954671,9.243178290690283,Call,2,0.03837732319157264,0.9616226768084274,"(-0.1,0.15]",27,-0.9795547684959871,1.035670065276939e-4,-0.9796583355025148
2020-05-30,1,9500,9539.4175,718.88375,27,0.995942617419543,0.956998650739786,0.65686875,0.0014,0,237810.544,25,9240.85,0,-1,0.99,-0.00405738258045695,1,32.44181867294121,0,Call,2,0.045128045630383515,0.9548719543696165,"(-0.1,0.15]",27,-0.6106914648790146,1.035670065276939e-4,-0.6107950318855423
2020-05-30,1,10000,9533.64270833333,501.409375,27,1.04896308977858,0.955349170386911,0.6555875,0.0014,0,1732554.37,182.2,9240.85,0,-1,1.04,0.04896308977857999,1,23.532800579032404,0,Call,2,0.04693330789643174,0.9530666921035682,"(-0.1,0.15]",27,-0.168259876828766,1.035670065276939e-4,-0.1683634438352937
2020-07-04,1,9000,9142.073125,559.525,27,0.984480417084224,0.899118152099688,0.48341875,0.0014,0,762585.77,83.6,11114.93,2114.9300000000003,2.7798668513471254,0.98,-0.01551958291577604,1,59.94448698251692,226.58217926622498,Call,2,0.10713459985258375,0.8928654001474162,"(-0.1,0.15]",27,-0.4462186165030448,1.035670065276939e-4,-0.4463221835095725
2020-07-04,1,9250,9089.9,389.3645,27,1.01763035129679,0.884712605285531,0.458335,0.0014,0,986307.812,108.6,11114.93,1864.9300000000003,3.789676511340916,1.01,0.01763035129678991,1,42.702199672012675,204.5297227516289,Call,2,0.10967152802069186,0.8903284719793081,"(-0.1,0.15]",27,-0.586348134259659,1.035670065276939e-4,-0.5864517012661867
2020-08-29,1,10500,11466.0125,1305.715,27,0.915753300107597,0.930585037430622,0.55445,0.001,0,139711.696,12.2,10732.43,232.4300000000003,-0.8219902505523791,0.91,-0.08424669989240297,1,92.30809052541153,16.43174006641681,Call,2,0.07069543547053647,0.9293045645294635,"(-0.1,0.15]",27,-0.948557540762336,7.397533878017448e-5,-0.9486315161011162
2020-08-29,1,11000,11474.2723076923,952.381538461538,27,0.958673101843062,0.919155418296902,0.529084615384615,0.001,0,980754.96,85.6,10732.43,0,-1,0.95,-0.04132689815693802,1,78.8491740398171,0,Call,2,0.08279158179314228,0.9172084182068577,"(-0.1,0.15]",27,-0.43482292368265385,7.397533878017448e-5,-0.434896899021434
2020-08-29,1,11500,11484.3335483871,682.596129032258,27,1.00136861636697,0.91456478709101,0.523522580645161,0.001,0,3543219.86,308.8,10732.43,0,-1,1,0.00136861636696994,1,61.541913924111945,0,Call,2,0.09015860375792376,0.9098413962420763,"(-0.1,0.15]",27,0.16245599115529988,7.397533878017448e-5,0.1623820158165197
2020-08-29,1,12000,11512.7922580645,476.702903225806,27,1.04233298720912,0.909686866131341,0.517541935483871,0.001,0,2207040.644,192,10732.43,0,-1,1.04,0.04233298720912004,1,45.535772386922126,0,Call,2,0.09552233074056318,0.9044776692594368,"(-0.1,0.15]",27,0.40039025507716736,7.397533878017448e-5,0.4003162797383872
2020-08-29,1,13000,11522.3623809524,222.800476190476,27,1.12825444760646,0.913388093211208,0.537233333333333,0.001,0,1826033.894,158.2,10732.43,0,-1,1.12,0.12825444760646,1,19.822090127388307,0,Call,2,0.08896789839193188,0.9110321016080681,"(-0.1,0.15]",27,0.3851961312865836,7.397533878017448e-5,0.3851221559478034
2021-02-27,1,44000,47876.2,8091.08,27,0.919037016304552,0.997908061350629,1.0959,4e-4,0,4787.62,0.1,51415.92,7415.919999999998,-0.08344497891505231,0.91,-0.08096298369544797,0,31.306721171400387,28.694332483353456,Call,2,0.0038692882991393468,0.9961307117008606,"(-0.1,0.15]",27,-0.9913656402610079,2.958947885578489e-5,-0.9913952297398637
2021-02-27,1,48000,47015.2596739131,5035.88663043478,27,1.02101267186019,0.995538617423278,1.00925,4e-4,0,13687403.715,290.1,51415.92,3415.9199999999983,-0.32168449159367196,1.02,0.02101267186018995,0,18.5278120545595,12.567702253445422,Call,2,0.0036791559092266297,0.9963208440907734,"(-0.1,0.15]",27,-0.9976641205192074,2.958947885578489e-5,-0.9976937099980632
2021-02-27,1,50000,47047.127962963,4235.15685185185,27,1.06281910044641,0.995398164109009,1.0081,4e-4,0,24760581.296,530.1,51415.92,1415.9199999999985,-0.6656747200801127,1.06,0.06281910044641004,0,21.726890006728922,7.263848583288249,Call,2,0.005130126407768982,0.994869873592231,"(-0.1,0.15]",27,-0.9988884294956152,2.958947885578489e-5,-0.998918018974471
2021-02-27,1,52000,47228.0157407407,3748.22888888889,27,1.10111932263605,0.996045448153448,1.03146759259259,4e-4,0,26585185.998,565.5,51415.92,0,-1,1.1,0.10111932263605006,0,14.552839726487376,0,Call,2,0.00388259099374301,0.996117409006257,"(-0.1,0.15]",27,-0.9229219937964213,2.958947885578489e-5,-0.922951583275277
2021-07-03,1,32000,34360.6,4535.6,27,0.931299220618965,0.99188182291367,0.9183,5e-4,0,6872.12,0.2,40005.93,8005.93,0.7651314048857922,0.93,-0.06870077938103503,0,36.28558156603651,64.04881956675604,Call,2,0.008000172318113702,0.9919998276818863,"(-0.1,0.15]",27,-0.9721416896561423,3.698698537157874e-5,-0.9721786766415139
2021-07-03,1,34000,34149.7461904762,3307.83571428571,27,0.995800635200785,0.989450871683468,0.886309523809524,5e-4,0,355324.674,10.3,40005.93,6005.93,0.8156675599280521,0.99,-0.00419936479921501,0,34.37142867152522,62.40708802726929,Call,2,0.010390911653527311,0.9896090883464727,"(-0.1,0.15]",27,-0.9797072480525888,3.698698537157874e-5,-0.9797442350379604
2021-07-03,1,35000,34441.3525,2965.22527777778,27,1.01638581288338,0.988213143970573,0.871738888888889,5e-4,0,1987068.968,57.4,40005.93,5005.93,0.6882123720972659,1.01,0.01638581288338003,0,32.85186829182326,55.4609304967659,Call,2,0.011079046350381627,0.9889209536496184,"(-0.1,0.15]",27,-0.9837705659648988,3.698698537157874e-5,-0.9838075529502703
2021-10-02,1,45000,48112.1454545455,5843.76090909091,27,0.935323738502816,0.97874401250779,0.773572727272727,4e-4,0,873906.501,18.2,60587.09,15587.089999999997,1.6673045394023172,0.93,-0.06467626149718397,0,121.84949365258834,325.0097075434227,Call,2,0.020851211325746036,0.9791487886742539,"(-0.1,0.15]",27,-0.8723122178289338,2.958947885578489e-5,-0.8723418073077895
2021-10-02,1,50000,47899.014,3180.8852,27,1.04388142516379,0.974782927069264,0.756372,4e-4,0,1788304.088,37.4,60587.09,10587.089999999997,2.3283470903005226,1.04,0.04388142516379001,0,84.11014700877368,279.9477630614011,Call,2,0.026442371138943863,0.9735576288610561,"(-0.1,0.15]",27,-0.9422108643105681,2.958947885578489e-5,-0.9422404537894239
2022-02-26,1,36000,39328.595,4779.375,27,0.91539094984587,0.964016514761437,0.6734,0.0033,0,50894.661,1.3,44004.47,8004.470000000001,0.6747942984176805,0.91,-0.08460905015413,1,167.58183699048303,280.66510511002207,Call,2,0.035063546382211694,0.9649364536177883,"(-0.1,0.15]",27,-0.8125526046873062,2.4413938621137277e-4,-0.8127967440735175
2022-02-26,1,38000,39249.72,3372.78142857143,27,0.96816532564018,0.95609101616104,0.643042857142857,0.0033,0,78526.811,2,44004.47,6004.470000000001,0.7802724923515858,0.96,-0.03183467435982001,1,147.1025737126421,261.88266553473824,Call,2,0.043614618032022504,0.9563853819679775,"(-0.1,0.15]",27,-0.8781619166802779,2.4413938621137277e-4,-0.8784060560664892
2022-02-26,1,40000,39171.933877551,2317.52632653061,27,1.02116927653314,0.950707972572044,0.627820408163265,0.0033,0,3373121.307,86,44004.47,4004.470000000001,0.7279070162688441,1.02,0.02116927653313993,1,111.50097602257065,192.663318790224,Call,2,0.048112064465515775,0.9518879355344843,"(-0.1,0.15]",27,-0.9357521114970188,2.4413938621137277e-4,-0.9359962508832301
2022-05-28,1,28000,28564.78,2627.96,27,0.980228099078656,0.9796379059804,0.7577,0.0106,0,17138.868,0.6,21088.3,0,-1,0.98,-0.01977190092134395,0,62.29257100411236,0,Call,2,0.023703774412134265,0.9762962255878658,"(-0.1,0.15]",27,2.735386079334296,7.844170833293251e-4,2.7346016622509666
2022-05-28,1,29000,28945.7718181818,2218.42636363636,27,1.00188641449711,0.972782187453248,0.710763636363636,0.0106,0,417405.935,14.4,21088.3,0,-1,1,0.00188641449711002,0,60.791696740727026,0,Call,2,0.02740307171660167,0.9725969282833983,"(-0.1,0.15]",27,2.365249528275846,7.844170833293251e-4,2.3644651111925166
2022-05-28,1,30000,29000.5111111111,1728.03055555556,27,1.03447917658852,0.967815018344214,0.684672222222222,0.0106,0,2524263.058,86.9,21088.3,0,-1,1.03,0.03447917658851995,0,55.972448250664,0,Call,2,0.03239089035243877,0.9676091096475612,"(-0.1,0.15]",27,2.1994002743910612,7.844170833293251e-4,2.1986158573077317
2022-07-30,1,22000,24161.0866666667,3193.46166666667,27,0.910778075544043,0.984189192153634,0.758,0.0234,0,119942.038,4.9,21597.93,0,-1,0.91,-0.089221924455957,0,50.8126690192314,0,Call,2,0.01591146984778733,0.9840885301522126,"(-0.1,0.15]",27,-0.5910865245713626,0.001732457878236282,-0.5928189824495989
2022-07-30,1,23000,24205.3057142857,2572.18142857143,27,0.950386983009961,0.981952007125102,0.739228571428571,0.0234,0,150282.825,6.2,21597.93,0,-1,0.95,-0.04961301699003895,0,51.34971483101147,0,Call,2,0.01996348867954105,0.980036511320459,"(-0.1,0.15]",27,0.0036416226376665656,0.001732457878236282,0.0019091647594302835
2022-07-30,1,24000,24270.6895918367,2059.50306122449,27,0.989015280795737,0.980399119180976,0.728910204081633,0.0234,0,1780323.453,74.5,21597.93,0,-1,0.98,-0.01098471920426302,0,44.3336244189082,0,Call,2,0.021526369760552517,0.9784736302394474,"(-0.1,0.15]",27,0.32722199746718444,0.001732457878236282,0.32548953958894816
2022-07-30,1,25000,24376.4176190476,1651.31,27,1.02567937059661,0.979230487857196,0.722771428571429,0.0234,0,619180.092,25.3,21597.93,0,-1,1.02,0.02567937059661007,0,32.542107599319536,0,Call,2,0.019706843414815836,0.9802931565851841,"(-0.1,0.15]",27,0.3395736272216688,0.001732457878236282,0.3378411693434325
2022-09-03,1,19000,19824.12,1853.56,27,0.95842841952127,0.975250749000655,0.6657,0.0285,0,1982.412,0.1,19598.86,598.8600000000006,-0.6769136148816328,0.95,-0.04157158047873,1,40.97833558299516,13.23954231167726,Call,2,0.02210790887966678,0.9778920911203333,"(-0.1,0.15]",27,-0.9875624469029537,0.0021104430346514658,-0.9896728899376052
2022-09-03,1,20000,19825.535,1312.24875,27,1.00880741926199,0.972278231929752,0.6508,0.0285,0,349404.616,17.6,19598.86,0,-1,1,0.00880741926199002,1,34.259698503531276,0,Call,2,0.026107625176652882,0.9738923748233471,"(-0.1,0.15]",27,-0.7425734196558025,0.0021104430346514658,-0.744683862690454
2022-09-03,1,21000,19898.7333333333,925.4,27,1.05535013444819,0.968747898401537,0.633466666666667,0.0285,0,43832.928,2.2,19598.86,0,-1,1.05,0.05535013444818992,1,28.2545116543554,0,Call,2,0.030532214884758376,0.9694677851152417,"(-0.1,0.15]",27,-0.3043850486712525,0.0021104430346514658,-0.30649549170590396
2022-09-03,1,22000,19871.48,582.32,27,1.10712349338276,0.964816992937007,0.61633,0.0285,0,194340.482,9.8,19598.86,0,-1,1.1,0.10712349338276006,1,20.82627342517806,0,Call,2,0.03576431073151885,0.9642356892684811,"(-0.1,0.15]",27,-0.12547656327852744,0.0021104430346514658,-0.1275870063131789
2019-11-30,-1,7000,7619.3,243.511428571429,27,0.918839910854332,-0.0361937745711397,0.632442857142857,0.0156,0,229919.519,30.4,7194.4,0,-1,0.91,-0.08116008914566797,1,234.6972998733201,0,Put,2,0.036195954948880116,0.9638040450511198,"(-0.1,0.15]",27,-0.9737258786789258,0.0011546386853127366,-0.9748805173642385
2019-11-30,-1,7500,7650.70428571429,423.595714285714,27,0.980415865225511,-0.0411864459232486,0.615842857142857,0.0156,0,62127.151,8.1,7194.4,305.60000000000036,-0.2785573845681685,0.98,-0.01958413477448894,1,406.099589633552,292.97755007102324,Put,2,0.04130382830162665,0.9586961716983734,"(-0.1,0.15]",27,-0.31471823364369306,0.0011546386853127366,-0.3158728723290058
2019-11-30,-1,8000,7732.585,650.49,27,1.03458510676197,-0.0440457059143611,0.609525,0.0156,0,40993.015,5.3,7194.4,805.6000000000004,0.23845101385109735,1.03,0.03458510676197002,1,621.829353636273,770.1051934532148,Put,2,0.04406008757048845,0.9559399124295116,"(-0.1,0.15]",27,0.20841300637491375,0.0011546386853127366,0.20725836768960101
2020-03-28,-1,6000,6221.23925925926,612.156666666667,27,0.964521637227389,-0.00265897923721161,1.07027407407407,3e-4,0,499691.546,80.4,7477.6,0,-1,0.96,-0.03547836277261096,0,610.5265684345962,0,Put,2,0.002662877529288329,0.9973371224707117,"(-0.1,0.15]",27,-0.9935761497625504,2.219202706132961e-5,-0.9935983417896117
2020-03-28,-1,6500,6207.98428571429,882.202857142857,27,1.04708913395813,-0.00365842967526999,1.04044285714286,3e-4,0,81095.288,13,7477.6,0,-1,1.04,0.04708913395813008,0,878.9698299245581,0,Put,2,0.003664720865640389,0.9963352791343596,"(-0.1,0.15]",27,-0.9959331559269815,2.219202706132961e-5,-0.9959553479540428
2020-05-30,-1,9000,9507.2895,427.6245,27,0.946700055961787,-0.0384741149742721,0.67113,0.0014,0,798076.276,84,9240.85,0,-1,0.94,-0.05329994403821303,1,411.21341635886535,0,Put,2,0.03837732319157264,0.9616226768084274,"(-0.1,0.15]",27,-0.9795547684959871,1.035670065276939e-4,-0.9796583355025148
2020-05-30,-1,9500,9519.60705882353,631.692352941177,27,0.998023441117787,-0.0452285550760697,0.64765294117647,0.0014,0,2713583.6,286.4,9240.85,259.14999999999964,-0.5897528301658392,0.99,-0.00197655888221304,1,603.1853116132833,247.45506697488577,Put,2,0.045128045630383515,0.9548719543696165,"(-0.1,0.15]",27,-0.6106914648790146,1.035670065276939e-4,-0.6107950318855423
2020-05-30,-1,10000,9567.32666666667,888.033333333333,27,1.04533775716296,-0.0470457074346032,0.646855555555556,0.0014,0,80216.172,8.4,9240.85,759.1499999999996,-0.14513344093690184,1.04,0.04533775716296007,1,846.354991477705,723.5205793104235,Put,2,0.04693330789643174,0.9530666921035682,"(-0.1,0.15]",27,-0.168259876828766,1.035670065276939e-4,-0.1683634438352937
2020-07-04,-1,9000,9115.21,391.111666666667,27,0.987380624368057,-0.107884865321795,0.468508333333333,0.0014,0,540591.116,59.2,11114.93,0,-1,0.98,-0.01261937563194304,1,349.21007476065654,0,Put,2,0.10713459985258375,0.8928654001474162,"(-0.1,0.15]",27,-0.4462186165030448,1.035670065276939e-4,-0.4463221835095725
2020-07-04,-1,9250,9142.48,507.393333333333,27,1.0117616027806,-0.108979760093628,0.470233333333333,0.0014,0,127956.96,14,11114.93,0,-1,1.01,0.01176160278060001,1,451.7467311591541,0,Put,2,0.10967152802069186,0.8903284719793081,"(-0.1,0.15]",27,-0.586348134259659,1.035670065276939e-4,-0.5864517012661867
2020-08-29,-1,10500,11515.7055555556,244.388888888889,27,0.911798891850532,-0.0707928455046747,0.549788888888889,0.001,0,278745.582,24.2,10732.43,0,-1,0.91,-0.08820110814946802,1,227.11170996472845,0,Put,2,0.07069543547053647,0.9293045645294635,"(-0.1,0.15]",27,-0.948557540762336,7.397533878017448e-5,-0.9486315161011162
2020-08-29,-1,11000,11490.0137037037,387.46037037037,27,0.957355968326227,-0.0829673272551402,0.523333333333333,0.001,0,3507119.424,305.4,10732.43,267.5699999999997,-0.3094261491975764,0.95,-0.04264403167377295,1,355.38191342525033,245.41745645960864,Put,2,0.08279158179314228,0.9172084182068577,"(-0.1,0.15]",27,-0.43482292368265385,7.397533878017448e-5,-0.434896899021434
2020-08-29,-1,11500,11499.4566666667,592.66,27,1.00005175229358,-0.0906266571194236,0.510783333333333,0.001,0,741509.51,64.4,10732.43,767.5699999999997,0.29512705429757324,1,5.1752293579898634e-5,1,539.2266018968289,698.3669605135302,Put,2,0.09015860375792376,0.9098413962420763,"(-0.1,0.15]",27,0.16245599115529988,7.397533878017448e-5,0.1623820158165197
2020-08-29,-1,12000,11512.56,854.81,27,1.04234017982804,-0.0960724765798719,0.5042,0.001,0,27619.696,2.4,10732.43,1267.5699999999997,0.4828675378154208,1.04,0.04234017982804006,1,773.1565564596592,1146.4887592231842,Put,2,0.09552233074056318,0.9044776692594368,"(-0.1,0.15]",27,0.40039025507716736,7.397533878017448e-5,0.4003162797383872
2020-08-29,-1,13000,11496.65,1615.245,27,1.13076848714123,-0.0891979754893145,0.53135,0.001,0,234091.836,20.4,10732.43,2267.5699999999997,0.40385514271828726,1.13,0.13076848714123002,1,1471.540046961924,2065.829062643407,Put,2,0.08896789839193188,0.9110321016080681,"(-0.1,0.15]",27,0.3851961312865836,7.397533878017448e-5,0.3851221559478034
2021-02-27,-1,44000,47065.9636923077,3304.75307692308,27,0.934908975587521,-0.00387619209010026,1.02115230769231,4e-4,0,5432482.206,115.5,51415.92,0,-1,0.93,-0.06509102441247905,0,3291.9660345109965,0,Put,2,0.0038692882991393468,0.9961307117008606,"(-0.1,0.15]",27,-0.9913656402610079,2.958947885578489e-5,-0.9913952297398637
2021-02-27,-1,48000,47016.6040740741,5381.55888888889,27,1.02106001651948,-0.00367626734789306,1.03492222222222,4e-4,0,1524072.103,32.3,51415.92,0,-1,1.02,0.02106001651948008,0,5361.759294701983,0,Put,2,0.0036791559092266297,0.9963208440907734,"(-0.1,0.15]",27,-0.9976641205192074,2.958947885578489e-5,-0.9976937099980632
2021-02-27,-1,50000,46595.19,6546.62,27,1.07307213469888,-0.00513285058024926,0.9924,4e-4,0,4659.519,0.1,51415.92,0,-1,1.07,0.07307213469888008,0,6513.035011856371,0,Put,2,0.005130126407768982,0.994869873592231,"(-0.1,0.15]",27,-0.9988884294956152,2.958947885578489e-5,-0.998918018974471
2021-02-27,-1,52000,47382.22,7563.16818181818,27,1.09762824591718,-0.00388231051018104,1.03115454545455,4e-4,0,99484.049,2.1,51415.92,584.0800000000017,-0.9227731043448,1.09,0.09762824591718,0,7533.803493151288,581.8122562523763,Put,2,0.00388259099374301,0.996117409006257,"(-0.1,0.15]",27,-0.9229219937964213,2.958947885578489e-5,-0.922951583275277
2021-07-03,-1,32000,34361.1264705882,2281.05529411765,27,0.931479564678855,-0.00799922064609346,0.92045,5e-4,0,387459.491,11.3,40005.93,0,-1,0.93,-0.06852043532114505,0,2262.8064586975634,0,Put,2,0.008000172318113702,0.9919998276818863,"(-0.1,0.15]",27,-0.9721416896561423,3.698698537157874e-5,-0.9721786766415139
2021-07-03,-1,34000,34482.7189130435,3072.89760869565,27,0.98604878146965,-0.0103892503759716,0.887667391304348,5e-4,0,365730.017,10.6,40005.93,0,-1,0.98,-0.01395121853034997,0,3040.967401123358,0,Put,2,0.010390911653527311,0.9896090883464727,"(-0.1,0.15]",27,-0.9797072480525888,3.698698537157874e-5,-0.9797442350379604
2021-07-03,-1,35000,34744.87,3422.37,27,1.00734295451386,-0.0110711166405171,0.8801,5e-4,0,6948.974,0.2,40005.93,0,-1,1,0.00734295451385991,0,3384.4534041418447,0,Put,2,0.011079046350381627,0.9889209536496184,"(-0.1,0.15]",27,-0.9837705659648988,3.698698537157874e-5,-0.9838075529502703
2021-10-02,-1,45000,47867.8021428571,2475.10642857143,27,0.94010105260233,-0.0208425915189463,0.777335714285714,4e-4,0,411160.535,8.6,60587.09,0,-1,0.94,-0.05989894739766999,0,2423.4974613755744,0,Put,2,0.020851211325746036,0.9791487886742539,"(-0.1,0.15]",27,-0.8723122178289338,2.958947885578489e-5,-0.8723418073077895
2021-10-02,-1,50000,47783.1333333333,4889.47666666667,27,1.04640011612463,-0.0264756509253857,0.7489,4e-4,0,314730.923,6.6,60587.09,0,-1,1.04,0.04640011612462991,0,4760.187309971464,0,Put,2,0.026442371138943863,0.9735576288610561,"(-0.1,0.15]",27,-0.9422108643105681,2.958947885578489e-5,-0.9422404537894239
2022-02-26,-1,36000,39418.4484615385,1378.03769230769,27,0.913288699960586,-0.0350301179438544,0.677707692307692,0.0033,0,229297.414,5.8,44004.47,0,-1,0.91,-0.08671130003941396,1,1329.7188037670232,0,Put,2,0.035063546382211694,0.9649364536177883,"(-0.1,0.15]",27,-0.8125526046873062,2.4413938621137277e-4,-0.8127967440735175
2022-02-26,-1,38000,39242.5083333333,2093.64277777778,27,0.968392396309007,-0.0436011938910085,0.644472222222222,0.0033,0,829044.603,21.2,44004.47,0,-1,0.96,-0.03160760369099302,1,2002.3293477294994,0,Put,2,0.043614618032022504,0.9563853819679775,"(-0.1,0.15]",27,-0.8781619166802779,2.4413938621137277e-4,-0.8784060560664892
2022-02-26,-1,40000,39317.1447368421,3033.18105263158,27,1.01744115873375,-0.0480524246150706,0.632242105263158,0.0033,0,1267727.47,32.3,44004.47,0,-1,1.01,0.01744115873374996,1,2887.2484502917882,0,Put,2,0.048112064465515775,0.9518879355344843,"(-0.1,0.15]",27,-0.9357521114970188,2.4413938621137277e-4,-0.9359962508832301
2022-05-28,-1,28000,28936.0779166667,1786.52583333333,27,0.967664127895349,-0.0237849080231286,0.730283333333334,0.0106,0,923197.052,31.9,21088.3,6911.700000000001,2.868793762194882,0.96,-0.03233587210465105,0,1744.1784279985466,6747.8666223956525,Put,2,0.023703774412134265,0.9762962255878658,"(-0.1,0.15]",27,2.735386079334296,7.844170833293251e-4,2.7346016622509666
2022-05-28,-1,29000,28840.665,2288.495,27,1.00555617902428,-0.0274082914229054,0.7101,0.0106,0,179772.612,6.2,21088.3,7911.700000000001,2.45716289526523,1,0.00555617902427996,0,2225.7832073919153,7694.895117499763,Put,2,0.02740307171660167,0.9725969282833983,"(-0.1,0.15]",27,2.365249528275846,7.844170833293251e-4,2.3644651111925166
2022-05-28,-1,30000,28934.8707142857,2727.58214285714,27,1.03683332825504,-0.0323977831833861,0.683921428571429,0.0106,0,221825.551,7.7,21088.3,8911.7,2.2672526557403705,1.03,0.03683332825503993,0,2639.233328740584,8623.042102446172,Put,2,0.03239089035243877,0.9676091096475612,"(-0.1,0.15]",27,2.1994002743910612,7.844170833293251e-4,2.1986158573077317
2022-07-30,-1,22000,24332.2042857143,931.63,27,0.904295809968881,-0.0159130974253389,0.754885714285714,0.0234,0,669800.197,27.5,21597.93,402.0699999999997,-0.5684230864184282,0.9,-0.09570419003111896,0,916.8063973457058,395.67247531829986,Put,2,0.01591146984778733,0.9840885301522126,"(-0.1,0.15]",27,-0.5910865245713626,0.001732457878236282,-0.5928189824495989
2022-07-30,-1,23000,24045.1505,1344.587,27,0.956630505286962,-0.0200025076123767,0.72199,0.0234,0,573715.799,23.9,21597.93,1402.0699999999997,0.04275141734971388,0.95,-0.04336949471303797,0,1317.744352646842,1374.0797914270756,Put,2,0.01996348867954105,0.980036511320459,"(-0.1,0.15]",27,0.0036416226376665656,0.001732457878236282,0.0019091647594302835
2022-07-30,-1,24000,24161.4473469388,1764.53897959184,27,0.993450376344228,-0.0215687304186676,0.712332653061225,0.0234,0,2448560.809,100.6,21597.93,2402.0699999999997,0.36130174951172167,0.99,-0.00654962365577205,0,1726.554861060238,2350.3621529892694,Put,2,0.021526369760552517,0.9784736302394474,"(-0.1,0.15]",27,0.32722199746718444,0.001732457878236282,0.32548953958894816
2022-07-30,-1,25000,23871.18,2506.47,27,1.04728798492576,-0.0196854805744414,0.7339,0.0234,0,2387.118,0.1,21597.93,3402.0699999999997,0.35731526808619285,1.04,0.04728798492575992,0,2457.0753881860664,3335.025939223757,Put,2,0.019706843414815836,0.9802931565851841,"(-0.1,0.15]",27,0.3395736272216688,0.001732457878236282,0.3378411693434325
2022-09-03,-1,19000,19899.986,1046.642,27,0.954791251869019,-0.0220481941612105,0.68698,0.0285,0,41725.032,2.1,19598.86,0,-1,0.95,-0.04520874813098097,1,1023.5029340343679,0,Put,2,0.02210790887966678,0.9778920911203333,"(-0.1,0.15]",27,-0.9875624469029537,0.0021104430346514658,-0.9896728899376052
2022-09-03,-1,20000,19799.7357142857,1523.09142857143,27,1.01011918730332,-0.0260643540321846,0.662742857142857,0.0285,0,130678.805,6.6,19598.86,401.1399999999994,-0.7366277608322929,1.01,0.01011918730331995,1,1483.3271284445143,390.6671872366369,Put,2,0.026107625176652882,0.9738923748233471,"(-0.1,0.15]",27,-0.7425734196558025,0.0021104430346514658,-0.744683862690454
2022-09-03,-1,21000,19987.0208695652,1985.10217391304,27,1.05069215919559,-0.0305095429237371,0.637413043478261,0.0285,0,414196.259,20.7,19598.86,1401.1399999999994,-0.2941723512205583,1.05,0.05069215919559,1,1924.492607770926,1358.360092436369,Put,2,0.030532214884758376,0.9694677851152417,"(-0.1,0.15]",27,-0.3043850486712525,0.0021104430346514658,-0.30649549170590396
2022-09-03,-1,22000,19835.36,2724.05666666667,27,1.10913041254671,-0.035785871772312,0.613066666666667,0.0285,0,33716.79,1.7,19598.86,2401.1399999999994,-0.11854256580565636,1.1,0.10913041254671008,1,2626.632657589738,2315.26488293012,Put,2,0.03576431073151885,0.9642356892684811,"(-0.1,0.15]",27,-0.12547656327852744,0.0021104430346514658,-0.1275870063131789
2019-11-30,1,10000,7670.17818181818,62.8381818181818,27,1.30392163187177,0.968321670909306,0.698227272727273,0.0156,0,241700.512,31.6,7194.4,0,-1,1.3,0.3039216318717699,1,2.112921527553664,0,Call,2,0.033624803684919866,0.9663751963150802,"(0.15,0.6]",27,0.22002424003224602,0.0011546386853127366,0.21886960134693328
2020-05-30,1,12000,9545.93656716418,166.406567164179,27,1.25716566172885,0.975546813962369,0.777025373134328,0.0014,0,11016843.196,1153.6,9240.85,0,-1,1.25,0.25716566172885,1,5.9761097742555105,0,Call,2,0.035912703904043636,0.9640872960959563,"(0.15,0.6]",27,0.07518534078304402,1.035670065276939e-4,0.07508177377651633
2020-07-04,1,10500,9087.36214285714,91.2185714285714,27,1.15546042211052,0.887389196082785,0.483257142857143,0.0014,0,406623.792,44.8,11114.93,614.9300000000003,5.741280754232383,1.15,0.15546042211052002,1,11.626572754363046,78.37799114667018,Call,2,0.12745839550301685,0.8725416044969831,"(0.15,0.6]",27,-0.938021335263528,1.035670065276939e-4,-0.9381249022700557
2020-07-04,1,11500,9106.52,48.736,27,1.26285530296311,0.922909269046997,0.57382,0.0014,0,804576.14,88.6,11114.93,0,-1,1.26,0.26285530296311,1,4.106305373292264,0,Call,2,0.08425610171725754,0.9157438982827425,"(0.15,0.6]",27,-0.8384566220990228,1.035670065276939e-4,-0.8385601891055505
2020-07-04,1,12000,9094.08846153846,35.6923076923077,27,1.3195616123986,0.93572407801803,0.614307692307692,0.0014,0,535893.736,59,11114.93,0,-1,1.31,0.31956161239860004,1,2.571076508695691,0,Call,2,0.07203447114880167,0.9279655288511983,"(0.15,0.6]",27,-0.6904866073010562,1.035670065276939e-4,-0.6905901743075838
2020-07-04,1,13000,9106.67,24.59,27,1.42755386420099,0.957992844530715,0.69906,0.0014,0,384857.348,42.4,11114.93,0,-1,1.42,0.4275538642009899,1,1.2701341343030237,0,Call,2,0.05165246581142837,0.9483475341885717,"(0.15,0.6]",27,-0.5076782769515075,1.035670065276939e-4,-0.5077818439580352
2021-02-27,1,56000,47074.5178723404,2603.31843971631,27,1.18980008279986,0.996169766960214,1.04143404255319,4e-4,0,18858581.439,402.3,51415.92,0,-1,1.18,0.18980008279986005,0,11.276719470061575,0,Call,2,0.004331671184755418,0.9956683288152446,"(0.15,0.6]",27,-0.5793245199541983,2.958947885578489e-5,-0.5793541094330541
2021-07-03,1,40000,34239.6991489362,1188.12468085106,27,1.16844396234466,0.982919310450501,0.828129787234043,5e-4,0,4987573.243,146.6,40005.93,5.930000000000291,-0.9950089413210804,1.16,0.16844396234466008,0,22.363680196996164,0.11161844013980061,Call,2,0.018822671187149264,0.9811773288128507,"(0.15,0.6]",27,-0.9999835257711642,3.698698537157874e-5,-1.0000205127565358
2022-05-28,1,35000,28870.0910526316,395.08,27,1.21233979946373,0.956761419277492,0.649189473684211,0.0106,0,1188230.491,41.2,21088.3,0,-1,1.21,0.2123397994637299,0,17.724954309859594,0,Call,2,0.044864215626859355,0.9551357843731406,"(0.15,0.6]",27,1.163156321844048,7.844170833293251e-4,1.1623719047607186
2019-11-30,-1,10000,7748.535,2297.44,27,1.29056742668759,-0.0336925308227418,0.6862,0.0156,0,15497.07,2,7194.4,2805.6000000000004,0.22118531931192997,1.29,0.29056742668758995,1,2220.189031022118,2711.2622507815895,Put,2,0.033624803684919866,0.9663751963150802,"(0.15,0.6]",27,0.22002424003224602,0.0011546386853127366,0.21886960134693328
2020-05-30,-1,12000,9505,2560.01,27,1.26249387333707,-0.0363395763186954,0.723533333333333,0.0014,0,5703,0.6,9240.85,2759.1499999999996,0.07778875863766133,1.26,0.2624938733370701,1,2468.0731188786094,2660.0614630231576,Put,2,0.035912703904043636,0.9640872960959563,"(0.15,0.6]",27,0.07518534078304402,1.035670065276939e-4,0.07508177377651633
2020-07-04,-1,10500,9117.44,1436,27,1.15163905657728,-0.12962728944556,0.4512,0.0014,0,1823.488,0.2,11114.93,0,-1,1.15,0.15163905657728005,1,1252.9697440576679,0,Put,2,0.12745839550301685,0.8725416044969831,"(0.15,0.6]",27,-0.938021335263528,1.035670065276939e-4,-0.9381249022700557
2020-07-04,-1,11500,9133.295,2379.21,27,1.25913108912943,-0.0849153757884111,0.5543,0.0014,0,3653.318,0.4,11114.93,385.0699999999997,-0.8381521597505055,1.25,0.25913108912943006,1,2178.7470402332838,352.6255029117354,Put,2,0.08425610171725754,0.9157438982827425,"(0.15,0.6]",27,-0.8384566220990228,1.035670065276939e-4,-0.8385601891055505
2020-07-04,-1,12000,9141.9325,2856.7825,27,1.31264156750209,-0.0726367381174967,0.5909,0.0014,0,7313.546,0.8,11114.93,885.0699999999997,-0.6901864247628233,1.31,0.31264156750208993,1,2650.9956834253485,821.3144506203298,Put,2,0.07203447114880167,0.9279655288511983,"(0.15,0.6]",27,-0.6904866073010562,1.035670065276939e-4,-0.6905901743075838
2020-07-04,-1,13000,9160.23,3827.6,27,1.41920330469638,-0.0521778049352491,0.66265,0.0014,0,7328.184,0.8,11114.93,1885.0699999999997,-0.5075060089873551,1.41,0.4192033046963799,1,3629.8950218601767,1787.7014862728504,Put,2,0.05165246581142837,0.9483475341885717,"(0.15,0.6]",27,-0.5076782769515075,1.035670065276939e-4,-0.5077818439580352
2021-02-27,-1,56000,46569.51,10885.625,27,1.20250357502641,-0.00433385269952358,1.0229,4e-4,0,18625.932,0.4,51415.92,4584.080000000002,-0.578886834701728,1.2,0.20250357502640992,0,10838.472051859448,4564.223272755388,Put,2,0.004331671184755418,0.9956683288152446,"(0.15,0.6]",27,-0.5793245199541983,2.958947885578489e-5,-0.5793541094330541
2021-07-03,-1,40000,34412.58,6882.52,27,1.16236562326916,-0.0188560889462196,0.8123,5e-4,0,3441.258,0.1,40005.93,0,-1,1.16,0.16236562326915993,0,6752.972589101021,0,Put,2,0.018822671187149264,0.9811773288128507,"(0.15,0.6]",27,-0.9999835257711642,3.698698537157874e-5,-1.0000205127565358
2022-05-28,-1,35000,28929.7533333333,6412.64666666667,27,1.20983066383683,-0.044940574230602,0.6419,0.0106,0,37622.686,1.3,21088.3,13911.7,1.1694162680619642,1.2,0.2098306638368299,0,6124.948303874476,13287.562491463821,Put,2,0.044864215626859355,0.9551357843731406,"(0.15,0.6]",27,1.163156321844048,7.844170833293251e-4,1.1623719047607186
2020-03-28,1,4500,6261.88,1866.04,27,0.718634500893198,0.998469051191115,1.11985,3e-4,0,125237.6,20,7477.6,2977.6000000000004,0.5956785492272407,0.71,-0.281365499106802,0,0.6235815099022997,0.9950356390458338,Call,2,3.341737100503203e-4,0.9996658262899497,"(-0.5,-0.1]",27,-0.9944768385670602,2.219202706132961e-5,-0.9944990305941215
2020-03-28,1,5500,6195.08333333333,1045.63,27,0.887943761064743,0.996669381526067,1.0382,3e-4,0,18585.25,3,7477.6,1977.6000000000004,0.8912999818291367,0.88,-0.11205623893525696,0,1.8907914764792058,3.5760538851078083,Call,2,0.0018082796749129286,0.9981917203250871,"(-0.5,-0.1]",27,-0.9913974493319769,2.219202706132961e-5,-0.9914196413590383
2020-05-30,1,8000,9646.26588235294,1873.70117647059,27,0.829375579277793,0.981224944937208,0.779611764705883,0.0014,0,55654.016,5.8,9240.85,1240.8500000000004,-0.3377545920436812,0.82,-0.17062442072220696,1,42.66210047764021,28.2527801350883,Call,2,0.02276889240044187,0.9772311075995581,"(-0.5,-0.1]",27,-0.8695059922401676,1.035670065276939e-4,-0.8696095592466953
2020-07-04,1,7000,9148.73,2212.14142857143,27,0.765144311429379,0.967812590934497,0.6794,0.0014,0,12808.222,1.4,11114.93,4114.93,0.860156835748682,0.76,-0.234855688570621,1,77.33582045530547,143.85675506816924,Call,2,0.03495970893020518,0.9650402910697948,"(-0.5,-0.1]",27,0.19855592343813352,1.035670065276939e-4,0.19845235643160583
2020-07-04,1,7500,9151.81,1747.16,27,0.819517766050472,0.953206344757601,0.61736,0.0014,0,9151.81,1,11114.93,3614.93,1.069032029121546,0.81,-0.180482233949528,1,95.73998524131787,198.08909593191072,Call,2,0.05479749149552294,0.9452025085044771,"(-0.5,-0.1]",27,0.21899037597379892,1.035670065276939e-4,0.21888680896727122
2020-07-04,1,8000,9122.78333333333,1277.32666666667,27,0.876944019649452,0.935602406933573,0.562466666666667,0.0014,0,5473.67,0.6,11114.93,3114.9300000000003,1.4386322475586972,0.87,-0.123055980350548,1,90.10588477228781,219.73511630050922,Call,2,0.07054255354069247,0.9294574464593075,"(-0.5,-0.1]",27,0.03693396789491755,1.035670065276939e-4,0.036830400888389854
2020-08-29,1,8000,11533.59,3633.08,27,0.693626182307504,0.985505121775525,0.8043,0.001,0,92268.72,8,10732.43,2732.4300000000003,-0.24790260605326597,0.69,-0.30637381769249605,1,39.27161597866923,29.536080033634047,Call,2,0.010809455332299106,0.9891905446677008,"(-0.5,-0.1]",27,-0.6636978953247777,7.397533878017448e-5,-0.6637718706635579
2020-08-29,1,9000,11495.6666666667,2699.56666666667,27,0.782903703065854,0.985008076395646,0.816633333333333,0.001,0,57478.47,5,10732.43,1732.4300000000003,-0.35825626335090877,0.78,-0.217096296934146,1,76.23426569090014,48.92286252517787,Call,2,0.02823944547553313,0.9717605545244669,"(-0.5,-0.1]",27,-0.6876130113210535,7.397533878017448e-5,-0.6876869866598336
2020-08-29,1,10000,11484.53,1745.65,27,0.870736547338028,0.952906882643092,0.6247,0.001,0,22969.06,2,10732.43,732.4300000000003,-0.5804256294217052,0.87,-0.12926345266197203,1,100.66520047761375,42.23653812953265,Call,2,0.05766631368121545,0.9423336863187846,"(-0.5,-0.1]",27,-0.8315600268871655,7.397533878017448e-5,-0.8316340022259456
2021-02-27,1,24000,45514.25,22074.41,27,0.527307381754066,0.999933979411434,1.4378,4e-4,0,254879.8,5.6,51415.92,27415.92,0.24197747527566985,0.52,-0.472692618245934,0,1.0200055309882896,1.266823894144055,Call,2,4.62076010633258e-5,0.9999537923989367,"(-0.5,-0.1]",27,-0.994586952414054,2.958947885578489e-5,-0.9946165418929098
2021-02-27,1,28000,46608.405,19528.99,27,0.600751330998012,0.999783454863493,1.32585,4e-4,0,466084.05,10,51415.92,23415.92,0.1990338466044581,0.6,-0.399248669001988,0,6.4192984579688694,7.69695612256048,Call,2,3.2870611629013427e-4,0.9996712938837099,"(-0.5,-0.1]",27,-0.9781454531523299,2.958947885578489e-5,-0.9781750426311857
2021-02-27,1,32000,45334.9879166667,14512.8795833333,27,0.70585734934744,0.999092659133499,1.1783375,4e-4,0,1303588.279,28.7,51415.92,19415.92,0.33784063241986706,0.7,-0.29414265065255996,0,12.163517988590767,16.2728485983067,Call,2,8.381188528952891e-4,0.9991618811471047,"(-0.5,-0.1]",27,-0.9744804493980025,2.958947885578489e-5,-0.9745100388768583
2021-02-27,1,36000,45557.6615217391,11389.4156521739,27,0.790207763101123,0.998102735658647,1.0977847826087,4e-4,0,724070.96,15.9,51415.92,15415.919999999998,0.3535303716005447,0.79,-0.20979223689887705,0,19.655373679520483,26.604145240388924,Call,2,0.0017257578685144271,0.9982742421314855,"(-0.5,-0.1]",27,-0.9778806560662655,2.958947885578489e-5,-0.9779102455451213
2021-10-02,1,40000,47541.91,9032.96,27,0.84136376536821,0.985613454470978,0.825166666666667,4e-4,0,33279.771,0.7,60587.09,20587.089999999997,1.2791078450474704,0.84,-0.15863623463179,0,145.20942093977348,330.9479304386382,Call,2,0.016075508021708665,0.9839244919782913,"(-0.5,-0.1]",27,-0.7124233648455279,2.958947885578489e-5,-0.7124529543243837
2022-02-26,1,35000,39363.445,5491.23,27,0.88915136805132,0.965977878009473,0.68,0.0033,0,23638.849,0.6,44004.47,9004.470000000001,0.6397910850574464,0.88,-0.11084863194868,1,180.82861888831212,296.52115717630477,Call,2,0.03293043979004925,0.9670695602099507,"(-0.5,-0.1]",27,-0.7695447931091188,2.4413938621137277e-4,-0.7697889324953302
2022-07-30,1,19000,24544.48,5915.22,27,0.774104808902042,0.992041238010887,0.8506,0.0234,0,17181.136,0.7,21597.93,2597.9300000000003,-0.5608058533748533,0.77,-0.22589519109795797,0,52.56578755950563,23.08658620887583,Call,2,0.00888653128024074,0.9911134687197592,"(-0.5,-0.1]",27,-0.936484164283083,0.001732457878236282,-0.9382166221613193
2022-07-30,1,21000,24159.8260526316,3876.54,27,0.869297292763881,0.985436637091823,0.765547368421053,0.0234,0,885517.718,36.6,21597.93,597.9300000000003,-0.845756783110712,0.86,-0.130702707236119,0,53.310712965333096,8.222815862434448,Call,2,0.013752137980088713,0.9862478620199113,"(-0.5,-0.1]",27,-0.9883040697587535,0.001732457878236282,-0.9900365276369898
2020-03-28,-1,4500,6212.28777777778,179.593333333333,27,0.724398126265427,-3.3377364558442e-4,1.29147222222222,3e-4,0,1063629.82,171,7477.6,0,-1,0.72,-0.275601873734573,0,179.53331796283268,0,Put,2,3.341737100503203e-4,0.9996658262899497,"(-0.5,-0.1]",27,-0.9944768385670602,2.219202706132961e-5,-0.9944990305941215
2020-03-28,-1,5500,6204.99769230769,414.555769230769,27,0.886452121431023,-0.0018055218737285,1.11324230769231,3e-4,0,592821.124,95,7477.6,0,-1,0.88,-0.11354787856897695,0,413.8061364591511,0,Put,2,0.0018082796749129286,0.9981917203250871,"(-0.5,-0.1]",27,-0.9913974493319769,2.219202706132961e-5,-0.9914196413590383
2020-05-30,-1,8000,9541.42264705883,177.894705882353,27,0.838471334914571,-0.0228619463893076,0.748376470588235,0.0014,0,1695579.562,177.4,9240.85,0,-1,0.83,-0.16152866508542896,1,173.84424046550944,0,Put,2,0.02276889240044187,0.9772311075995581,"(-0.5,-0.1]",27,-0.8695059922401676,1.035670065276939e-4,-0.8696095592466953
2020-07-04,-1,7000,9109.41857142857,44.2357142857143,27,0.768457473374183,-0.0350601387228616,0.663728571428571,0.0014,0,738164.746,81.2,11114.93,0,-1,0.76,-0.23154252662581695,1,42.68924658996601,0,Put,2,0.03495970893020518,0.9650402910697948,"(-0.5,-0.1]",27,0.19855592343813352,1.035670065276939e-4,0.19845235643160583
2020-07-04,-1,7500,9077.34875,70.633125,27,0.826234970763607,-0.0552615086189075,0.58545625,0.0014,0,613758.532,67.6,11114.93,0,-1,0.82,-0.17376502923639303,1,66.7626069335103,0,Put,2,0.05479749149552294,0.9452025085044771,"(-0.5,-0.1]",27,0.21899037597379892,1.035670065276939e-4,0.21888680896727122
2020-07-04,-1,8000,9085.151,131.047,27,0.880567266516874,-0.0710089344437802,0.54281,0.0014,0,1700927.122,187.2,11114.93,0,-1,0.88,-0.119432733483126,1,121.80260998615287,0,Put,2,0.07054255354069247,0.9294574464593075,"(-0.5,-0.1]",27,0.03693396789491755,1.035670065276939e-4,0.036830400888389854
2020-08-29,-1,8000,11549.71,49.085,27,0.692660056486078,-0.0107691825917757,0.85045,0.001,0,122243.72,10.6,10732.43,0,-1,0.69,-0.307339943513922,1,48.5544178850141,0,Put,2,0.010809455332299106,0.9891905446677008,"(-0.5,-0.1]",27,-0.6636978953247777,7.397533878017448e-5,-0.6637718706635579
2020-08-29,-1,9000,11507.88375,82.71125,27,0.782076581783585,-0.0286244196029818,0.703225,0.001,0,663917.164,57.8,10732.43,0,-1,0.78,-0.21792341821641503,1,80.37553016541182,0,Put,2,0.02823944547553313,0.9717605545244669,"(-0.5,-0.1]",27,-0.6876130113210535,7.397533878017448e-5,-0.6876869866598336
2020-08-29,-1,10000,11506.470625,159.270625,27,0.869087607789468,-0.058313342716368,0.58269375,0.001,0,3285952.778,285.2,10732.43,0,-1,0.86,-0.13091239221053197,1,150.08607517854676,0,Put,2,0.05766631368121545,0.9423336863187846,"(-0.5,-0.1]",27,-0.8315600268871655,7.397533878017448e-5,-0.8316340022259456
2021-02-27,-1,24000,46604.4446153846,233.022307692308,27,0.514998116249245,-4.62066855103979e-5,1.47172307692308,4e-4,0,60585.778,1.3,51415.92,0,-1,0.51,-0.48500188375075504,0,233.0115402904753,0,Put,2,4.62076010633258e-5,0.9999537923989367,"(-0.5,-0.1]",27,-0.994586952414054,2.958947885578489e-5,-0.9946165418929098
2021-02-27,-1,28000,46727.6459090909,345.884545454545,27,0.599301197672648,-3.2874299641292e-4,1.28182727272727,4e-4,0,201695.78,4.3,51415.92,0,-1,0.59,-0.400698802327352,0,345.77085108892385,0,Put,2,3.2870611629013427e-4,0.9996712938837099,"(-0.5,-0.1]",27,-0.9781454531523299,2.958947885578489e-5,-0.9781750426311857
2021-02-27,-1,32000,47054.922,626.0232,27,0.680088857574279,-8.3806078795533e-4,1.188136,4e-4,0,1906842.308,40.2,51415.92,0,-1,0.68,-0.31991114242572105,0,625.4985181537302,0,Put,2,8.381188528952891e-4,0.9991618811471047,"(-0.5,-0.1]",27,-0.9744804493980025,2.958947885578489e-5,-0.9745100388768583
2021-02-27,-1,36000,46661.8023076923,1185.14461538462,27,0.771826017476407,-0.00172546137819893,1.10982307692308,4e-4,0,3814359.301,81,51415.92,0,-1,0.77,-0.228173982523593,0,1183.0993427392925,0,Put,2,0.0017257578685144271,0.9982742421314855,"(-0.5,-0.1]",27,-0.9778806560662655,2.958947885578489e-5,-0.9779102455451213
2021-10-02,-1,40000,47898.6322727273,1022.03681818182,27,0.835109433788097,-0.0161031025478343,0.807122727272727,4e-4,0,1354421.339,28.3,60587.09,0,-1,0.83,-0.164890566211903,0,1005.6070571126565,0,Put,2,0.016075508021708665,0.9839244919782913,"(-0.5,-0.1]",27,-0.7124233648455279,2.958947885578489e-5,-0.7124529543243837
2022-02-26,-1,35000,39136.0222222222,1143.50333333333,27,0.894332735524138,-0.0328932660680629,0.686544444444444,0.0033,0,1163030.931,29.7,44004.47,0,-1,0.89,-0.10566726447586204,1,1105.8472656652762,0,Put,2,0.03293043979004925,0.9670695602099507,"(-0.5,-0.1]",27,-0.7695447931091188,2.4413938621137277e-4,-0.7697889324953302
2022-07-30,-1,19000,24440.0348888889,313.699555555556,27,0.777490967300052,-0.0088948498543361,0.834077777777778,0.0234,0,526304.556,21.5,21597.93,0,-1,0.77,-0.22250903269994804,0,310.91185464251396,0,Put,2,0.00888653128024074,0.9911134687197592,"(-0.5,-0.1]",27,-0.936484164283083,0.001732457878236282,-0.9382166221613193
2022-07-30,-1,21000,24369.5466666667,658.7985,27,0.861883143851021,-0.0137408263437612,0.774385,0.0234,0,3283651.322,134.6,21597.93,0,-1,0.86,-0.13811685614897895,0,649.7386121269245,0,Put,2,0.013752137980088713,0.9862478620199113,"(-0.5,-0.1]",27,-0.9883040697587535,0.001732457878236282,-0.9900365276369898
2021-02-27,1,18000,46793,29198.83,27,0.384672921163422,0.999997143573854,1.7042,4e-4,0,4679.3,0.1,51415.92,33415.92,0.1444266773702918,0.38,-0.615327078836578,0,0.07106120174967655,0.08132433500832228,Call,2,2.433700314350833e-6,0.9999975662996856,"(-1,-0.5]",27,-0.9990973377080039,2.958947885578489e-5,-0.9991269271868597
2021-02-27,-1,18000,46934.2002325581,90.023023255814,27,0.383556088265046,-2.43369928556034e-6,1.7201023255814,4e-4,0,2090710.469,44.5,51415.92,0,-1,0.38,-0.616443911734954,0,90.022804166754,0,Put,2,2.433700314350833e-6,0.9999975662996856,"(-1,-0.5]",27,-0.9990973377080039,2.958947885578489e-5,-0.9991269271868597
2021-07-03,1,60000,33889.7555,84.7255,27,1.77060581615397,0.994117586131201,1.010885,5e-4,0,101981.862,3,40005.93,0,-1,1.77,0.77060581615397,0,0.0024601233759124707,0,Call,2,2.9036398438633833e-5,0.9999709636015613,"(0.6,1]",27,-0.2431363085146733,3.698698537157874e-5,-0.24317329550004488
2022-09-03,1,35000,19900.69,16.5966666666667,27,1.75874508483575,0.988463245933622,0.858633333333333,0.0285,0,61795.375,3.1,19598.86,0,-1,1.75,0.75874508483575,1,0.09501277057879069,0,Call,2,0.0057248104385694215,0.9942751895614306,"(0.6,1]",27,0.011016049611420069,0.0021104430346514658,0.008905606576768603
2021-07-03,-1,60000,34532.02,26417,27,1.73751781679728,-2.88664325029941e-5,1.5734,5e-4,0,3453.202,0.1,40005.93,19994.07,-0.24313623802854223,1.73,0.73751781679728,0,26416.232945462445,19993.48944421707,Put,2,2.9036398438633833e-5,0.9999709636015613,"(0.6,1]",27,-0.2431363085146733,3.698698537157874e-5,-0.24317329550004488
2022-09-03,-1,35000,19809.1466666667,15233.2333333333,27,1.76686056476979,-0.00569134658882423,0.9656,0.0285,0,29713.396,1.5,19598.86,15401.14,0.0110223918318959,1.76,0.7668605647697899,1,15146.025960133471,15312.97139296213,Put,2,0.0057248104385694215,0.9942751895614306,"(0.6,1]",27,0.011016049611420069,0.0021104430346514658,0.008905606576768603
