test_date,PC_type,Strike,Spot_t,Premium_t,Tau_t,Moneyness_t,Delta_t,IV_t,IR_t,DividendYield_t,Volume_t,Quantity_t,Spot_th,option_value,option_return,M_floor,Return_t,Cluster,BuyPremium_t,SellPremium_th,SellSpot_t,BuySpot_th,M_group,steps_ahead,R_t,RF_t,ER_t
2019-11-30,1,4000,7713.1,3659.87,27,0.518598228987048,1,0,0.0156,0,2313.93,0.3,7194.4,3194.3999999999996,-0.12718211302587257,0.51,-0.481401771012952,1,3659.87,3194.3999999999996,7713.1,7194.4,"(-0.5,-0.1]",27,0.013132736114160921,3.160773391790439e-4,0.012816658774981877
2020-03-28,1,4500,6261.88,1866.04,27,0.718634500893198,0.998469051191115,1.11985,3e-4,0,125237.6,20,7477.6,2977.6000000000004,0.5956785492272407,0.71,-0.281365499106802,0,1866.04,2977.6000000000004,6261.88,7477.6,"(-0.5,-0.1]",27,-0.023322591286566097,3.160773391790439e-4,-0.02363866862574514
2020-03-28,1,5500,6195.08333333333,1045.63,27,0.887943761064743,0.996669381526067,1.0382,3e-4,0,18585.25,3,7477.6,1977.6000000000004,0.8912999818291367,0.88,-0.11205623893525696,0,1045.63,1977.6000000000004,6195.08333333333,7477.6,"(-0.5,-0.1]",27,-0.06751554966792193,3.160773391790439e-4,-0.06783162700710098
2020-05-30,1,8000,9646.26588235294,1873.70117647059,27,0.829375579277793,0.981224944937208,0.779611764705883,0.0014,0,55654.016,5.8,9240.85,1240.8500000000004,-0.3377545920436812,0.82,-0.17062442072220696,1,1873.70117647059,1240.8500000000004,9646.26588235294,9240.85,"(-0.5,-0.1]",27,-0.030962046555747528,3.160773391790439e-4,-0.03127812389492657
2020-07-04,1,7000,9148.73,2212.14142857143,27,0.765144311429379,0.967812590934497,0.6794,0.0014,0,12808.222,1.4,11114.93,4114.93,0.860156835748682,0.76,-0.234855688570621,1,2212.14142857143,4114.93,9148.73,11114.93,"(-0.5,-0.1]",27,-1.875078544694411e-5,3.160773391790439e-4,-3.3482812462598804e-4
2020-07-04,1,7500,9151.81,1747.16,27,0.819517766050472,0.953206344757601,0.61736,0.0014,0,9151.81,1,11114.93,3614.93,1.069032029121546,0.81,-0.180482233949528,1,1747.16,3614.93,9151.81,11114.93,"(-0.5,-0.1]",27,-5.00034092285442e-4,3.160773391790439e-4,-8.161114314644859e-4
2020-07-04,1,8000,9122.78333333333,1277.32666666667,27,0.876944019649452,0.935602406933573,0.562466666666667,0.0014,0,5473.67,0.6,11114.93,3114.9300000000003,1.4386322475586972,0.87,-0.123055980350548,1,1277.32666666667,3114.9300000000003,9122.78333333333,11114.93,"(-0.5,-0.1]",27,-0.003617248070792919,3.160773391790439e-4,-0.003933325409971962
2020-08-29,1,8000,11533.59,3633.08,27,0.693626182307504,0.985505121775525,0.8043,0.001,0,92268.72,8,10732.43,2732.4300000000003,-0.24790260605326597,0.69,-0.30637381769249605,1,3633.08,2732.4300000000003,11533.59,10732.43,"(-0.5,-0.1]",27,-0.01436673304437111,3.160773391790439e-4,-0.014682810383550154
2020-08-29,1,9000,11495.6666666667,2699.56666666667,27,0.782903703065854,0.985008076395646,0.816633333333333,0.001,0,57478.47,5,10732.43,1732.4300000000003,-0.35825626335090877,0.78,-0.217096296934146,1,2699.56666666667,1732.4300000000003,11495.6666666667,10732.43,"(-0.5,-0.1]",27,-0.02497082938845298,3.160773391790439e-4,-0.025286906727632025
2020-08-29,1,10000,11484.53,1745.65,27,0.870736547338028,0.952906882643092,0.6247,0.001,0,22969.06,2,10732.43,732.4300000000003,-0.5804256294217052,0.87,-0.12926345266197203,1,1745.65,732.4300000000003,11484.53,10732.43,"(-0.5,-0.1]",27,-0.032239347549012774,3.160773391790439e-4,-0.03255542488819182
2021-02-27,1,24000,45514.25,22074.41,27,0.527307381754066,0.999933979411434,1.4378,4e-4,0,254879.8,5.6,51415.92,27415.92,0.24197747527566985,0.52,-0.472692618245934,0,22074.41,27415.92,45514.25,51415.92,"(-0.5,-0.1]",27,-0.02388421326296904,3.160773391790439e-4,-0.024200290602148084
2021-02-27,1,28000,46608.405,19528.99,27,0.600751330998012,0.999783454863493,1.32585,4e-4,0,466084.05,10,51415.92,23415.92,0.1990338466044581,0.6,-0.399248669001988,0,19528.99,23415.92,46608.405,51415.92,"(-0.5,-0.1]",27,-0.033969966074871544,3.160773391790439e-4,-0.03428604341405059
2021-02-27,1,32000,45334.9879166667,14512.8795833333,27,0.70585734934744,0.999092659133499,1.1783375,4e-4,0,1303588.279,28.7,51415.92,19415.92,0.33784063241986706,0.7,-0.29414265065255996,0,14512.8795833333,19415.92,45334.9879166667,51415.92,"(-0.5,-0.1]",27,-0.03808762473613045,3.160773391790439e-4,-0.03840370207530949
2021-02-27,1,36000,45557.6615217391,11389.4156521739,27,0.790207763101123,0.998102735658647,1.0977847826087,4e-4,0,724070.96,15.9,51415.92,15415.919999999998,0.3535303716005447,0.79,-0.20979223689887705,0,11389.4156521739,15415.919999999998,45557.6615217391,51415.92,"(-0.5,-0.1]",27,-0.05341968091345411,3.160773391790439e-4,-0.05373575825263315
2021-10-02,1,40000,47541.91,9032.96,27,0.84136376536821,0.985613454470978,0.825166666666667,4e-4,0,33279.771,0.7,60587.09,20587.089999999997,1.2791078450474704,0.84,-0.15863623463179,0,9032.96,20587.089999999997,47541.91,60587.09,"(-0.5,-0.1]",27,-0.03445804101346716,3.160773391790439e-4,-0.034774118352646204
2022-02-26,1,35000,39363.445,5491.23,27,0.88915136805132,0.965977878009473,0.68,0.0033,0,23638.849,0.6,44004.47,9004.470000000001,0.6397910850574464,0.88,-0.11084863194868,1,5491.23,9004.470000000001,39363.445,44004.47,"(-0.5,-0.1]",27,-0.02981243250535806,3.160773391790439e-4,-0.030128509844537105
2022-07-30,1,19000,24544.48,5915.22,27,0.774104808902042,0.992041238010887,0.8506,0.0234,0,17181.136,0.7,21597.93,2597.9300000000003,-0.5608058533748533,0.77,-0.22589519109795797,0,5915.22,2597.9300000000003,24544.48,21597.93,"(-0.5,-0.1]",27,-0.02138400127123372,3.160773391790439e-4,-0.021700078610412763
2022-07-30,1,21000,24159.8260526316,3876.54,27,0.869297292763881,0.985436637091823,0.765547368421053,0.0234,0,885517.718,36.6,21597.93,597.9300000000003,-0.845756783110712,0.86,-0.130702707236119,0,3876.54,597.9300000000003,24159.8260526316,21597.93,"(-0.5,-0.1]",27,-0.03783087699073714,3.160773391790439e-4,-0.03814695432991618
2019-11-30,1,7000,7669.79,914.84,27,0.912698850618493,0.96374598726845,0.63195,0.0156,0,9245.608,1.2,7194.4,194.39999999999964,-0.7875038258056057,0.91,-0.08730114938150701,1,914.84,194.39999999999964,7669.79,7194.4,"(-0.1,0.15]",27,-0.04049548811450275,5.710970113459446e-4,-0.041066585125848695
2019-11-30,1,7500,7538.114,518.814,27,0.994992573403678,0.9559716291704,0.60446,0.0156,0,35444.275,4.7,7194.4,0,-1,0.99,-0.00500742659632202,1,518.814,0,7538.114,7194.4,"(-0.1,0.15]",27,-0.028446467682242727,5.710970113459446e-4,-0.029017564693588672
2019-11-30,1,8000,7612.94666666667,350.817777777778,27,1.05091564642252,0.955627884018833,0.6102,0.0156,0,88860.223,11.6,7194.4,0,-1,1.05,0.05091564642252,1,350.817777777778,0,7612.94666666667,7194.4,"(-0.1,0.15]",27,0.007099187020310443,5.710970113459446e-4,0.006528090008964499
2019-11-30,1,8500,7569.2375,200.835,27,1.12317332689264,0.955918884662368,0.620225,0.0156,0,54360.382,7.2,7194.4,0,-1,1.12,0.12317332689264004,1,200.835,0,7569.2375,7194.4,"(-0.1,0.15]",27,0.02238593020052746,5.710970113459446e-4,0.021814833189181516
2020-03-28,1,6000,6164.07421052632,744.572105263158,27,0.973499945817936,0.995877081083309,1.01586315789474,3e-4,0,992880.46,160.4,7477.6,1477.6000000000004,0.9844955103142958,0.97,-0.02650005418206402,0,744.572105263158,1477.6000000000004,6164.07421052632,7477.6,"(-0.1,0.15]",27,-0.1066134480678918,5.710970113459446e-4,-0.10718454507923775
2020-03-28,1,6500,6212.58384615385,536.631538461539,27,1.04641704312352,0.994624880131656,0.985615384615385,3e-4,0,578824.262,93.6,7477.6,977.6000000000004,0.8217341507781435,1.04,0.04641704312352002,0,536.631538461539,977.6000000000004,6212.58384615385,7477.6,"(-0.1,0.15]",27,-0.14483642789258383,5.710970113459446e-4,-0.14540752490392977
2020-03-28,1,7000,6243.5125,371.216666666667,27,1.12132152092055,0.993536109670396,0.965108333333333,3e-4,0,103378.8,16.6,7477.6,477.6000000000003,0.28658016432451827,1.12,0.12132152092055004,0,371.216666666667,477.6000000000003,6243.5125,7477.6,"(-0.1,0.15]",27,-0.19199913877404956,5.710970113459446e-4,-0.1925702357853955
2020-05-30,1,9000,9612.60052631579,1065.24263157895,27,0.936348234006935,0.964047993777719,0.681742105263158,0.0014,0,444277.386,46.2,9240.85,240.85000000000036,-0.7739012757656893,0.93,-0.06365176599306499,1,1065.24263157895,240.85000000000036,9612.60052631579,9240.85,"(-0.1,0.15]",27,-0.05681792238935147,5.710970113459446e-4,-0.05738901940069741
2020-05-30,1,9500,9539.4175,718.88375,27,0.995942617419543,0.956998650739786,0.65686875,0.0014,0,237810.544,25,9240.85,0,-1,0.99,-0.00405738258045695,1,718.88375,0,9539.4175,9240.85,"(-0.1,0.15]",27,-0.05150276685336125,5.710970113459446e-4,-0.05207386386470719
2020-05-30,1,10000,9533.64270833333,501.409375,27,1.04896308977858,0.955349170386911,0.6555875,0.0014,0,1732554.37,182.2,9240.85,0,-1,1.04,0.04896308977857999,1,501.409375,0,9533.64270833333,9240.85,"(-0.1,0.15]",27,-0.02575830598504177,5.710970113459446e-4,-0.026329402996387714
2020-05-30,1,10500,9519.1647368421,348.36947368421,27,1.10308671468587,0.956636797440563,0.666489473684211,0.0014,0,1586657.4,167,9240.85,0,-1,1.1,0.10308671468587004,1,348.36947368421,0,9519.1647368421,9240.85,"(-0.1,0.15]",27,-0.009376938319377168,5.710970113459446e-4,-0.009948035330723113
2020-07-04,1,9000,9142.073125,559.525,27,0.984480417084224,0.899118152099688,0.48341875,0.0014,0,762585.77,83.6,11114.93,2114.9300000000003,2.7798668513471254,0.98,-0.01551958291577604,1,559.525,2114.9300000000003,9142.073125,11114.93,"(-0.1,0.15]",27,-0.02851416127468943,5.710970113459446e-4,-0.029085258286035375
2020-07-04,1,9250,9089.9,389.3645,27,1.01763035129679,0.884712605285531,0.458335,0.0014,0,986307.812,108.6,11114.93,1864.9300000000003,3.789676511340916,1.01,0.01763035129678991,1,389.3645,1864.9300000000003,9089.9,11114.93,"(-0.1,0.15]",27,-0.04129376977237293,5.710970113459446e-4,-0.041864866783718875
2020-07-04,1,9500,9107.02625,302.935,27,1.04317730688837,0.88494585645215,0.46285,0.0014,0,513069.876,56.2,11114.93,1614.9300000000003,4.330945582385661,1.04,0.04317730688837007,1,302.935,1614.9300000000003,9107.02625,11114.93,"(-0.1,0.15]",27,-0.05993730186132618,5.710970113459446e-4,-0.06050839887267213
2020-07-04,1,9750,9091.25333333333,213.678888888889,27,1.0724686605004,0.878784035086917,0.455266666666667,0.0014,0,573913.18,63,11114.93,1364.9300000000003,5.387762530484474,1.07,0.0724686605003999,1,213.678888888889,1364.9300000000003,9091.25333333333,11114.93,"(-0.1,0.15]",27,-0.08065308191884477,5.710970113459446e-4,-0.08122417893019071
2020-07-04,1,10000,9098.96166666667,161.565555555556,27,1.09904546804733,0.880316655656952,0.462244444444445,0.0014,0,873379.636,96,11114.93,1114.9300000000003,5.900790184926638,1.09,0.09904546804733004,1,161.565555555556,1114.9300000000003,9098.96166666667,11114.93,"(-0.1,0.15]",27,-0.10464882685983573,5.710970113459446e-4,-0.10521992387118168
2020-08-29,1,10500,11466.0125,1305.715,27,0.915753300107597,0.930585037430622,0.55445,0.001,0,139711.696,12.2,10732.43,232.4300000000003,-0.8219902505523791,0.91,-0.08424669989240297,1,1305.715,232.4300000000003,11466.0125,10732.43,"(-0.1,0.15]",27,-0.041713803467323146,5.710970113459446e-4,-0.04228490047866909
2020-08-29,1,11000,11474.2723076923,952.381538461538,27,0.958673101843062,0.919155418296902,0.529084615384615,0.001,0,980754.96,85.6,10732.43,0,-1,0.95,-0.04132689815693802,1,952.381538461538,0,11474.2723076923,10732.43,"(-0.1,0.15]",27,-0.028195318610658625,5.710970113459446e-4,-0.02876641562200457
2020-08-29,1,11500,11484.3335483871,682.596129032258,27,1.00136861636697,0.91456478709101,0.523522580645161,0.001,0,3543219.86,308.8,10732.43,0,-1,1,0.00136861636696994,1,682.596129032258,0,11484.3335483871,10732.43,"(-0.1,0.15]",27,5.160982638999948e-4,5.710970113459446e-4,-5.4998747445949756e-5
2020-08-29,1,12000,11512.7922580645,476.702903225806,27,1.04233298720912,0.909686866131341,0.517541935483871,0.001,0,2207040.644,192,10732.43,0,-1,1.04,0.04233298720912004,1,476.702903225806,0,11512.7922580645,10732.43,"(-0.1,0.15]",27,0.02332679329609984,5.710970113459446e-4,0.022755696284753896
2020-08-29,1,12500,11454.9666666667,305.463333333333,27,1.09123035849162,0.910499374606839,0.525833333333333,0.001,0,96159.568,8.4,10732.43,0,-1,1.09,0.09123035849162008,1,305.463333333333,0,11454.9666666667,10732.43,"(-0.1,0.15]",27,0.03480800277217194,5.710970113459446e-4,0.034236905760826
2020-08-29,1,13000,11522.3623809524,222.800476190476,27,1.12825444760646,0.913388093211208,0.537233333333333,0.001,0,1826033.894,158.2,10732.43,0,-1,1.12,0.12825444760646,1,222.800476190476,0,11522.3623809524,10732.43,"(-0.1,0.15]",27,0.04841140499943602,5.710970113459446e-4,0.047840307988090074
2021-02-27,1,44000,47876.2,8091.08,27,0.919037016304552,0.997908061350629,1.0959,4e-4,0,4787.62,0.1,51415.92,7415.919999999998,-0.08344497891505231,0.91,-0.08096298369544797,0,8091.08,7415.919999999998,47876.2,51415.92,"(-0.1,0.15]",27,-0.10602189077549294,5.710970113459446e-4,-0.10659298778683889
2021-02-27,1,48000,47015.2596739131,5035.88663043478,27,1.02101267186019,0.995538617423278,1.00925,4e-4,0,13687403.715,290.1,51415.92,3415.9199999999983,-0.32168449159367196,1.02,0.02101267186018995,0,5035.88663043478,3415.9199999999983,47015.2596739131,51415.92,"(-0.1,0.15]",27,-0.1436688657842863,5.710970113459446e-4,-0.14423996279563225
2021-02-27,1,50000,47047.127962963,4235.15685185185,27,1.06281910044641,0.995398164109009,1.0081,4e-4,0,24760581.296,530.1,51415.92,1415.9199999999985,-0.6656747200801127,1.06,0.06281910044641004,0,4235.15685185185,1415.9199999999985,47047.127962963,51415.92,"(-0.1,0.15]",27,-0.16827903929734428,5.710970113459446e-4,-0.16885013630869022
2021-02-27,1,52000,47228.0157407407,3748.22888888889,27,1.10111932263605,0.996045448153448,1.03146759259259,4e-4,0,26585185.998,565.5,51415.92,0,-1,1.1,0.10111932263605006,0,3748.22888888889,0,47228.0157407407,51415.92,"(-0.1,0.15]",27,-0.18292952631551324,5.710970113459446e-4,-0.18350062332685918
2021-07-03,1,32000,34360.6,4535.6,27,0.931299220618965,0.99188182291367,0.9183,5e-4,0,6872.12,0.2,40005.93,8005.93,0.7651314048857922,0.93,-0.06870077938103503,0,4535.6,8005.93,34360.6,40005.93,"(-0.1,0.15]",27,-0.07206275906340895,5.710970113459446e-4,-0.0726338560747549
2021-07-03,1,34000,34149.7461904762,3307.83571428571,27,0.995800635200785,0.989450871683468,0.886309523809524,5e-4,0,355324.674,10.3,40005.93,6005.93,0.8156675599280521,0.99,-0.00419936479921501,0,3307.83571428571,6005.93,34149.7461904762,40005.93,"(-0.1,0.15]",27,-0.10157950211788443,5.710970113459446e-4,-0.10215059912923037
2021-07-03,1,35000,34441.3525,2965.22527777778,27,1.01638581288338,0.988213143970573,0.871738888888889,5e-4,0,1987068.968,57.4,40005.93,5005.93,0.6882123720972659,1.01,0.01638581288338003,0,2965.22527777778,5005.93,34441.3525,40005.93,"(-0.1,0.15]",27,-0.11130559265978214,5.710970113459446e-4,-0.11187668967112809
2021-07-03,1,36000,34370.8233333333,2493.28740740741,27,1.04759549628487,0.986972929274836,0.859459259259259,5e-4,0,230634.364,6.7,40005.93,4005.93,0.6066860114476247,1.04,0.04759549628486992,0,2493.28740740741,4005.93,34370.8233333333,40005.93,"(-0.1,0.15]",27,-0.1288285990309141,5.710970113459446e-4,-0.12939969604226004
2021-10-02,1,45000,48112.1454545455,5843.76090909091,27,0.935323738502816,0.97874401250779,0.773572727272727,4e-4,0,873906.501,18.2,60587.09,15587.089999999997,1.6673045394023172,0.93,-0.06467626149718397,0,5843.76090909091,15587.089999999997,48112.1454545455,60587.09,"(-0.1,0.15]",27,-0.05979889755794412,5.710970113459446e-4,-0.06036999456929006
2021-10-02,1,50000,47899.014,3180.8852,27,1.04388142516379,0.974782927069264,0.756372,4e-4,0,1788304.088,37.4,60587.09,10587.089999999997,2.3283470903005226,1.04,0.04388142516379001,0,3180.8852,10587.089999999997,47899.014,60587.09,"(-0.1,0.15]",27,-0.11404012600863986,5.710970113459446e-4,-0.1146112230199858
2021-10-02,1,55000,47878.5390476191,1621.81,27,1.14875675847647,0.971742384960492,0.746966666666667,4e-4,0,3620392.859,75.6,60587.09,5587.0899999999965,2.444971975755481,1.14,0.14875675847646996,0,1621.81,5587.0899999999965,47878.5390476191,60587.09,"(-0.1,0.15]",27,-0.1867137839228758,5.710970113459446e-4,-0.18728488093422174
2022-02-26,1,36000,39328.595,4779.375,27,0.91539094984587,0.964016514761437,0.6734,0.0033,0,50894.661,1.3,44004.47,8004.470000000001,0.6747942984176805,0.91,-0.08460905015413,1,4779.375,8004.470000000001,39328.595,44004.47,"(-0.1,0.15]",27,-0.03870719410527816,5.710970113459446e-4,-0.039278291116624106
2022-02-26,1,38000,39249.72,3372.78142857143,27,0.96816532564018,0.95609101616104,0.643042857142857,0.0033,0,78526.811,2,44004.47,6004.470000000001,0.7802724923515858,0.96,-0.03183467435982001,1,3372.78142857143,6004.470000000001,39249.72,44004.47,"(-0.1,0.15]",27,-0.056049420542528844,5.710970113459446e-4,-0.05662051755387479
2022-02-26,1,40000,39171.933877551,2317.52632653061,27,1.02116927653314,0.950707972572044,0.627820408163265,0.0033,0,3373121.307,86,44004.47,4004.470000000001,0.7279070162688441,1.02,0.02116927653313993,1,2317.52632653061,4004.470000000001,39171.933877551,44004.47,"(-0.1,0.15]",27,-0.08325005579381596,5.710970113459446e-4,-0.0838211528051619
2022-02-26,1,42000,39350.1252631579,1639.42947368421,27,1.06742136907921,0.947999974505114,0.6231,0.0033,0,1610818.491,41,44004.47,2004.4700000000012,0.2226631472566205,1.06,0.06742136907921004,1,1639.42947368421,2004.4700000000012,39350.1252631579,44004.47,"(-0.1,0.15]",27,-0.11348201983490112,5.710970113459446e-4,-0.11405311684624707
2022-02-26,1,44000,39316.8661904762,1072.47761904762,27,1.11917524839322,0.946892276371433,0.624757142857143,0.0033,0,1574649.085,40.1,44004.47,4.470000000001164,-0.9958320808559432,1.11,0.11917524839322002,1,1072.47761904762,4.470000000001164,39316.8661904762,44004.47,"(-0.1,0.15]",27,-0.15230138117862013,5.710970113459446e-4,-0.15287247818996608
2022-02-26,1,45000,39412.1746428571,877.418571428571,27,1.14180731428927,0.944047513212238,0.617196428571429,0.0033,0,3468206.552,87.9,44004.47,0,-1,1.14,0.14180731428926996,1,877.418571428571,0,39412.1746428571,44004.47,"(-0.1,0.15]",27,-0.14348551054035122,5.710970113459446e-4,-0.14405660755169716
2022-05-28,1,28000,28564.78,2627.96,27,0.980228099078656,0.9796379059804,0.7577,0.0106,0,17138.868,0.6,21088.3,0,-1,0.98,-0.01977190092134395,0,2627.96,0,28564.78,21088.3,"(-0.1,0.15]",27,0.18521986344360936,5.710970113459446e-4,0.1846487664322634
2022-05-28,1,29000,28945.7718181818,2218.42636363636,27,1.00188641449711,0.972782187453248,0.710763636363636,0.0106,0,417405.935,14.4,21088.3,0,-1,1,0.00188641449711002,0,2218.42636363636,0,28945.7718181818,21088.3,"(-0.1,0.15]",27,0.20914748712910852,5.710970113459446e-4,0.20857639011776258
2022-05-28,1,30000,29000.5111111111,1728.03055555556,27,1.03447917658852,0.967815018344214,0.684672222222222,0.0106,0,2524263.058,86.9,21088.3,0,-1,1.03,0.03447917658851995,0,1728.03055555556,0,29000.5111111111,21088.3,"(-0.1,0.15]",27,0.2251225845875168,5.710970113459446e-4,0.22455148757617086
2022-05-28,1,31000,28960.4192857143,1303.29142857143,27,1.07045623500843,0.963680844307983,0.666928571428571,0.0106,0,1830785.861,63.1,21088.3,0,-1,1.07,0.0704562350084299,0,1303.29142857143,0,28960.4192857143,21088.3,"(-0.1,0.15]",27,0.23615282661507217,5.710970113459446e-4,0.23558172960372623
2022-05-28,1,32000,28832.848,960.141,27,1.10985624855766,0.96186460500645,0.66216,0.0106,0,189579.713,6.6,21088.3,0,-1,1.1,0.10985624855765996,0,960.141,0,28832.848,21088.3,"(-0.1,0.15]",27,0.24237209303237425,5.710970113459446e-4,0.2418009960210283
2022-05-28,1,33000,28955.3654054054,732.812702702702,27,1.13972298881108,0.958956160612332,0.652054054054054,0.0106,0,225549.009,7.8,21088.3,0,-1,1.13,0.13972298881108003,0,732.812702702702,0,28955.3654054054,21088.3,"(-0.1,0.15]",27,0.25195419021874876,5.710970113459446e-4,0.2513830932074028
2022-07-30,1,22000,24161.0866666667,3193.46166666667,27,0.910778075544043,0.984189192153634,0.758,0.0234,0,119942.038,4.9,21597.93,0,-1,0.91,-0.089221924455957,0,3193.46166666667,0,24161.0866666667,21597.93,"(-0.1,0.15]",27,-0.032587341059253545,5.710970113459446e-4,-0.03315843807059949
2022-07-30,1,23000,24205.3057142857,2572.18142857143,27,0.950386983009961,0.981952007125102,0.739228571428571,0.0234,0,150282.825,6.2,21597.93,0,-1,0.95,-0.04961301699003895,0,2572.18142857143,0,24205.3057142857,21597.93,"(-0.1,0.15]",27,-5.597029204722901e-4,5.710970113459446e-4,-0.0011307999318182346
2022-07-30,1,24000,24270.6895918367,2059.50306122449,27,0.989015280795737,0.980399119180976,0.728910204081633,0.0234,0,1780323.453,74.5,21597.93,0,-1,0.98,-0.01098471920426302,0,2059.50306122449,0,24270.6895918367,21597.93,"(-0.1,0.15]",27,0.02580428929380268,5.710970113459446e-4,0.025233192282456737
2022-07-30,1,25000,24376.4176190476,1651.31,27,1.02567937059661,0.979230487857196,0.722771428571429,0.0234,0,619180.092,25.3,21597.93,0,-1,1.02,0.02567937059661007,0,1651.31,0,24376.4176190476,21597.93,"(-0.1,0.15]",27,0.048133506788316086,5.710970113459446e-4,0.04756240977697014
2022-07-30,1,26000,24112.0056666666,1139.906,27,1.0784630146818,0.976949720790808,0.709886666666667,0.0234,0,7250805.508,300.6,21597.93,0,-1,1.07,0.07846301468179995,0,1139.906,0,24112.0056666666,21597.93,"(-0.1,0.15]",27,0.05871704352392915,5.710970113459446e-4,0.0581459465125832
2022-07-30,1,27000,24090.6846875,850.0553125,27,1.12096029566594,0.97617216826678,0.7082625,0.0234,0,2873305.329,120.4,21597.93,0,-1,1.12,0.12096029566593992,0,850.0553125,0,24090.6846875,21597.93,"(-0.1,0.15]",27,0.06985178166408329,5.710970113459446e-4,0.06928068465273735
2022-09-03,1,19000,19824.12,1853.56,27,0.95842841952127,0.975250749000655,0.6657,0.0285,0,1982.412,0.1,19598.86,598.8600000000006,-0.6769136148816328,0.95,-0.04157158047873,1,1853.56,598.8600000000006,19824.12,19598.86,"(-0.1,0.15]",27,-0.05921162967532941,5.710970113459446e-4,-0.05978272668667536
2022-09-03,1,20000,19825.535,1312.24875,27,1.00880741926199,0.972278231929752,0.6508,0.0285,0,349404.616,17.6,19598.86,0,-1,1,0.00880741926199002,1,1312.24875,0,19825.535,19598.86,"(-0.1,0.15]",27,-0.06078137297087079,5.710970113459446e-4,-0.06135246998221673
2022-09-03,1,21000,19898.7333333333,925.4,27,1.05535013444819,0.968747898401537,0.633466666666667,0.0285,0,43832.928,2.2,19598.86,0,-1,1.05,0.05535013444818992,1,925.4,0,19898.7333333333,19598.86,"(-0.1,0.15]",27,-0.034596619209553044,5.710970113459446e-4,-0.03516771622089899
2022-09-03,1,22000,19871.48,582.32,27,1.10712349338276,0.964816992937007,0.61633,0.0285,0,194340.482,9.8,19598.86,0,-1,1.1,0.10712349338276006,1,582.32,0,19871.48,19598.86,"(-0.1,0.15]",27,-0.01717542876601595,5.710970113459446e-4,-0.017746525777361896
2019-11-30,1,9000,7623.84,131.417777777778,27,1.18063255831895,0.958370613626645,0.6371,0.0156,0,113510.408,14.9,7194.4,0,-1,1.18,0.1806325583189501,1,131.417777777778,0,7623.84,7194.4,"(0.15,0.6]",27,0.03904433244207208,6.017412244092579e-4,0.03844259121766282
2019-11-30,1,9500,7663.28428571429,82.73,27,1.23978004010356,0.959479616539545,0.648071428571429,0.0156,0,527801.836,69.1,7194.4,0,-1,1.23,0.2397800401035599,1,82.73,0,7663.28428571429,7194.4,"(0.15,0.6]",27,0.05050249568673582,6.017412244092579e-4,0.049900754462326564
2019-11-30,1,10000,7670.17818181818,62.8381818181818,27,1.30392163187177,0.968321670909306,0.698227272727273,0.0156,0,241700.512,31.6,7194.4,0,-1,1.3,0.3039216318717699,1,62.8381818181818,0,7670.17818181818,7194.4,"(0.15,0.6]",27,0.054026155332845896,6.017412244092579e-4,0.05342441410843664
2019-11-30,1,11000,7596.8,26.59,27,1.44797809604044,0.976016046930776,0.7562,0.0156,0,122308.48,16.1,7194.4,0,-1,1.44,0.44797809604044,1,26.59,0,7596.8,7194.4,"(0.15,0.6]",27,0.049561237931554536,6.017412244092579e-4,0.04895949670714528
2019-11-30,1,12000,7709.005,21.225,27,1.55665208977722,0.983888929574812,0.82845,0.0156,0,8510.852,1.1,7194.4,0,-1,1.55,0.55665208977722,1,21.225,0,7709.005,7194.4,"(0.15,0.6]",27,0.06413486514123942,6.017412244092579e-4,0.06353312391683016
2020-03-28,1,7500,6207.274375,245.46125,27,1.20840305354965,0.99362647836943,0.97371875,3e-4,0,656896.258,105.6,7477.6,0,-1,1.2,0.2084030535496499,0,245.46125,0,6207.274375,7477.6,"(0.15,0.6]",27,-0.25458063928855096,6.017412244092579e-4,-0.2551823805129602
2020-03-28,1,8000,6233.66458333333,173.285416666667,27,1.28343827172545,0.993855831538187,0.983,3e-4,0,1075687.742,172.8,7477.6,0,-1,1.28,0.28343827172545,0,173.285416666667,0,6233.66458333333,7477.6,"(0.15,0.6]",27,-0.2340683352014186,6.017412244092579e-4,-0.23467007642582785
2020-03-28,1,9000,6177.1575,86.1175,27,1.45713004518346,0.995745914272791,1.039775,3e-4,0,301532.814,48.6,7477.6,0,-1,1.45,0.4571300451834599,0,86.1175,0,6177.1575,7477.6,"(0.15,0.6]",27,-0.22771344398991966,6.017412244092579e-4,-0.22831518521432892
2020-05-30,1,11000,9523.05606060606,260.566666666667,27,1.15518450118647,0.962477825705291,0.697239393939394,0.0014,0,2661023.774,281.2,9240.85,0,-1,1.15,0.1551845011864701,1,260.566666666667,0,9523.05606060606,9240.85,"(0.15,0.6]",27,0.0012408990347761374,6.017412244092579e-4,6.391578103668795e-4
2020-05-30,1,11500,9460.88958333334,182.3625,27,1.21557022048718,0.967157970935871,0.7252375,0.0014,0,9209590.682,979,9240.85,0,-1,1.21,0.2155702204871801,1,182.3625,0,9460.88958333334,9240.85,"(0.15,0.6]",27,0.0033955368395775357,6.017412244092579e-4,0.002793795615168278
2020-05-30,1,12000,9545.93656716418,166.406567164179,27,1.25716566172885,0.975546813962369,0.777025373134328,0.0014,0,11016843.196,1153.6,9240.85,0,-1,1.25,0.25716566172885,1,166.406567164179,0,9545.93656716418,9240.85,"(0.15,0.6]",27,0.014347059489364634,6.017412244092579e-4,0.013745318264955377
2020-05-30,1,13000,9533.18533333333,104.919333333333,27,1.36371623459132,0.982628707791794,0.837223333333333,0.0014,0,2841328.92,299.2,9240.85,0,-1,1.36,0.3637162345913201,1,104.919333333333,0,9533.18533333333,9240.85,"(0.15,0.6]",27,0.019685243026591286,6.017412244092579e-4,0.01908350180218203
2020-05-30,1,14000,9531.09696428571,80.0526785714286,27,1.46898239528983,0.98952619979213,0.917996428571428,0.0014,0,16082347.83,1693.8,9240.85,0,-1,1.46,0.46898239528983,1,80.0526785714286,0,9531.09696428571,9240.85,"(0.15,0.6]",27,0.02215265524887491,6.017412244092579e-4,0.021550914024465653
2020-07-04,1,10500,9087.36214285714,91.2185714285714,27,1.15546042211052,0.887389196082785,0.483257142857143,0.0014,0,406623.792,44.8,11114.93,614.9300000000003,5.741280754232383,1.15,0.15546042211052002,1,91.2185714285714,614.9300000000003,9087.36214285714,11114.93,"(0.15,0.6]",27,-0.15998507875550647,6.017412244092579e-4,-0.16058681997991572
2020-07-04,1,11000,9075.33666666667,61.7627777777778,27,1.21207662177478,0.905591151570847,0.527583333333333,0.0014,0,1220083.528,134.4,11114.93,114.93000000000028,0.8608295179585013,1.21,0.21207662177478004,1,61.7627777777778,114.93000000000028,9075.33666666667,11114.93,"(0.15,0.6]",27,-0.21992380035587972,6.017412244092579e-4,-0.22052554158028898
2020-07-04,1,11500,9106.52,48.736,27,1.26285530296311,0.922909269046997,0.57382,0.0014,0,804576.14,88.6,11114.93,0,-1,1.26,0.26285530296311,1,48.736,0,9106.52,11114.93,"(0.15,0.6]",27,-0.22766536858306968,6.017412244092579e-4,-0.22826710980747894
2020-07-04,1,12000,9094.08846153846,35.6923076923077,27,1.3195616123986,0.93572407801803,0.614307692307692,0.0014,0,535893.736,59,11114.93,0,-1,1.31,0.31956161239860004,1,35.6923076923077,0,9094.08846153846,11114.93,"(0.15,0.6]",27,-0.22736287868928437,6.017412244092579e-4,-0.22796461991369363
2020-07-04,1,13000,9106.67,24.59,27,1.42755386420099,0.957992844530715,0.69906,0.0014,0,384857.348,42.4,11114.93,0,-1,1.42,0.4275538642009899,1,24.59,0,9106.67,11114.93,"(0.15,0.6]",27,-0.2239761984645717,6.017412244092579e-4,-0.22457793968898096
2020-07-04,1,14000,9097.12714285714,11.0528571428571,27,1.53896740246426,0.961292806492071,0.720957142857143,0.0014,0,36400.028,4,11114.93,0,-1,1.53,0.5389674024642599,1,11.0528571428571,0,9097.12714285714,11114.93,"(0.15,0.6]",27,-0.2233528040626558,6.017412244092579e-4,-0.22395454528706507
2020-08-29,1,14000,11514.8994520548,110.974109589041,27,1.21582752640389,0.925525558484951,0.577219178082192,0.001,0,5605445.492,486.2,10732.43,0,-1,1.21,0.21582752640389,1,110.974109589041,0,11514.8994520548,10732.43,"(0.15,0.6]",27,0.05814531157169023,6.017412244092579e-4,0.05754357034728097
2020-08-29,1,16000,11498.8088235294,45.6558823529412,27,1.39146487781494,0.957878425011581,0.697229411764706,0.001,0,257053.464,22.4,10732.43,0,-1,1.39,0.3914648778149401,1,45.6558823529412,0,11498.8088235294,10732.43,"(0.15,0.6]",27,0.06276361535289487,6.017412244092579e-4,0.06216187412848562
2020-08-29,1,18000,11527.2638461538,26.5984615384615,27,1.56151717405135,0.97710855370107,0.807692307692308,0.001,0,1041993.562,90.4,10732.43,0,-1,1.56,0.56151717405135,1,26.5984615384615,0,11527.2638461538,10732.43,"(0.15,0.6]",27,0.06674864548668051,6.017412244092579e-4,0.06614690426227125
2021-02-27,1,56000,47074.5178723404,2603.31843971631,27,1.18980008279986,0.996169766960214,1.04143404255319,4e-4,0,18858581.439,402.3,51415.92,0,-1,1.18,0.18980008279986005,0,2603.31843971631,0,47074.5178723404,51415.92,"(0.15,0.6]",27,-0.15642249471665456,6.017412244092579e-4,-0.15702423594106382
2021-02-27,1,60000,46889.1458333333,1788.39111111111,27,1.27971678296879,0.996387000420345,1.05445555555556,4e-4,0,4913699.04,105.8,51415.92,0,-1,1.27,0.2797167829687901,0,1788.39111111111,0,46889.1458333333,51415.92,"(0.15,0.6]",27,-0.14018743815994117,6.017412244092579e-4,-0.14078917938435043
2021-02-27,1,64000,46548.4094594595,1192.07972972973,27,1.37529368982494,0.996687064280556,1.06766621621622,4e-4,0,6071426.738,129.9,51415.92,0,-1,1.37,0.37529368982493994,0,1192.07972972973,0,46548.4094594595,51415.92,"(0.15,0.6]",27,-0.13369870283395216,6.017412244092579e-4,-0.13430044405836142
2021-02-27,1,68000,47119.301,934.157571428571,27,1.44317193404417,0.997017886581698,1.08386142857143,4e-4,0,7920174.29,168.3,51415.92,0,-1,1.44,0.44317193404417,0,934.157571428571,0,47119.301,51415.92,"(0.15,0.6]",27,-0.11332404572786614,6.017412244092579e-4,-0.1139257869522754
2021-02-27,1,72000,46682.9513793103,596.097068965517,27,1.54235666451523,0.997232814312595,1.09665689655172,4e-4,0,3335084.445,71.1,51415.92,0,-1,1.54,0.54235666451523,0,596.097068965517,0,46682.9513793103,51415.92,"(0.15,0.6]",27,-0.11567096925771289,6.017412244092579e-4,-0.11627271048212215
2021-07-03,1,40000,34239.6991489362,1188.12468085106,27,1.16844396234466,0.982919310450501,0.828129787234043,5e-4,0,4987573.243,146.6,40005.93,5.930000000000291,-0.9950089413210804,1.16,0.16844396234466008,0,1188.12468085106,5.930000000000291,34239.6991489362,40005.93,"(0.15,0.6]",27,-0.21098314794553247,6.017412244092579e-4,-0.21158488916994173
2021-07-03,1,45000,34492.1911688312,512.035974025974,27,1.30474280139267,0.982618279850511,0.835101298701299,5e-4,0,4774970.204,138.1,40005.93,0,-1,1.3,0.30474280139267007,0,512.035974025974,0,34492.1911688312,40005.93,"(0.15,0.6]",27,-0.1776460790444481,6.017412244092579e-4,-0.17824782026885735
2021-07-03,1,50000,33869.2475757576,217.335757575758,27,1.47659944727348,0.986850145716046,0.88689696969697,5e-4,0,392189.27,11.5,40005.93,0,-1,1.47,0.47659944727348,0,217.335757575758,0,33869.2475757576,40005.93,"(0.15,0.6]",27,-0.18891828025122034,6.017412244092579e-4,-0.1895200214756296
2021-07-03,1,55000,34711.8628571429,143.825714285714,27,1.58448237017619,0.990079655079347,0.9328,5e-4,0,1038800.501,29.9,40005.93,0,-1,1.58,0.5844823701761901,0,143.825714285714,0,34711.8628571429,40005.93,"(0.15,0.6]",27,-0.15735810222038954,6.017412244092579e-4,-0.1579598434447988
2021-10-02,1,60000,47803.1878260869,814.900869565217,27,1.25516751125914,0.972743547807882,0.761382608695652,4e-4,0,5206996.711,109,60587.09,587.0899999999965,-0.2795565424869002,1.25,0.25516751125914006,0,814.900869565217,587.0899999999965,47803.1878260869,60587.09,"(0.15,0.6]",27,-0.2771845140451081,6.017412244092579e-4,-0.27778625526951733
2021-10-02,1,65000,47920.0852631579,450.275789473684,27,1.35643966330318,0.976376764537128,0.791547368421053,4e-4,0,4039223.886,84.3,60587.09,0,-1,1.35,0.3564396633031801,0,450.275789473684,0,47920.0852631579,60587.09,"(0.15,0.6]",27,-0.2766218911028412,6.017412244092579e-4,-0.27722363232725045
2021-10-02,1,70000,47880.7091666667,279.344166666667,27,1.46197933272808,0.982018465281375,0.840175,4e-4,0,4931609.989,102.8,60587.09,0,-1,1.46,0.4619793327280799,0,279.344166666667,0,47880.7091666667,60587.09,"(0.15,0.6]",27,-0.2729383095527351,6.017412244092579e-4,-0.2735400507771444
2021-10-02,1,75000,47968.721,189.487,27,1.56352285144218,0.986680878827182,0.88964,4e-4,0,292504.724,6.1,60587.09,0,-1,1.56,0.56352285144218,0,189.487,0,47968.721,60587.09,"(0.15,0.6]",27,-0.2681311239342321,6.017412244092579e-4,-0.26873286515864137
2022-02-26,1,46000,39254.74,679.575333333333,27,1.17191454828307,0.945119990251394,0.623973333333333,0.0033,0,1251911.468,31.9,44004.47,0,-1,1.17,0.17191454828306996,1,679.575333333333,0,39254.74,44004.47,"(0.15,0.6]",27,-0.14191426329005669,6.017412244092579e-4,-0.14251600451446594
2022-02-26,1,48000,39249.243,437.78,27,1.22299900019934,0.945282441957658,0.62955,0.0033,0,1182039.115,30.2,44004.47,0,-1,1.22,0.22299900019934005,1,437.78,0,39249.243,44004.47,"(0.15,0.6]",27,-0.13454162342411097,6.017412244092579e-4,-0.13514336464852023
2022-02-26,1,50000,39416.1147619048,294.707142857143,27,1.2685761987897,0.944279098216757,0.630261904761905,0.0033,0,1748713.417,44.4,44004.47,0,-1,1.26,0.26857619878969996,1,294.707142857143,0,39416.1147619048,44004.47,"(0.15,0.6]",27,-0.12531839636066694,6.017412244092579e-4,-0.1259201375850762
2022-02-26,1,52000,39057.8075,185.5425,27,1.33136525621327,0.950514577164908,0.65735,0.0033,0,58525.785,1.5,44004.47,0,-1,1.33,0.33136525621327007,1,185.5425,0,39057.8075,44004.47,"(0.15,0.6]",27,-0.1323087995957466,6.017412244092579e-4,-0.13291054082015585
2022-02-26,1,55000,39267.5,124.9725,27,1.40074389320475,0.957216842784723,0.688705555555556,0.0033,0,2092786.022,53,44004.47,0,-1,1.4,0.40074389320475,1,124.9725,0,39267.5,44004.47,"(0.15,0.6]",27,-0.1243717052669327,6.017412244092579e-4,-0.12497344649134196
2022-02-26,1,60000,39098.54,53.745,27,1.53458973739902,0.964603698004601,0.730625,0.0033,0,89812.92,2.3,44004.47,0,-1,1.53,0.53458973739902,1,53.745,0,39098.54,44004.47,"(0.15,0.6]",27,-0.12708218371819888,6.017412244092579e-4,-0.12768392494260813
2022-05-28,1,34000,28890.41375,532.66875,27,1.1768653850426,0.957061745980915,0.64705,0.0106,0,380946.378,13.2,21088.3,0,-1,1.17,0.17686538504260008,0,532.66875,0,28890.41375,21088.3,"(0.15,0.6]",27,0.25572055204886923,6.017412244092579e-4,0.25511881082446
2022-05-28,1,35000,28870.0910526316,395.08,27,1.21233979946373,0.956761419277492,0.649189473684211,0.0106,0,1188230.491,41.2,21088.3,0,-1,1.21,0.2123397994637299,0,395.08,0,28870.0910526316,21088.3,"(0.15,0.6]",27,0.2589456322794738,6.017412244092579e-4,0.25834389105506456
2022-05-28,1,36000,28869.544,290.588,27,1.24701795836757,0.95604132148865,0.649733333333333,0.0106,0,1896204.172,65.6,21088.3,0,-1,1.24,0.24701795836757,0,290.588,0,28869.544,21088.3,"(0.15,0.6]",27,0.2617587642883754,6.017412244092579e-4,0.26115702306396615
2022-05-28,1,38000,28826.238,171.53,27,1.31826052017419,0.959167615383215,0.6692,0.0106,0,233643.478,8.1,21088.3,0,-1,1.31,0.31826052017418993,0,171.53,0,28826.238,21088.3,"(0.15,0.6]",27,0.26386702847902127,6.017412244092579e-4,0.263265287254612
2022-05-28,1,40000,28636.6314814815,113.472592592593,27,1.39683952200429,0.96638054966226,0.709625925925926,0.0106,0,322417.963,11.2,21088.3,0,-1,1.39,0.3968395220042899,0,113.472592592593,0,28636.6314814815,21088.3,"(0.15,0.6]",27,0.26055809229193044,6.017412244092579e-4,0.2599563510675212
2022-05-28,1,42000,28785.72,71.96,27,1.45905678232123,0.967962721291051,0.7221,0.0106,0,143928.6,5,21088.3,0,-1,1.45,0.45905678232122993,0,71.96,0,28785.72,21088.3,"(0.15,0.6]",27,0.265507222118533,6.017412244092579e-4,0.26490548089412375
2022-05-28,1,44000,28808.0733333333,43.2133333333333,27,1.52735124528919,0.968993482698055,0.7322,0.0106,0,8642.422,0.3,21088.3,0,-1,1.52,0.52735124528919,0,43.2133333333333,0,28808.0733333333,21088.3,"(0.15,0.6]",27,0.26683759994457973,6.017412244092579e-4,0.26623585872017047
2022-07-30,1,28000,24294.7990769231,668.265846153846,27,1.1525776375421,0.975185264489599,0.704344615384615,0.0234,0,5324087.485,219.5,21597.93,0,-1,1.15,0.15257763754209996,0,668.265846153846,0,24294.7990769231,21597.93,"(0.15,0.6]",27,0.08520282086276025,6.017412244092579e-4,0.08460107963835099
2022-07-30,1,30000,24286.692,373.763666666667,27,1.23540270192678,0.975764279699953,0.71625,0.0234,0,3493544.102,144.4,21597.93,0,-1,1.23,0.23540270192677992,0,373.763666666667,0,24286.692,21597.93,"(0.15,0.6]",27,0.09645871664304469,6.017412244092579e-4,0.09585697541863543
2022-07-30,1,32000,24375.978,218.223333333333,27,1.31279554144944,0.97685104392333,0.730626666666667,0.0234,0,340058.623,14,21597.93,0,-1,1.31,0.3127955414494401,0,218.223333333333,0,24375.978,21597.93,"(0.15,0.6]",27,0.1057714315596852,6.017412244092579e-4,0.10516969033527594
2022-07-30,1,34000,24434.7575,134.445,27,1.39148702779971,0.979304175873836,0.755625,0.0234,0,257321.404,10.5,21597.93,0,-1,1.39,0.39148702779971,0,134.445,0,24434.7575,21597.93,"(0.15,0.6]",27,0.11110379431388519,6.017412244092579e-4,0.11050205308947593
2022-07-30,1,36000,24329.32,72.99,27,1.47969610330252,0.980312290778773,0.7699,0.0234,0,97317.28,4,21597.93,0,-1,1.47,0.47969610330252,0,72.99,0,24329.32,21597.93,"(0.15,0.6]",27,0.10954232189594387,6.017412244092579e-4,0.10894058067153461
2022-07-30,1,38000,23810.95,47.62,27,1.59590440532612,0.985873206731562,0.8297,0.0234,0,4762.19,0.2,21597.93,0,-1,1.59,0.59590440532612,0,47.62,0,23810.95,21597.93,"(0.15,0.6]",27,0.09109749364389998,6.017412244092579e-4,0.09049575241949072
2022-09-03,1,23000,19844.4308333333,348.9575,27,1.15901995090794,0.961188303860204,0.602866666666667,0.0285,0,99196.976,5,19598.86,0,-1,1.15,0.15901995090793997,1,348.9575,0,19844.4308333333,19598.86,"(0.15,0.6]",27,-0.006030227768527526,6.017412244092579e-4,-0.006631968992936784
2022-09-03,1,24000,19803.7252380952,214.08,27,1.21189840220613,0.960931157152928,0.6078,0.0285,0,391958.503,19.8,19598.86,0,-1,1.21,0.2118984022061301,1,214.08,0,19803.7252380952,19598.86,"(0.15,0.6]",27,-9.151077650076542e-4,6.017412244092579e-4,-0.001516848989416912
2022-09-03,1,25000,19811.295,146.935,27,1.2619092562114,0.963423537856588,0.62625,0.0285,0,297084.848,15,19598.86,0,-1,1.26,0.26190925621140004,1,146.935,0,19811.295,19598.86,"(0.15,0.6]",27,0.003048083070295888,6.017412244092579e-4,0.00244634184588663
2022-09-03,1,26000,19903.2484210526,106.862105263158,27,1.30632964325567,0.965047380097307,0.639473684210526,0.0285,0,97389.54,4.9,19598.86,0,-1,1.3,0.3063296432556699,1,106.862105263158,0,19903.2484210526,19598.86,"(0.15,0.6]",27,0.009784300574843653,6.017412244092579e-4,0.009182559350434395
2022-09-03,1,30000,19917.37,29.88,27,1.5062229601599,0.974239109642452,0.712,0.0285,0,1991.737,0.1,19598.86,0,-1,1.5,0.5062229601599,1,29.88,0,19917.37,19598.86,"(0.15,0.6]",27,0.01447399078230739,6.017412244092579e-4,0.013872249557898132
2019-11-30,1,13000,7676.66666666667,11.5166666666667,27,1.69344669428872,0.988182869108129,0.879933333333333,0.0156,0,76674.784,10,7194.4,0,-1,1.69,0.6934466942887201,1,11.5166666666667,0,7676.66666666667,7194.4,"(0.6,1]",27,0.06139745919078668,5.205166010484596e-4,0.06087694258973822
2019-11-30,1,14000,7575.9325,8.51,27,1.84821175710141,0.992941256849599,0.9631,0.0156,0,339577.63,45,7194.4,0,-1,1.84,0.8482117571014101,1,8.51,0,7575.9325,7194.4,"(0.6,1]",27,0.04928560347879078,5.205166010484596e-4,0.04876508687774232
2019-11-30,1,15000,7626.505,9.565,27,1.96732098469997,0.996406493777894,1.0526,0.0156,0,3801.142,0.5,7194.4,0,-1,1.96,0.96732098469997,1,9.565,0,7626.505,7194.4,"(0.6,1]",27,0.055469442796899124,5.205166010484596e-4,0.054948926195850664
2020-03-28,1,10000,6211.064,52.806,27,1.61015551952219,0.99714551222846,1.09629,3e-4,0,389830.768,62.6,7477.6,0,-1,1.61,0.6101555195221899,0,52.806,0,6211.064,7477.6,"(0.6,1]",27,-0.2142692877958456,5.205166010484596e-4,-0.21478980439689405
2020-03-28,1,11000,6233.64,34.295,27,1.76462420792211,0.998174925187922,1.1557,3e-4,0,1001574,160.4,7477.6,0,-1,1.76,0.7646242079221099,0,34.295,0,6233.64,7477.6,"(0.6,1]",27,-0.20620414503347093,5.205166010484596e-4,-0.20672466163451939
2020-03-28,1,12000,6213.05875,30.68,27,1.93144303831206,0.999351344925012,1.27585,3e-4,0,1241556.162,200,7477.6,0,-1,1.93,0.93144303831206,0,30.68,0,6213.05875,7477.6,"(0.6,1]",27,-0.20950598273918625,5.205166010484596e-4,-0.2100264993402347
2020-05-30,1,16000,9722.56,53.47,27,1.64565711088438,0.995435235722414,1.0364,0.0014,0,19445.12,2,9240.85,0,-1,1.64,0.64565711088438,1,53.47,0,9722.56,9240.85,"(0.6,1]",27,0.044265350361528726,5.205166010484596e-4,0.043744833760480266
2020-07-04,1,15000,9067.94,9.07,27,1.65417944979786,0.974496044769994,0.7945,0.0014,0,9067.94,1,11114.93,0,-1,1.65,0.6541794497978599,1,9.07,0,9067.94,11114.93,"(0.6,1]",27,-0.22699864979268888,5.205166010484596e-4,-0.22751916639373734
2020-07-04,1,16000,9076.116,6.354,27,1.76286958916913,0.98012366410301,0.84194,0.0014,0,206943.352,22.8,11114.93,0,-1,1.76,0.76286958916913,1,6.354,0,9076.116,11114.93,"(0.6,1]",27,-0.22551042834981028,5.205166010484596e-4,-0.22603094495085874
2020-07-04,1,18000,9072.54,4.54,27,1.98400888835982,0.990916558316507,0.9592,0.0014,0,18145.08,2,11114.93,0,-1,1.98,0.98400888835982,1,4.54,0,9072.54,11114.93,"(0.6,1]",27,-0.22573676789838526,5.205166010484596e-4,-0.22625728449943372
2020-08-29,1,20000,11517.8433333333,17.2766666666667,27,1.73643880379397,0.987881110374484,0.910033333333333,0.001,0,69107.06,6,10732.43,0,-1,1.73,0.73643880379397,1,17.2766666666667,0,11517.8433333333,10732.43,"(0.6,1]",27,0.06677400328618333,5.205166010484596e-4,0.06625348668513487
2021-02-27,1,80000,47469.7682142857,411.414642857143,27,1.68554132636892,0.997941808676479,1.14030357142857,4e-4,0,6840583.104,144.7,51415.92,0,-1,1.68,0.6855413263689201,0,411.414642857143,0,47469.7682142857,51415.92,"(0.6,1]",27,-0.09261891253982948,5.205166010484596e-4,-0.09313942914087794
2021-02-27,1,88000,46366.7047058824,213.140588235294,27,1.89832366751752,0.998738677206928,1.20216470588235,4e-4,0,2433205.221,52.4,51415.92,0,-1,1.89,0.8983236675175199,0,213.140588235294,0,46366.7047058824,51415.92,"(0.6,1]",27,-0.11402490478538038,5.205166010484596e-4,-0.11454542138642884
2021-07-03,1,60000,33889.7555,84.7255,27,1.77060581615397,0.994117586131201,1.010885,5e-4,0,101981.862,3,40005.93,0,-1,1.77,0.77060581615397,0,84.7255,0,33889.7555,40005.93,"(0.6,1]",27,-0.18344883319722266,5.205166010484596e-4,-0.18396934979827112
2021-07-03,1,65000,34681.4575,68.6389583333333,27,1.87420333634265,0.996121133500199,1.06772083333333,5e-4,0,242766.748,7,40005.93,0,-1,1.87,0.87420333634265,0,68.6389583333333,0,34681.4575,40005.93,"(0.6,1]",27,-0.15582147341162073,5.205166010484596e-4,-0.15634199001266919
2021-10-02,1,80000,47766.07,131.35,27,1.67482910972321,0.989690608674569,0.93175,4e-4,0,76430.24,1.6,60587.09,0,-1,1.67,0.67482910972321,0,131.35,0,47766.07,60587.09,"(0.6,1]",27,-0.27194681387859965,5.205166010484596e-4,-0.2724673304796481
2021-10-02,1,90000,47661.905,71.49,27,1.88830055271691,0.994216431151844,1.0174,4e-4,0,14297.945,0.3,60587.09,0,-1,1.88,0.8883005527169101,0,71.49,0,47661.905,60587.09,"(0.6,1]",27,-0.2731055076878913,5.205166010484596e-4,-0.2736260242889398
2022-02-26,1,65000,39345.175,39.345,27,1.65217191170927,0.975614573519748,0.7974,0.0033,0,39345.175,1,44004.47,0,-1,1.65,0.6521719117092699,1,39.345,0,39345.175,44004.47,"(0.6,1]",27,-0.1195685477870937,5.205166010484596e-4,-0.12008906438814217
2022-05-28,1,48000,28744.555,28.745,27,1.66988148479014,0.979737119472454,0.80915,0.0106,0,28744.555,1,21088.3,0,-1,1.66,0.66988148479014,0,28.745,0,28744.555,21088.3,"(0.6,1]",27,0.26560537210364077,5.205166010484596e-4,0.2650848555025923
2022-05-28,1,52000,28743.44,14.37,27,1.80910844352659,0.98302699237065,0.8432,0.0106,0,28743.44,1,21088.3,0,-1,1.8,0.8091084435265901,0,14.37,0,28743.44,21088.3,"(0.6,1]",27,0.2659531921217038,5.205166010484596e-4,0.26543267552065536
2022-07-30,1,40000,23819.14,28.285,27,1.67934574107819,0.986533015993355,0.84265,0.0234,0,490212.164,20.6,21597.93,0,-1,1.67,0.67934574107819,0,28.285,0,23819.14,21597.93,"(0.6,1]",27,0.09216038981944483,5.205166010484596e-4,0.09163987321839637
2022-09-03,1,32000,19863.71,23.1633333333333,27,1.61099607948402,0.98227932320665,0.783466666666667,0.0285,0,51541.82,2.6,19598.86,0,-1,1.61,0.6109960794840199,1,23.1633333333333,0,19863.71,19598.86,"(0.6,1]",27,0.012160646446856379,5.205166010484596e-4,0.01164012984580792
2022-09-03,1,35000,19900.69,16.5966666666667,27,1.75874508483575,0.988463245933622,0.858633333333333,0.0285,0,61795.375,3.1,19598.86,0,-1,1.75,0.75874508483575,1,16.5966666666667,0,19900.69,19598.86,"(0.6,1]",27,0.014335197434938683,5.205166010484596e-4,0.013814680833890224
2021-02-27,1,8000,46718.95,38846.81,27,0.171236725140441,1,0,4e-4,0,9343.79,0.2,51415.92,43415.92,0.1176186667579655,0.17,-0.828763274859559,0,38846.81,43415.92,46718.95,51415.92,"(-1,-0.5]",27,-0.016242089190487034,2.958947885578489e-5,-0.01627167866934282
2021-02-27,1,18000,46793,29198.83,27,0.384672921163422,0.999997143573854,1.7042,4e-4,0,4679.3,0.1,51415.92,33415.92,0.1444266773702918,0.38,-0.615327078836578,0,29198.83,33415.92,46793,51415.92,"(-1,-0.5]",27,-0.023065588085952073,2.958947885578489e-5,-0.023095177564807858
