test_date,PC_type,Strike,Spot_t,Premium_t,Tau_t,Moneyness_t,Delta_t,IV_t,IR_t,DividendYield_t,Volume_t,Quantity_t,Spot_th,option_value,option_return,M_floor,Return_t,Cluster,BuyPremium_t,SellPremium_th,BuySpot_t,SellSpot_th,M_group,steps_ahead,R_t,RF_t,ER_t
2019-11-30,-1,4500,7468.44,14.94,27,0.602535469254624,0.00337400611940741,0.972,0.0156,0,11202.66,1.5,7194.4,0,-1,0.6,-0.397464530745376,1,14.94,0,7468.44,7194.4,"(-0.5,-0.1]",27,-0.39524616086742503,5.49615124894709e-4,-0.39579577599231974
2019-11-30,-1,5000,7728.919,30.92,27,0.646922643464491,0.0039212119706337,0.95706,0.0156,0,77289.19,10,7194.4,0,-1,0.64,-0.353077356535509,1,30.92,0,7728.919,7194.4,"(-0.5,-0.1]",27,-0.5392409893777141,5.49615124894709e-4,-0.5397906045026089
2019-11-30,-1,5500,7536.39,37.68,27,0.729792380702166,0.0142298180036778,0.7727,0.0156,0,1507.278,0.2,7194.4,0,-1,0.72,-0.270207619297834,1,37.68,0,7536.39,7194.4,"(-0.5,-0.1]",27,-0.2935828552617012,5.49615124894709e-4,-0.2941324703865959
2019-11-30,-1,6000,7749.40025714286,62.0091714285714,27,0.774294938144426,0.0187195524715072,0.732773428571429,0.0156,0,271229.009,35,7194.4,0,-1,0.77,-0.22570506185557404,1,62.0091714285714,0,7749.40025714286,7194.4,"(-0.5,-0.1]",27,-0.34962555117712774,5.49615124894709e-4,-0.35017516630202244
2019-11-30,-1,6500,7530.16966292135,143.616488764045,27,0.863237925924798,0.0286134652726574,0.669077528089888,0.0156,0,268074.04,35.6,7194.4,0,-1,0.86,-0.13676207407520202,1,143.616488764045,0,7530.16966292135,7194.4,"(-0.5,-0.1]",27,-0.42671189680531907,5.49615124894709e-4,-0.4272615119302138
2020-03-28,-1,3500,6167.72181917211,71.1468845315904,27,0.567511240047417,3.69719832194786e-5,1.49763480392157,3e-4,0,2264787.452,367.2,7477.6,0,-1,0.56,-0.43248875995258296,0,71.1468845315904,0,6167.72181917211,7477.6,"(-0.5,-0.1]",27,-0.9961266266688503,5.49615124894709e-4,-0.996676241793745
2020-03-28,-1,4000,6214.70431818182,121.536818181818,27,0.643636443091337,7.82987287931086e-5,1.43343863636364,3e-4,0,54689.398,8.8,7477.6,0,-1,0.64,-0.35636355690866295,0,121.536818181818,0,6214.70431818182,7477.6,"(-0.5,-0.1]",27,-0.9952018508692551,5.49615124894709e-4,-0.9957514659941498
2020-03-28,-1,4500,6220.05742690059,180.906292397661,27,0.723486442686182,3.0650047107656e-4,1.30000385964912,3e-4,0,1063629.82,171,7477.6,0,-1,0.72,-0.276513557313818,0,180.906292397661,0,6220.05742690059,7477.6,"(-0.5,-0.1]",27,-0.9874631938353959,5.49615124894709e-4,-0.9880128089602906
2020-03-28,-1,5000,6269.43202702703,266.633669438669,27,0.797531793213204,8.210564803329e-4,1.19786767151767,3e-4,0,2412477.444,384.8,7477.6,0,-1,0.79,-0.202468206786796,0,266.633669438669,0,6269.43202702703,7477.6,"(-0.5,-0.1]",27,-0.9774100220244945,5.49615124894709e-4,-0.9779596371493892
2020-03-28,-1,5500,6240.22235789474,410.725115789474,27,0.881427610471705,0.00162452722546487,1.12464694736842,3e-4,0,592821.124,95,7477.6,0,-1,0.88,-0.11857238952829496,0,410.725115789474,0,6240.22235789474,7477.6,"(-0.5,-0.1]",27,-0.9711365018156135,5.49615124894709e-4,-0.9716861169405082
2020-05-30,-1,5000,9531.01857142857,13.2764285714286,27,0.524606894247454,0.00109897398856898,1.13757142857143,0.0014,0,26686.852,2.8,9240.85,0,-1,0.52,-0.475393105752546,1,13.2764285714286,0,9531.01857142857,9240.85,"(-0.5,-0.1]",27,-0.5724158099274841,5.49615124894709e-4,-0.5729654250523788
2020-05-30,-1,6000,9544.03343065693,36.4918248175182,27,0.628686557719824,0.0032826489064865,1.00990656934307,0.0014,0,261506.516,27.4,9240.85,0,-1,0.62,-0.371313442280176,1,36.4918248175182,0,9544.03343065693,9240.85,"(-0.5,-0.1]",27,-0.552731063599234,5.49615124894709e-4,-0.5532806787241287
2020-05-30,-1,7000,9428.50033620016,99.177881157154,27,0.742504669332883,0.00862872188586496,0.889198983580923,0.0014,0,2411810.386,255.8,9240.85,0,-1,0.74,-0.25749533066711705,1,99.177881157154,0,9428.50033620016,9240.85,"(-0.5,-0.1]",27,-0.5583279708259886,5.49615124894709e-4,-0.5588775859508833
2020-05-30,-1,7500,9379.2620804551,130.545579032914,27,0.79966466118955,0.0180632583695933,0.782674360016254,0.0014,0,4616472.796,492.2,9240.85,0,-1,0.79,-0.20033533881044996,1,130.545579032914,0,9379.2620804551,9240.85,"(-0.5,-0.1]",27,-0.44353667987571443,5.49615124894709e-4,-0.44408629500060914
2020-05-30,-1,8000,9557.94567080045,176.12611048478,27,0.837011776583122,0.0224742772926542,0.750899774520857,0.0014,0,1695579.562,177.4,9240.85,0,-1,0.83,-0.16298822341687802,1,176.12611048478,0,9557.94567080045,9240.85,"(-0.5,-0.1]",27,-0.46875582986944,5.49615124894709e-4,-0.4693054449943347
2020-07-04,-1,5000,9080.92,8.66727272727273,27,0.550605074316918,0.00332292635075683,1.00058181818182,0.0014,0,19978.024,2.2,11114.93,0,-1,0.55,-0.4493949256830821,1,8.66727272727273,0,9080.92,11114.93,"(-0.5,-0.1]",27,-0.049131936597587064,5.49615124894709e-4,-0.04968155172248177
2020-07-04,-1,5500,9092.16,10.6133333333333,27,0.604921825319425,0.00814265782723082,0.882366666666667,0.0014,0,5455.296,0.6,11114.93,0,-1,0.6,-0.39507817468057504,1,10.6133333333333,0,9092.16,11114.93,"(-0.5,-0.1]",27,0.06919729592225873,5.49615124894709e-4,0.06864768079736402
2020-07-04,-1,6000,9076.94279236277,15.9197613365155,27,0.661015728987375,0.0154781494465142,0.792060143198091,0.0014,0,760647.806,83.8,11114.93,0,-1,0.66,-0.33898427101262496,1,15.9197613365155,0,9076.94279236277,11114.93,"(-0.5,-0.1]",27,0.09989198791737389,5.49615124894709e-4,0.09934237279247918
2020-07-04,-1,6500,9073.84133333333,28.127,27,0.716345200538273,0.0225325443707396,0.73399,0.0014,0,544430.48,60,11114.93,0,-1,0.71,-0.283654799461727,1,28.127,0,9073.84133333333,11114.93,"(-0.5,-0.1]",27,0.0768064075574608,5.49615124894709e-4,0.0762567924325661
2020-07-04,-1,7000,9090.69884236453,44.677881773399,27,0.770029733867871,0.035232002291348,0.662904679802956,0.0014,0,738164.746,81.2,11114.93,0,-1,0.77,-0.229970266132129,1,44.677881773399,0,9090.69884236453,11114.93,"(-0.5,-0.1]",27,0.0729935678205381,5.49615124894709e-4,0.0724439526956434
2020-07-04,-1,7500,9079.26822485207,72.7965976331361,27,0.826060108139505,0.054051150256107,0.589868343195266,0.0014,0,613758.532,67.6,11114.93,0,-1,0.82,-0.17393989186049497,1,72.7965976331361,0,9079.26822485207,11114.93,"(-0.5,-0.1]",27,0.06607013608503605,5.49615124894709e-4,0.06552052096014134
2020-07-04,-1,8000,9086.14915598291,132.319935897436,27,0.880477404572206,0.0701778723717113,0.545303739316239,0.0014,0,1700927.122,187.2,11114.93,0,-1,0.88,-0.11952259542779398,1,132.319935897436,0,9086.14915598291,11114.93,"(-0.5,-0.1]",27,0.013059771520922615,5.49615124894709e-4,0.012510156396027906
2020-08-29,-1,6000,11518.89,17.28,27,0.520883522631087,8.8991599892074e-4,1.1593,0.001,0,2303.778,0.2,10732.43,0,-1,0.52,-0.47911647736891305,1,17.28,0,11518.89,10732.43,"(-0.5,-0.1]",27,-0.6530814314825482,5.49615124894709e-4,-0.6536310466074429
2020-08-29,-1,7000,11456.4403378378,34.487027027027,27,0.611010219802767,0.00294349150564692,1.02245878378378,0.001,0,339110.634,29.6,10732.43,0,-1,0.61,-0.38898978019723296,1,34.487027027027,0,11456.4403378378,10732.43,"(-0.5,-0.1]",27,-0.5368524064170904,5.49615124894709e-4,-0.5374020215419851
2020-08-29,-1,8000,11532.4264150943,51.5724528301887,27,0.693696588909579,0.0103359078737583,0.856701886792453,0.001,0,122243.72,10.6,10732.43,0,-1,0.69,-0.30630341109042103,1,51.5724528301887,0,11532.4264150943,10732.43,"(-0.5,-0.1]",27,-0.3504183955599582,5.49615124894709e-4,-0.3509680106848529
2020-08-29,-1,8500,11527.9852380952,63.3120634920635,27,0.737339062623989,0.0179845817792977,0.775587301587302,0.001,0,290505.228,25.2,10732.43,0,-1,0.73,-0.26266093737601104,1,63.3120634920635,0,11527.9852380952,10732.43,"(-0.5,-0.1]",27,-0.28680294509058285,5.49615124894709e-4,-0.28735256021547756
2020-08-29,-1,9000,11486.4561245675,80.6651211072664,27,0.78353325359484,0.0300730954466615,0.694649826989619,0.001,0,663917.164,57.8,10732.43,0,-1,0.78,-0.21646674640515995,1,80.6651211072664,0,11486.4561245675,10732.43,"(-0.5,-0.1]",27,-0.24252852790018894,5.49615124894709e-4,-0.24307814302508365
2020-08-29,-1,9500,11529.054194831,101.486381709742,27,0.824007784160541,0.0458727582287023,0.623000795228628,0.001,0,1159822.852,100.6,10732.43,0,-1,0.82,-0.175992215839459,1,101.486381709742,0,11529.054194831,10732.43,"(-0.5,-0.1]",27,-0.2189711103978182,5.49615124894709e-4,-0.2195207255227129
2020-08-29,-1,10000,11521.5735553997,158.831795231416,27,0.867949098046186,0.0577430160078446,0.584468302945301,0.001,0,3285952.778,285.2,10732.43,0,-1,0.86,-0.13205090195381397,1,158.831795231416,0,11521.5735553997,10732.43,"(-0.5,-0.1]",27,-0.24802065011374003,5.49615124894709e-4,-0.24857026523863474
2021-02-27,-1,24000,46604.4446153846,233.022307692308,27,0.514998116249245,4.62066855103979e-5,1.47172307692308,4e-4,0,60585.778,1.3,51415.92,0,-1,0.51,-0.48500188375075504,0,233.022307692308,0,46604.4446153846,51415.92,"(-0.5,-0.1]",27,-0.9898979410073628,5.49615124894709e-4,-0.9904475561322575
2021-02-27,-1,28000,46905.9953488372,347.858372093023,27,0.59699540098713,3.1027594505883e-4,1.28899302325581,4e-4,0,201695.78,4.3,51415.92,0,-1,0.59,-0.40300459901287,0,347.858372093023,0,46905.9953488372,51415.92,"(-0.5,-0.1]",27,-0.9559807194462536,5.49615124894709e-4,-0.9565303345711483
2021-02-27,-1,32000,47433.8882587064,704.4465920398,27,0.67467551181423,5.1310265987912e-4,1.24294925373134,4e-4,0,1906842.308,40.2,51415.92,0,-1,0.67,-0.32532448818577,0,704.4465920398,0,47433.8882587064,51415.92,"(-0.5,-0.1]",27,-0.9638005123087797,5.49615124894709e-4,-0.9643501274336744
2021-02-27,-1,36000,47090.8555679012,1109.51583950617,27,0.76455807766273,0.0017938432526405,1.10292222222222,4e-4,0,3814359.301,81,51415.92,0,-1,0.76,-0.23544192233727,0,1109.51583950617,0,47090.8555679012,51415.92,"(-0.5,-0.1]",27,-0.9227530017652823,5.49615124894709e-4,-0.923302616890177
2021-02-27,-1,40000,47185.2318870523,2041.58874655647,27,0.847801910890114,0.00240305149313088,1.07632520661157,4e-4,0,6851295.67,145.2,51415.92,0,-1,0.84,-0.15219808910988597,0,2041.58874655647,0,47185.2318870523,51415.92,"(-0.5,-0.1]",27,-0.9426652410741146,5.49615124894709e-4,-0.9432148561990094
2021-07-03,-1,20000,34509.3478494624,190.356021505376,27,0.579553735371112,4.9815656489297e-4,1.23338387096774,5e-4,0,320936.935,9.3,40005.93,0,-1,0.57,-0.420446264628888,0,190.356021505376,0,34509.3478494624,40005.93,"(-0.5,-0.1]",27,-0.9039773689216603,5.49615124894709e-4,-0.904526984046555
2021-07-03,-1,24000,33963.7411656442,530.836932515337,27,0.706775961775863,0.00171859580637506,1.10191472392638,5e-4,0,1107217.962,32.6,40005.93,0,-1,0.7,-0.293224038224137,0,530.836932515337,0,33963.7411656442,40005.93,"(-0.5,-0.1]",27,-0.8833108940690475,5.49615124894709e-4,-0.8838605091939422
2021-07-03,-1,25000,34673.4314285714,589.445714285714,27,0.72101549814699,0.00188672233204014,1.0918,5e-4,0,24271.402,0.7,40005.93,0,-1,0.72,-0.27898450185301005,0,589.445714285714,0,34673.4314285714,40005.93,"(-0.5,-0.1]",27,-0.8847394521935464,5.49615124894709e-4,-0.8852890673184411
2021-07-03,-1,26000,34523.8737681159,729.466884057971,27,0.753159441620624,0.00258749974409738,1.05537753623188,5e-4,0,476429.458,13.8,40005.93,0,-1,0.75,-0.246840558379376,0,729.466884057971,0,34523.8737681159,40005.93,"(-0.5,-0.1]",27,-0.8735763769955843,5.49615124894709e-4,-0.874125992120479
2021-07-03,-1,28000,34458.8964805414,1071.65874788494,27,0.812574608627665,0.00416135684710308,0.999296615905245,5e-4,0,2036520.782,59.1,40005.93,0,-1,0.81,-0.18742539137233505,0,1071.65874788494,0,34458.8964805414,40005.93,"(-0.5,-0.1]",27,-0.862986434772722,5.49615124894709e-4,-0.8635360498976167
2021-07-03,-1,30000,34810.6232777778,1512.66108333333,27,0.861831159217239,0.00534435402046682,0.970295277777777,5e-4,0,1253182.438,36,40005.93,0,-1,0.86,-0.13816884078276104,0,1512.66108333333,0,34810.6232777778,40005.93,"(-0.5,-0.1]",27,-0.874135704113837,5.49615124894709e-4,-0.8746853192387317
2021-10-02,-1,25000,48096.7425314685,88.8377202797203,27,0.519789399020128,6.2055968560087e-4,1.20591230769231,4e-4,0,3438917.091,71.5,60587.09,0,-1,0.51,-0.480210600979872,0,88.8377202797203,0,48096.7425314685,60587.09,"(-0.5,-0.1]",27,-0.6832116443073459,5.49615124894709e-4,-0.6837612594322406
2021-10-02,-1,30000,47792.7393617021,167.773617021277,27,0.627712900204139,0.00353383720233435,1.00377872340426,4e-4,0,224625.875,4.7,60587.09,0,-1,0.62,-0.37228709979586105,0,167.773617021277,0,47792.7393617021,60587.09,"(-0.5,-0.1]",27,-0.3640423785482716,5.49615124894709e-4,-0.3645919936731663
2021-10-02,-1,35000,48063.0352409639,391.780397590361,27,0.728225714100644,0.0086845044126271,0.888604457831325,4e-4,0,3989231.925,83,60587.09,0,-1,0.72,-0.27177428589935604,0,391.780397590361,0,48063.0352409639,60587.09,"(-0.5,-0.1]",27,-0.34975379524622163,5.49615124894709e-4,-0.35030341037111634
2021-10-02,-1,40000,47859.4112720848,996.814593639576,27,0.835786491336219,0.0169473918019901,0.799409540636042,4e-4,0,1354421.339,28.3,60587.09,0,-1,0.83,-0.16421350866378104,0,996.814593639576,0,47859.4112720848,60587.09,"(-0.5,-0.1]",27,-0.43205415276061876,5.49615124894709e-4,-0.43260376788551347
2022-02-26,-1,20000,39445.3808823529,59.1670588235294,27,0.507039968833468,6.3749551065416e-4,1.19231176470588,0.0033,0,134114.295,3.4,44004.47,0,-1,0.5,-0.492960031166532,1,59.1670588235294,0,39445.3808823529,44004.47,"(-0.5,-0.1]",27,-0.6672808671495428,5.49615124894709e-4,-0.6678304822744375
2022-02-26,-1,22000,38791.24,77.58,27,0.567138353917018,0.00197076643056338,1.0639,0.0033,0,135769.34,3.5,44004.47,0,-1,0.56,-0.43286164608298205,1,77.58,0,38791.24,44004.47,"(-0.5,-0.1]",27,-0.43697077398500905,5.49615124894709e-4,-0.43752038910990376
2022-02-26,-1,25000,39335.6482278481,163.947004219409,27,0.635595926466702,0.0034870588185701,0.998650632911393,0.0033,0,932254.863,23.7,44004.47,0,-1,0.63,-0.3644040735332979,1,163.947004219409,0,39335.6482278481,44004.47,"(-0.5,-0.1]",27,-0.4904028846390103,5.49615124894709e-4,-0.490952499763905
2022-02-26,-1,30000,39229.8245408163,404.151479591837,27,0.764773650647736,0.0137401224611488,0.816362244897959,0.0033,0,768904.561,19.6,44004.47,0,-1,0.76,-0.23522634935226405,1,404.151479591837,0,39229.8245408163,44004.47,"(-0.5,-0.1]",27,-0.35894462750531947,5.49615124894709e-4,-0.3594942426302142
2022-02-26,-1,32000,39372.1769874477,602.692928870293,27,0.812779433239808,0.0200786693144108,0.761134728033472,0.0033,0,940995.03,23.9,44004.47,0,-1,0.81,-0.18722056676019205,1,602.692928870293,0,39372.1769874477,44004.47,"(-0.5,-0.1]",27,-0.36582706414641175,5.49615124894709e-4,-0.36637667927130646
2022-02-26,-1,34000,39390.1472666667,884.642533333334,27,0.863216316619856,0.0283661043440826,0.708830666666667,0.0033,0,590852.209,15,44004.47,0,-1,0.86,-0.13678368338014402,1,884.642533333334,0,39390.1472666667,44004.47,"(-0.5,-0.1]",27,-0.37650192636084207,5.49615124894709e-4,-0.3770515414857368
2022-02-26,-1,35000,39159.2906060606,1151.02067340067,27,0.89379351355835,0.0322451458365756,0.689979797979798,0.0033,0,1163030.931,29.7,44004.47,0,-1,0.89,-0.10620648644164998,1,1151.02067340067,0,39159.2906060606,44004.47,"(-0.5,-0.1]",27,-0.4121389809500834,5.49615124894709e-4,-0.4126885960749781
2022-05-28,-1,15000,28796.4997435897,88.1094871794872,27,0.520897638725113,2.331883926844e-4,1.29351025641026,0.0106,0,3369190.47,117,21088.3,0,-1,0.52,-0.47910236127488703,0,88.1094871794872,0,28796.4997435897,21088.3,"(-0.5,-0.1]",27,-0.9481405443302361,5.49615124894709e-4,-0.9486901594551308
2022-05-28,-1,20000,28837.8640172786,288.335507559395,27,0.693541971584052,0.00273958986969629,1.02258574514039,0.0106,0,1335193.104,46.3,21088.3,0,-1,0.69,-0.30645802841594805,0,288.335507559395,0,28837.8640172786,21088.3,"(-0.5,-0.1]",27,-0.842725042032004,5.49615124894709e-4,-0.8432746571568988
2022-05-28,-1,24000,28919.9517241379,718.918045977012,27,0.829884783897731,0.00988927299933775,0.856210344827586,0.0106,0,503207.16,17.4,21088.3,2911.7000000000007,3.0501139403768773,0.82,-0.17011521610226898,0,718.918045977012,2911.7000000000007,28919.9517241379,21088.3,"(-0.5,-0.1]",27,2.104985882978914,5.49615124894709e-4,2.1044362678540196
2022-05-28,-1,25000,28953.123747308,897.233108399139,27,0.863488142266453,0.0128232342030134,0.820043933955492,0.0106,0,4033170.138,139.3,21088.3,3911.7000000000007,3.3597365761271707,0.86,-0.13651185773354702,0,897.233108399139,3911.7000000000007,28953.123747308,21088.3,"(-0.5,-0.1]",27,2.2968869562387573,5.49615124894709e-4,2.296337341113863
2022-07-30,-1,12000,23915.19,23.92,27,0.501773140836431,6.3081667135345e-4,1.1565,0.0234,0,4783.038,0.2,21597.93,0,-1,0.5,-0.498226859163569,0,23.92,0,23915.19,21597.93,"(-0.5,-0.1]",27,-0.6507127316390929,5.49615124894709e-4,-0.6512623467639876
2022-07-30,-1,15000,24509.4203846154,75.8857692307692,27,0.612009779418418,0.00212975124044222,1.01896923076923,0.0234,0,127448.986,5.2,21597.93,0,-1,0.61,-0.38799022058158195,0,75.8857692307692,0,24509.4203846154,21597.93,"(-0.5,-0.1]",27,-0.6408766646565928,5.49615124894709e-4,-0.6414262797814875
2022-07-30,-1,16000,24495.7682608696,121.944492753623,27,0.653185514457411,0.00280723128088792,0.9869,0.0234,0,338041.602,13.8,21597.93,0,-1,0.65,-0.346814485542589,0,121.944492753623,0,24495.7682608696,21597.93,"(-0.5,-0.1]",27,-0.6820803589361967,5.49615124894709e-4,-0.6826299740610914
2022-07-30,-1,17000,24488.5110869565,168.809782608696,27,0.694250829326145,0.00424834360667605,0.936647826086956,0.0234,0,112647.151,4.6,21597.93,0,-1,0.69,-0.305749170673855,0,168.809782608696,0,24488.5110869565,21597.93,"(-0.5,-0.1]",27,-0.6637090803720995,5.49615124894709e-4,-0.6642586954969942
2022-07-30,-1,18000,23822.576984127,245.339682539683,27,0.755615179864061,0.00855296163379649,0.837230158730159,0.0234,0,150082.235,6.3,21597.93,0,-1,0.75,-0.24438482013593896,0,245.339682539683,0,23822.576984127,21597.93,"(-0.5,-0.1]",27,-0.5886683697936081,5.49615124894709e-4,-0.5892179849185029
2022-07-30,-1,19000,24479.2816744186,310.117302325581,27,0.776211462524311,0.00880210447170431,0.835295348837209,0.0234,0,526304.556,21.5,21597.93,0,-1,0.77,-0.22378853747568905,0,310.117302325581,0,24479.2816744186,21597.93,"(-0.5,-0.1]",27,-0.6382950526471827,5.49615124894709e-4,-0.6388446677720774
2022-07-30,-1,20000,24442.4709174312,451.436697247706,27,0.818314297434044,0.0112902139699492,0.80081865443425,0.0234,0,799268.799,32.7,21597.93,0,-1,0.81,-0.18168570256595595,0,451.436697247706,0,24442.4709174312,21597.93,"(-0.5,-0.1]",27,-0.6647702576205494,5.49615124894709e-4,-0.6653198727454441
2022-07-30,-1,21000,24395.6264635958,652.833543833581,27,0.860946397301743,0.0137850135945619,0.77359234769688,0.0234,0,3283651.322,134.6,21597.93,0,-1,0.86,-0.13905360269825695,0,652.833543833581,0,24395.6264635958,21597.93,"(-0.5,-0.1]",27,-0.6989996409022574,5.49615124894709e-4,-0.6995492560271521
2022-09-03,-1,10000,19992.265,31.6383333333333,27,0.500199124893996,3.4605511792223e-4,1.21815,0.0285,0,23990.718,1.2,19598.86,0,-1,0.5,-0.499800875106004,1,31.6383333333333,0,19992.265,19598.86,"(-0.5,-0.1]",27,-0.824096060141377,5.49615124894709e-4,-0.8246456752662717
2022-09-03,-1,12000,19906.7980136986,73.8021232876712,27,0.602818809187518,0.0013577228491571,1.06638082191781,0.0285,0,290639.251,14.6,19598.86,0,-1,0.6,-0.3971811908124821,1,73.8021232876712,0,19906.7980136986,19598.86,"(-0.5,-0.1]",27,-0.7360923330104777,5.49615124894709e-4,-0.7366419481353724
2022-09-03,-1,15000,19800.9551801802,249.506531531532,27,0.757549633495351,0.00577601905791142,0.88477027027027,0.0285,0,439581.205,22.2,19598.86,0,-1,0.75,-0.24245036650464905,1,249.506531531532,0,19800.9551801802,19598.86,"(-0.5,-0.1]",27,-0.688896746541601,5.49615124894709e-4,-0.6894463616664958
2022-09-03,-1,16000,19805.4499041534,345.590159744409,27,0.80786314179597,0.00954492390929939,0.813173482428115,0.0285,0,619910.582,31.3,19598.86,0,-1,0.8,-0.19213685820403004,1,345.590159744409,0,19805.4499041534,19598.86,"(-0.5,-0.1]",27,-0.6500962490960129,5.49615124894709e-4,-0.6506458642209076
2022-09-03,-1,17000,19806.8345410628,511.395555555556,27,0.858291932815499,0.013060557691758,0.768092270531401,0.0285,0,410001.475,20.7,19598.86,0,-1,0.85,-0.14170806718450102,1,511.395555555556,0,19806.8345410628,19598.86,"(-0.5,-0.1]",27,-0.6676049781556601,5.49615124894709e-4,-0.6681545932805548
2019-11-30,-1,7000,7563.14207236842,261.815625,27,0.925577454546634,0.0352893810113577,0.638209868421053,0.0156,0,229919.519,30.4,7194.4,0,-1,0.92,-0.07442254545336602,1,261.815625,0,7563.14207236842,7194.4,"(-0.1,0.15]",27,-0.5198050105896933,6.124397743547672e-4,-0.5204174503640481
2019-11-30,-1,7500,7670.01864197531,417.92012345679,27,0.977925273352748,0.0405200439297868,0.618593827160494,0.0156,0,62127.151,8.1,7194.4,305.60000000000036,-0.26875978722379645,0.97,-0.02207472664725196,1,417.92012345679,305.60000000000036,7670.01864197531,7194.4,"(-0.1,0.15]",27,-0.1805825103378946,6.124397743547672e-4,-0.18119495011224937
2019-11-30,-1,8000,7734.53113207547,651.584716981132,27,1.03432467135309,0.0435826249345127,0.611566037735849,0.0156,0,40993.015,5.3,7194.4,805.6000000000004,0.2363703122633678,1.03,0.03432467135309003,1,651.584716981132,805.6000000000004,7734.53113207547,7194.4,"(-0.1,0.15]",27,0.13196938680808612,6.124397743547672e-4,0.13135694703373135
2020-03-28,-1,6000,6215.0689800995,619.491343283582,27,0.96548304210512,0.00248490130897689,1.07859626865672,3e-4,0,499691.546,80.4,7477.6,0,-1,0.96,-0.03451695789487996,0,619.491343283582,0,6215.0689800995,7477.6,"(-0.1,0.15]",27,-0.970735440843778,6.124397743547672e-4,-0.9713478806181328
2020-03-28,-1,6500,6238.09907692308,857.318,27,1.0420274415298,0.00388020585429214,1.02818153846154,3e-4,0,81095.288,13,7477.6,0,-1,1.04,0.04202744152980009,0,857.318,0,6238.09907692308,7477.6,"(-0.1,0.15]",27,-0.9670858006847722,6.124397743547672e-4,-0.967698240459127
2020-05-30,-1,8500,9386.62804383788,299.220674110835,27,0.905556783486576,0.035363299087094,0.68082135373587,0.0014,0,13618119.966,1450.8,9240.85,0,-1,0.9,-0.09444321651342402,1,299.220674110835,0,9386.62804383788,9240.85,"(-0.1,0.15]",27,-0.4822462006851299,6.124397743547672e-4,-0.4828586404594847
2020-05-30,-1,9000,9500.90804761904,427.376452380952,27,0.947310213540127,0.038844053860614,0.669337380952381,0.0014,0,798076.276,84,9240.85,0,-1,0.94,-0.05268978645987299,1,427.376452380952,0,9500.90804761904,9240.85,"(-0.1,0.15]",27,-0.5492987850610606,6.124397743547672e-4,-0.5499112248354153
2020-05-30,-1,9500,9474.8030726257,647.593240223464,27,1.00277230402527,0.0471220027249802,0.640550069832402,0.0014,0,2713583.6,286.4,9240.85,259.14999999999964,-0.5998259649674924,1,0.00277230402527006,1,647.593240223464,259.14999999999964,9474.8030726257,9240.85,"(-0.1,0.15]",27,-0.36512236545355076,6.124397743547672e-4,-0.3657348052279055
2020-05-30,-1,10000,9549.54428571429,896.573333333333,27,1.0473104469,0.0471379544811506,0.64602380952381,0.0014,0,80216.172,8.4,9240.85,759.1499999999996,-0.15327617744597966,1.04,0.04731044690000008,1,896.573333333333,759.1499999999996,9549.54428571429,9240.85,"(-0.1,0.15]",27,-0.11284797699281042,6.124397743547672e-4,-0.11346041676716519
2020-07-04,-1,8500,9130.03725752508,222.120869565217,27,0.930999962933351,0.087978588831775,0.505245596432553,0.0014,0,3275857.368,358.8,11114.93,0,-1,0.93,-0.06900003706664903,1,222.120869565217,0,9130.03725752508,11114.93,"(-0.1,0.15]",27,-0.046317786755259334,6.124397743547672e-4,-0.0469302265296141
2020-07-04,-1,8750,9078.89454545454,312.293522727273,27,0.963774029954276,0.0982308811611957,0.486064772727273,0.0014,0,159788.544,17.6,11114.93,0,-1,0.96,-0.03622597004572403,1,312.293522727273,0,9078.89454545454,11114.93,"(-0.1,0.15]",27,-0.09325635448084885,6.124397743547672e-4,-0.09386879425520361
2020-07-04,-1,9000,9131.60668918919,383.39722972973,27,0.985596630610638,0.107804811909987,0.468359459459459,0.0014,0,540591.116,59.2,11114.93,0,-1,0.98,-0.01440336938936204,1,383.39722972973,0,9131.60668918919,11114.93,"(-0.1,0.15]",27,-0.1239815146476871,6.124397743547672e-4,-0.12459395442204187
2020-07-04,-1,9250,9139.78285714286,507.254285714286,27,1.01205959994999,0.109712499686848,0.468671428571429,0.0014,0,127956.96,14,11114.93,0,-1,1.01,0.01205959994998995,1,507.254285714286,0,9139.78285714286,11114.93,"(-0.1,0.15]",27,-0.19242081724841467,6.124397743547672e-4,-0.19303325702276944
2020-08-29,-1,10500,11518.4124793388,250.02826446281,27,0.911584173876361,0.0693384067820241,0.554035537190083,0.001,0,278745.582,24.2,10732.43,0,-1,0.91,-0.08841582612363896,1,250.02826446281,0,11518.4124793388,10732.43,"(-0.1,0.15]",27,-0.2903862063997602,6.124397743547672e-4,-0.29099864617411497
2020-08-29,-1,11000,11483.6916306483,384.57768172888,27,0.957882285541726,0.0845297691498252,0.519425343811395,0.001,0,3507119.424,305.4,10732.43,267.5699999999997,-0.30424979734359237,0.95,-0.04211771445827395,1,384.57768172888,267.5699999999997,11483.6916306483,10732.43,"(-0.1,0.15]",27,-0.1331902812315543,6.124397743547672e-4,-0.13380272100590906
2020-08-29,-1,11500,11514.122826087,587.750186335404,27,0.998774078955839,0.0925271317677989,0.506013975155279,0.001,0,741509.51,64.4,10732.43,767.5699999999997,0.3059459917584444,0.99,-0.00122592104416097,1,587.750186335404,767.5699999999997,11514.122826087,10732.43,"(-0.1,0.15]",27,0.06502376540223567,6.124397743547672e-4,0.0644113256278809
2020-08-29,-1,12000,11508.2066666667,852.57,27,1.04273432798011,0.0978752747632027,0.5002,0.001,0,27619.696,2.4,10732.43,1267.5699999999997,0.48676355020702067,1.04,0.04273432798011001,1,852.57,1267.5699999999997,11508.2066666667,10732.43,"(-0.1,0.15]",27,0.17133962417371507,6.124397743547672e-4,0.1707271843993603
2020-08-29,-1,13000,11475.09,1628.78725490196,27,1.13288904996455,0.0904014110175907,0.528803921568627,0.001,0,234091.836,20.4,10732.43,2267.5699999999997,0.3921830448854349,1.13,0.1328890499645501,1,1628.78725490196,2267.5699999999997,11475.09,10732.43,"(-0.1,0.15]",27,0.2144083768354877,6.124397743547672e-4,0.21379593706113292
2021-02-27,-1,44000,47034.477974026,3257.82626839827,27,0.935581602566354,0.00420926469332712,1.00908917748918,4e-4,0,5432482.206,115.5,51415.92,0,-1,0.93,-0.06441839743364597,0,3257.82626839827,0,47034.477974026,51415.92,"(-0.1,0.15]",27,-0.9373740411407123,6.124397743547672e-4,-0.9379864809150671
2021-02-27,-1,48000,47184.8948297213,5400.1427244582,27,1.01747518264904,0.00316483185646533,1.05353560371517,4e-4,0,1524072.103,32.3,51415.92,0,-1,1.01,0.01747518264904002,0,5400.1427244582,0,47184.8948297213,51415.92,"(-0.1,0.15]",27,-0.9706778132974725,6.124397743547672e-4,-0.9712902530718273
2021-02-27,-1,50000,46595.19,6546.62,27,1.07307213469888,0.00513285058024926,0.9924,4e-4,0,4659.519,0.1,51415.92,0,-1,1.07,0.07307213469888008,0,6546.62,0,46595.19,51415.92,"(-0.1,0.15]",27,-0.9611083772684568,6.124397743547672e-4,-0.9617208170428115
2021-02-27,-1,52000,47373.3566666667,7559.19523809524,27,1.09782803981644,0.00394416717824673,1.02924285714286,4e-4,0,99484.049,2.1,51415.92,584.0800000000017,-0.9227325156180014,1.09,0.09782803981643996,0,7559.19523809524,584.0800000000017,47373.3566666667,51415.92,"(-0.1,0.15]",27,-0.8984161441689102,6.124397743547672e-4,-0.899028583943265
2021-07-03,-1,32000,34288.4505309735,2320.3789380531,27,0.9334903855068,0.00786367535334928,0.923077876106195,5e-4,0,387459.491,11.3,40005.93,0,-1,0.93,-0.06650961449320003,0,2320.3789380531,0,34288.4505309735,40005.93,"(-0.1,0.15]",27,-0.8785358431947592,6.124397743547672e-4,-0.879148282969114
2021-07-03,-1,34000,34502.8317924528,3065.30622641509,27,0.985464268630917,0.0103329797991735,0.888412264150943,5e-4,0,365730.017,10.6,40005.93,0,-1,0.98,-0.01453573136908303,0,3065.30622641509,0,34502.8317924528,40005.93,"(-0.1,0.15]",27,-0.8791929239291666,6.124397743547672e-4,-0.8798053637035214
2021-07-03,-1,35000,34744.87,3422.37,27,1.00734295451386,0.0110711166405171,0.8801,5e-4,0,6948.974,0.2,40005.93,0,-1,1,0.00734295451385991,0,3422.37,0,34744.87,40005.93,"(-0.1,0.15]",27,-0.8836600203224682,6.124397743547672e-4,-0.8842724600968229
2021-10-02,-1,45000,47809.3645348837,2476.14255813954,27,0.941245550985594,0.0212225767771736,0.774474418604651,4e-4,0,411160.535,8.6,60587.09,0,-1,0.94,-0.05875444901440596,0,2476.14255813954,0,47809.3645348837,60587.09,"(-0.1,0.15]",27,-0.6316542443310647,6.124397743547672e-4,-0.6322666841054194
2021-10-02,-1,50000,47686.5034848485,4956.485,27,1.04851518504212,0.0247749676307065,0.759486363636364,4e-4,0,314730.923,6.6,60587.09,0,-1,1.04,0.04851518504211993,0,4956.485,0,47686.5034848485,60587.09,"(-0.1,0.15]",27,-0.7554474431248401,6.124397743547672e-4,-0.7560598828991949
2022-02-26,-1,36000,39534.0368965517,1352.50137931034,27,0.910624029902044,0.0346637576997092,0.67925,0.0033,0,229297.414,5.8,44004.47,0,-1,0.91,-0.08937597009795595,1,1352.50137931034,0,39534.0368965517,44004.47,"(-0.1,0.15]",27,-0.4398029751554784,6.124397743547672e-4,-0.44041541492983316
2022-02-26,-1,38000,39105.8775,2146.47193396226,27,0.971733329737302,0.0437815824103205,0.644043396226415,0.0033,0,829044.603,21.2,44004.47,0,-1,0.97,-0.02826667026269802,1,2146.47193396226,0,39105.8775,44004.47,"(-0.1,0.15]",27,-0.5007021313769687,6.124397743547672e-4,-0.5013145711513235
2022-02-26,-1,40000,39248.5284829721,3062.57755417957,27,1.01917812764886,0.0485129741459762,0.630633126934985,0.0033,0,1267727.47,32.3,44004.47,0,-1,1.01,0.01917812764886006,1,3062.57755417957,0,39248.5284829721,44004.47,"(-0.1,0.15]",27,-0.5701746970308542,6.124397743547672e-4,-0.570787136805209
2022-05-28,-1,26000,28814.0975742574,1196.19965346535,27,0.902358861769181,0.0156605636729771,0.792670792079208,0.0106,0,1164089.542,40.4,21088.3,4911.700000000001,3.1060871283242495,0.9,-0.097641138230819,0,1196.19965346535,4911.700000000001,28814.0975742574,21088.3,"(-0.1,0.15]",27,2.181869948033672,6.124397743547672e-4,2.181257508259317
2022-05-28,-1,28000,28940.3464576802,1787.97084639498,27,0.967513563002894,0.0236571129931052,0.731159247648903,0.0106,0,923197.052,31.9,21088.3,6911.700000000001,2.865667057119979,0.96,-0.03248643699710596,0,1787.97084639498,6911.700000000001,28940.3464576802,21088.3,"(-0.1,0.15]",27,1.997064088319981,6.124397743547672e-4,1.9964516485456263
2022-05-28,-1,29000,28995.5825806452,2189.0485483871,27,1.00016664001249,0.0280799281657727,0.705129032258064,0.0106,0,179772.612,6.2,21088.3,7911.700000000001,2.614218609189538,1,1.666400124900047e-4,0,2189.0485483871,7911.700000000001,28995.5825806452,21088.3,"(-0.1,0.15]",27,1.8315589444645568,6.124397743547672e-4,1.830946504690202
2022-05-28,-1,30000,28808.5131168831,2833.03467532468,27,1.04142521077968,0.0308582758569942,0.693253246753247,0.0106,0,221825.551,7.7,21088.3,8911.7,2.145637459936375,1.04,0.04142521077967998,0,2833.03467532468,8911.7,28808.5131168831,21088.3,"(-0.1,0.15]",27,1.5691585683197604,6.124397743547672e-4,1.5685461285454056
2022-07-30,-1,22000,24356.3708,927.996836363636,27,0.90337187587008,0.0157903229432438,0.756108,0.0234,0,669800.197,27.5,21597.93,402.0699999999997,-0.5667334367480016,0.9,-0.09662812412991996,0,927.996836363636,402.0699999999997,24356.3708,21597.93,"(-0.1,0.15]",27,-0.43386185157329027,6.124397743547672e-4,-0.43447429134764504
2022-07-30,-1,23000,24004.8451464435,1348.34644351464,27,0.95820847223827,0.0207536424375088,0.715476150627615,0.0234,0,573715.799,23.9,21597.93,1402.0699999999997,0.03984403025184124,0.95,-0.04179152776173001,0,1348.34644351464,1402.0699999999997,24004.8451464435,21597.93,"(-0.1,0.15]",27,0.0020423665679050896,6.124397743547672e-4,0.0014299267935503224
2022-07-30,-1,24000,24339.570666004,1696.7293638171,27,0.986162819278732,0.0208304681192504,0.71751689860835,0.0234,0,2448560.809,100.6,21597.93,2402.0699999999997,0.41570603493070246,0.98,-0.01383718072126805,0,1696.7293638171,2402.0699999999997,24339.570666004,21597.93,"(-0.1,0.15]",27,0.2941511876647824,6.124397743547672e-4,0.2935387478904276
2022-07-30,-1,25000,23871.18,2506.47,27,1.04728798492576,0.0196854805744414,0.7339,0.0234,0,2387.118,0.1,21597.93,3402.0699999999997,0.35731526808619285,1.04,0.04728798492575992,0,2506.47,3402.0699999999997,23871.18,21597.93,"(-0.1,0.15]",27,0.2858668470038426,6.124397743547672e-4,0.2852544072294878
2022-09-03,-1,18000,19835.1752380952,732.315396825397,27,0.907484434998707,0.0176701893116534,0.721038095238095,0.0285,0,124961.604,6.3,19598.86,0,-1,0.9,-0.092515565001293,1,732.315396825397,0,19835.1752380952,19598.86,"(-0.1,0.15]",27,-0.6801686145529465,6.124397743547672e-4,-0.6807810543273013
2022-09-03,-1,19000,19869.0628571429,1056.31952380952,27,0.956268256559623,0.0220769506444427,0.686871428571429,0.0285,0,41725.032,2.1,19598.86,0,-1,0.95,-0.043731743440377,1,1056.31952380952,0,19869.0628571429,19598.86,"(-0.1,0.15]",27,-0.710573664386829,6.124397743547672e-4,-0.7111861041611838
2022-09-03,-1,20000,19799.8189393939,1533.85954545455,27,1.01011253480521,0.0252037752784808,0.669016666666667,0.0285,0,130678.805,6.6,19598.86,401.1399999999994,-0.7384767065610796,1.01,0.01011253480521001,1,1533.85954545455,401.1399999999994,19799.8189393939,19598.86,"(-0.1,0.15]",27,-0.5596882364946347,6.124397743547672e-4,-0.5603006762689895
2022-09-03,-1,21000,20009.4811111111,1971.73053140097,27,1.04950757987339,0.0305554666876606,0.63695845410628,0.0285,0,414196.259,20.7,19598.86,1401.1399999999994,-0.2893856550446323,1.04,0.04950757987338994,1,1971.73053140097,1401.1399999999994,20009.4811111111,19598.86,"(-0.1,0.15]",27,-0.22574835540579127,6.124397743547672e-4,-0.22636079518014604
2022-09-03,-1,22000,19833.4058823529,2725.92882352941,27,1.10923966397308,0.0358648205821323,0.612635294117647,0.0285,0,33716.79,1.7,19598.86,2401.1399999999994,-0.1191479471972744,1.1,0.10923966397307994,1,2725.92882352941,2401.1399999999994,19833.4058823529,19598.86,"(-0.1,0.15]",27,-0.09693817264929958,6.124397743547672e-4,-0.09755061242365434
2019-11-30,-1,10000,7748.535,2297.44,27,1.29056742668759,0.0336925308227418,0.6862,0.0156,0,15497.07,2,7194.4,2805.6000000000004,0.22118531931192997,1.29,0.29056742668758995,1,2297.44,2805.6000000000004,7748.535,7194.4,"(0.15,0.6]",27,0.191318470153672,4.63175725916809e-4,0.1908552944277552
2020-05-30,-1,12000,9505,2560.01,27,1.26249387333707,0.0363395763186955,0.723533333333333,0.0014,0,5703,0.6,9240.85,2759.1499999999996,0.07778875863766133,1.26,0.2624938733370701,1,2560.01,2759.1499999999996,9505,9240.85,"(0.15,0.6]",27,0.06523705788766276,4.63175725916809e-4,0.06477388216174595
2020-07-04,-1,10500,9117.44,1436,27,1.15163905657728,0.12962728944556,0.4512,0.0014,0,1823.488,0.2,11114.93,0,-1,1.15,0.15163905657728005,1,1436,0,9117.44,11114.93,"(0.15,0.6]",27,-0.4496293628026496,4.63175725916809e-4,-0.4500925385285664
2020-07-04,-1,11500,9133.295,2379.21,27,1.25913108912943,0.0849153757884111,0.5543,0.0014,0,3653.318,0.4,11114.93,385.0699999999997,-0.8381521597505055,1.25,0.25913108912943006,1,2379.21,385.0699999999997,9133.295,11114.93,"(0.15,0.6]",27,-0.5787649664123053,4.63175725916809e-4,-0.5792281421382222
2020-07-04,-1,12000,9141.9325,2856.7825,27,1.31264156750209,0.0726367381174967,0.5909,0.0014,0,7313.546,0.8,11114.93,885.0699999999997,-0.6901864247628233,1.31,0.31264156750208993,1,2856.7825,885.0699999999997,9141.9325,11114.93,"(0.15,0.6]",27,-0.519310563316162,4.63175725916809e-4,-0.5197737390420788
2020-07-04,-1,13000,9160.23,3827.6,27,1.41920330469638,0.0521778049352491,0.66265,0.0014,0,7328.184,0.8,11114.93,1885.0699999999997,-0.5075060089873551,1.41,0.4192033046963799,1,3827.6,1885.0699999999997,9160.23,11114.93,"(0.15,0.6]",27,-0.4274792937454893,4.63175725916809e-4,-0.42794246947140613
2021-02-27,-1,56000,46564.83,10890.3525,27,1.2026244205481,0.00430898849333577,1.02365,4e-4,0,18625.932,0.4,51415.92,4584.080000000002,-0.5790696398486641,1.2,0.20262442054810004,0,10890.3525,4584.080000000002,46564.83,51415.92,"(0.15,0.6]",27,-0.5667089814180816,4.63175725916809e-4,-0.5671721571439984
2021-07-03,-1,40000,34412.58,6882.52,27,1.16236562326916,0.0188560889462196,0.8123,5e-4,0,3441.258,0.1,40005.93,0,-1,1.16,0.16236562326915993,0,6882.52,0,34412.58,40005.93,"(0.15,0.6]",27,-0.8998387143896652,4.63175725916809e-4,-0.900301890115582
2022-05-28,-1,35000,28940.5276923077,6400.21692307692,27,1.20937953842874,0.0453780300300233,0.640023076923077,0.0106,0,37622.686,1.3,21088.3,13911.7,1.1736294515017651,1.2,0.20937953842874,0,6400.21692307692,13911.7,28940.5276923077,21088.3,"(0.15,0.6]",27,0.927618075327889,4.63175725916809e-4,0.9271548996019722
2022-09-03,-1,28000,19903.94,8155.627,27,1.40675723526307,0.0273549023111488,0.69376,0.0285,0,19903.94,1,19598.86,8401.14,0.03010351012865086,1.4,0.4067572352630699,1,8155.627,8401.14,19903.94,19598.86,"(0.15,0.6]",27,0.02726033483185227,4.63175725916809e-4,0.02679715910593546
2020-03-28,-1,3000,6215.30742465754,42.3131506849315,27,0.482701602805216,7.18178134384269e-6,1.64953589041096,3e-4,0,453717.442,73,7477.6,0,-1,0.48,-0.517298397194784,0,42.3131506849315,0,6215.30742465754,7477.6,"(-1,-0.5]",27,-0.9987321696637483,9.458372911885782e-5,-0.9988267533928672
2020-05-30,-1,2500,9557,4.78,27,0.261588364549545,7.09503772400311e-8,1.9739,0.0014,0,19114,2,9240.85,0,-1,0.26,-0.7384116354504551,1,4.78,0,9557,9240.85,"(-1,-0.5]",27,-0.9998628558996149,9.458372911885782e-5,-0.9999574396287337
2020-05-30,-1,4000,9690.96,14.54,27,0.412755805410403,1.76683957163748e-5,1.5478,0.0014,0,3876.384,0.4,9240.85,0,-1,0.41,-0.587244194589597,1,14.54,0,9690.96,9240.85,"(-1,-0.5]",27,-0.9889016034487732,9.458372911885782e-5,-0.9889961871778921
2020-05-30,-1,4500,9538.03,9.54,27,0.471795538491701,3.6597251307835e-4,1.2533,0.0014,0,5722.818,0.6,9240.85,0,-1,0.47,-0.528204461508299,1,9.54,0,9538.03,9240.85,"(-1,-0.5]",27,-0.7404661064232859,9.458372911885782e-5,-0.7405606901524048
2020-08-29,-1,4500,11469.6325641026,5.73416666666667,27,0.392340446617429,7.85084625515056e-5,1.40402115384615,0.001,0,357852.536,31.2,10732.43,0,-1,0.39,-0.607659553382571,1,5.73416666666667,0,11469.6325641026,10732.43,"(-1,-0.5]",27,-0.8730017207730172,9.458372911885782e-5,-0.873096304502136
2021-02-27,-1,13000,47103.25,23.5557142857143,27,0.275990196667436,1.54257346705679e-7,1.91991428571429,4e-4,0,329722.75,7,51415.92,0,-1,0.27,-0.7240098033325639,0,23.5557142857143,0,47103.25,51415.92,"(-1,-0.5]",27,-0.9996634006694428,9.458372911885782e-5,-0.9997579843985617
2021-02-27,-1,16000,46432.164,41.714,27,0.344748845803082,3.66752542015902e-6,1.7106,4e-4,0,69648.246,1.5,51415.92,0,-1,0.34,-0.6552511541969179,0,41.714,0,46432.164,51415.92,"(-1,-0.5]",27,-0.9954978540053947,9.458372911885782e-5,-0.9955924377345136
2021-02-27,-1,18000,46982.257730337,93.1137752808988,27,0.383151252457147,2.07807797550008e-6,1.73177550561798,4e-4,0,2090710.469,44.5,51415.92,0,-1,0.38,-0.616848747542853,0,93.1137752808988,0,46982.257730337,51415.92,"(-1,-0.5]",27,-0.998853720878725,9.458372911885782e-5,-0.9989483046078439
2021-02-27,-1,20000,46864.1483950617,94.3130864197531,27,0.426765499952942,1.57927658444942e-5,1.56154814814815,4e-4,0,1897998.01,40.5,51415.92,0,-1,0.42,-0.573234500047058,0,94.3130864197531,0,46864.1483950617,51415.92,"(-1,-0.5]",27,-0.9914574198744139,9.458372911885782e-5,-0.9915520036035328
2021-07-03,-1,15000,34419.7945454545,50.0518181818182,27,0.435798044351008,7.06814941308087e-5,1.42218181818182,5e-4,0,37861.774,1.1,40005.93,0,-1,0.43,-0.564201955648992,0,50.0518181818182,0,34419.7945454545,40005.93,"(-1,-0.5]",27,-0.946123707966719,9.458372911885782e-5,-0.9462182916958378
2021-10-02,-1,20000,47726.1233333333,39.7633333333333,27,0.419057985854593,1.0733086070902e-4,1.3944,4e-4,0,14317.837,0.3,60587.09,0,-1,0.41,-0.580942014145407,0,39.7633333333333,0,47726.1233333333,60587.09,"(-1,-0.5]",27,-0.8551242991828302,9.458372911885782e-5,-0.855218882911949
2022-02-26,-1,15000,39335.6,19.67,27,0.381333957026205,5.26090568038207e-5,1.4385,0.0033,0,39335.6,1,44004.47,0,-1,0.38,-0.618666042973795,1,19.67,0,39335.6,44004.47,"(-1,-0.5]",27,-0.8935098152128842,9.458372911885782e-5,-0.893604398942003
2022-02-26,-1,16000,39251.31,39.25,27,0.407629707135889,3.93916339765932e-5,1.4699,0.0033,0,133454.454,3.4,44004.47,0,-1,0.4,-0.592370292864111,1,39.25,0,39251.31,44004.47,"(-1,-0.5]",27,-0.9575105251779367,9.458372911885782e-5,-0.9576051089070555
2022-02-26,-1,18000,39321.73,39.32,27,0.45776215848082,2.4987891114469e-4,1.2898,0.0033,0,19660.865,0.5,44004.47,0,-1,0.45,-0.54223784151918,1,39.32,0,39321.73,44004.47,"(-1,-0.5]",27,-0.7762612899937268,9.458372911885782e-5,-0.7763558737228456
2021-07-03,-1,60000,34532.02,26417,27,1.73751781679728,2.88664325029941e-5,1.5734,5e-4,0,3453.202,0.1,40005.93,19994.07,-0.24313623802854223,1.73,0.73751781679728,0,26417,19994.07,34532.02,40005.93,"(0.6,1]",27,-0.2431210826629343,0.0010731781837671761,-0.24419426084670148
2022-09-03,-1,35000,19808.9306666667,15233.066,27,1.76687983091734,0.0067969232033852,0.941,0.0285,0,29713.396,1.5,19598.86,15401.14,0.01103349778698525,1.76,0.7668798309173399,1,15233.066,15401.14,19808.9306666667,19598.86,"(0.6,1]",27,0.010843919592931456,0.0010731781837671761,0.00977074140916428
