,m,spdy,spdy_up,spdy_dn,epk,ret,spd_ret,cb_ret_up,cb_ret_dn,epk_ret,volatility,epk_up,epk_dn,cdf_m,cdf_ret
0,0.5189132518372127,0.2212882796875495,0.7332347751076439,-0.2906582157325449,1.2806647602620806,-0.6560185546088272,0.11482942080612893,20.490147022749074,-8.122404686623648,6.183871168062713,1.0346287697084267,4.243459883211721,-1.6821303626875597,0.03341124008106733,0.03341124008106733
1,0.5286499541738084,0.23940344975240435,0.7743861698026073,-0.2955792702977986,1.2640333037402631,-0.6374287784889199,0.1265606227406602,19.532347047850713,-7.455397723694776,6.038474662077968,1.020569904498753,4.088704275559536,-1.5606376680790093,0.035698115028545585,0.035698115028545585
2,0.5383866565104043,0.25880719876669434,0.8169049095706693,-0.29929051203728063,1.2528540635873,-0.6191782845575408,0.13933834242482418,18.64870965953655,-6.832351963425724,5.908178848055413,1.0069571828006458,3.9545369695942836,-1.4488288424196838,0.038171345958648795,0.038171345958648795
3,0.548123358847,0.2795651889018974,0.8608153469022843,-0.3016849690984895,1.2471867568644979,-0.6012549099819507,0.15323621035760407,17.823998724383024,-6.246673602796962,5.788662560793031,0.9937818858419996,3.8402402852058426,-1.3458667714768466,0.040843927363654386,0.040843927363654386
4,0.5578600611835958,0.3017413412918219,0.9061394769235085,-0.30265679433986475,1.247098024561791,-0.5836471344623229,0.16832944311467601,17.04916216858121,-5.694536988546707,5.67731259001725,0.9810354118775673,3.7450776443519103,-1.2508815952283283,0.04372948651807973,0.04372948651807973
5,0.5675967635201915,0.3253967918464321,0.9528959060331075,-0.30210232234024326,1.2526804104318612,-0.5663440357558616,0.1846941659118883,16.323388080097818,-5.17510193530757,5.574143072395123,0.9687092773913649,3.668364484772598,-1.1630036639088759,0.04684225906540895,0.04684225906540895
6,0.5773334658567874,0.350588728991694,1.0010987075536504,-0.29992124957026234,1.2640369694567504,-0.5493352489838037,0.20240660599910065,15.640578507502758,-4.685793533222218,5.4773924871402695,0.9567951180801022,3.60943085666957,-1.0813569177560693,0.05019705360325366,0.05019705360325366
7,0.5870701681933831,0.37736911667780915,1.0507561685824647,-0.2960179352268463,1.2812419693250707,-0.5326109293416537,0.22154215079902984,14.995815632841817,-4.224605587293221,5.385605022774298,0.9452846896202712,3.567522733622334,-1.0050387949721917,0.05380920413835644,0.05380920413835644
8,0.5968068705299788,0.4057833098644229,1.10186943603843,-0.2903028163095842,1.3043635761617582,-0.5161617178767156,0.24217426727348293,14.383584075350313,-3.789555122531096,5.2970144764096085,0.9341698682301467,3.541886329762121,-0.9331591774386045,0.057694509339973665,0.057694509339973665
9,0.6065435728665746,0.4358685740911602,1.1544310741857926,-0.2826939260034722,1.3334526091818022,-0.49997871003505834,0.26437328222951156,13.79664380243809,-3.378484423536056,5.209079689451018,0.9234426510319911,3.5317506686583022,-0.8648454502946978,0.06186915761979228,0.06186915761979228
10,0.6162802752031704,0.46765252557855197,1.2084235507215593,-0.27311849956445544,1.368526627087453,-0.48405342671324875,0.2882050271630077,13.239427287938225,-2.992272464249222,5.1235774118445025,0.913095156223759,3.536300384384935,-0.7992471302100297,0.06634963721092846,0.06634963721092846
11,0.6260169775397662,0.5011515134921654,1.263817673649838,-0.2615146466655073,1.4095490019210821,-0.4683777875792443,0.3137293557658447,12.710198128872989,-2.6300494462318733,5.040074341320557,0.903119623068114,3.554639450432793,-0.7355414465906286,0.0711526306133845,0.0711526306133845
12,0.6357536798763619,0.5363689713819748,1.320571006540557,-0.2478330637766073,1.4564026674015709,-0.4529440864522841,0.34099854732758955,12.207670494268175,-2.2910274155537085,4.958321539357233,0.8935084117079031,3.5857464526022698,-0.6729411177991278,0.07629489301955661,0.07629489301955661
13,0.6454903822129576,0.5732937702022458,1.3786262951513553,-0.23203875474686364,1.5088586212621664,-0.4377449685539904,0.37005561484815513,11.730887564204625,-1.9744440912282664,4.87822173648818,0.8842540028168051,3.6284227721574736,-0.6107055296331407,0.08179311463273309,0.08179311463273309
14,0.6552270845495535,0.6118986104971724,1.4379099435736715,-0.21411272257932656,1.566539937760267,-0.4227734094625683,0.4009325425959851,11.274425586241035,-1.6788241632076915,4.797800711516672,0.8753489970937197,3.68123626180579,-0.5481563862852561,0.0876637671421705,0.0876637671421705
15,0.6649637868861492,0.6521384960451354,1.4983305827864892,-0.19405359069621841,1.6288830878942524,-0.40802269561935633,0.4336484839044113,10.843158101523949,-1.4043321202016419,4.719412990661154,0.8667861146108511,3.7424647696411006,-0.4846985938525956,0.09392293501649185,0.09392293501649185
16,0.674700489222745,0.6939493352163397,1.559777778438498,-0.17187910800581863,1.6950998136976019,-0.39348640625231807,0.468207955966263,10.436777897298967,-1.1500766969756655,4.643350600161651,0.8585581940237416,3.810046191364234,-0.4198465639690304,0.10058613271714223,0.10058613271714223
17,0.6844371915593408,0.7372467192093715,1.622120927586756,-0.14762748916801316,1.7641470844598752,-0.3791583965946533,0.5045990739820001,10.054781203201182,-0.9150748738385517,4.569853164681316,0.8506581916530659,3.881549867203734,-0.35325569828398323,0.1076681094051013,0.1076681094051013
18,0.6941738938959365,0.7819249279101995,1.6852083956320896,-0.12135853981169065,1.8346857802677465,-0.36503278228874847,0.5427918719417226,9.696640658509583,-0.6982935490028871,4.499173554753348,0.8430791804468146,3.954123688724629,-0.284752128189136,0.11518264320611638,0.11518264320611638
19,0.7039105962325323,0.8278562140800633,1.7488669445804574,-0.09315451642033079,1.9050651094595883,-0.3511039248763942,0.5827367612479042,9.35994085388216,-0.49856323642474665,4.430688808728706,0.8358143488322626,4.024497660997458,-0.21436744207828046,0.12314232759648602,0.12314232759648602
20,0.713647298569128,0.8748904146997792,1.8129015017420507,-0.06312067234249219,1.9734345961727529,-0.33736641828572617,0.6243631809945216,9.04591221661653,-0.3149559203935406,4.365478148111494,0.8288569994663822,4.089246473478599,-0.14237728113309292,0.13155835295652785,0.13155835295652785
21,0.7233840009057237,0.9228549343950425,1.8770953139088458,-0.031385445118760624,2.0377757348247916,-0.3238150762338396,0.667578494698275,8.754659500423012,-0.1463798259193279,4.304139837251842,0.8222005478935699,4.144854342838002,-0.06930287318841817,0.14044028679218212,0.14044028679218212
22,0.7331207032423195,0.9715551398481929,1.9412105257944146,0.0018997539019712795,2.096014170711913,-0.3104449204716138,0.7122671873641973,8.485395248712,0.008304180571508476,4.246849714641754,0.8158385211193203,4.187929849288815,0.004098492135010713,0.1497958565272336,0.1497958565272336
23,0.7428574055789153,1.020775195961516,2.004989213104946,0.03656117881808596,2.146167288516869,-0.2972511698040697,0.7582904137512806,8.237283062611583,0.1502076804497848,4.193745371530684,0.8097645561081911,4.215465148466677,0.07686942856706148,0.1596307390976388,0.1596307390976388
24,0.7525941079155111,1.0702793643843398,2.068154890118367,0.07240383865031264,2.1865124895116677,-0.2842292298256616,0.8054859434592124,8.009060948749593,0.28038845612796304,4.144724702438777,0.803972398214162,4.225108553867775,0.1479164251555597,0.16994836181618944,0.16994836181618944
25,0.7623308102521069,1.119813773070813,2.130414499336089,0.10921304680553745,2.215752595838824,-0.2713746833153559,0.8536685409565419,7.8002328184332095,0.399869223645968,4.100051021039588,0.798455899551526,4.215407571003417,0.21609762067423155,0.1807497191009234,0.1807497191009234
26,0.7720675125887027,1.1691086521409515,2.191460876965126,0.14675642731677696,2.2331501722575435,-0.25868328124125356,0.9026308090043953,7.610383414040459,0.5096475561553945,4.060015485097927,0.7932090173137357,4.18597640683641,0.280323937678677,0.19203320965967707,0.19203320965967707
27,0.7818042149252984,1.2178810169181327,2.2509756731613564,0.18478636067490917,2.2386049494280558,-0.2461509343289152,0.9521445123041048,7.438498536659304,0.6106387953737696,4.0245686660165365,0.7882258120477466,4.137551380620536,0.3396585182355761,0.20379449858399812,0.20379449858399812
28,0.7915409172618941,1.2658377641580532,2.308632690679108,0.22304283763699817,2.232658528081369,-0.23377370515152587,1.0019623849464105,7.2835547616047,0.7036826294073248,3.9936186955060125,0.7835004458909088,4.071918701588498,0.3933983545742393,0.21602640852191002,0.21602640852191002
29,0.8012776195984899,1.3126791327779885,2.36410159044283,0.2612566751131471,2.2164255892530527,-0.22154780070361518,1.0518204108089566,7.144589714653629,0.7895480301878056,3.9670688724207173,0.7790271807771741,3.9917258755857263,0.4411253029203788,0.22871884367041306,0.22871884367041306
30,0.8110143219350856,1.3581024664941406,2.4170518982738973,0.2991530347143838,2.1914078316124344,-0.2094695654232873,1.1014405509821128,7.0209056305440924,0.8689615755956616,3.944933603069877,0.7748003766191028,3.9001081214176354,0.48270754180723335,0.24185874976023114,0.24185874976023114
31,0.8207510242716813,1.4018062033361278,2.4671572342339485,0.33645517243830714,2.159476465841815,-0.1975354746308435,1.1505338772185236,6.911298886421709,0.9425188740861559,3.926908880253932,0.7708144894718726,3.800645176330477,0.518307755353153,0.25543011250961345,0.25543011250961345
32,0.8304877266082772,1.44349400665401,2.514099675425875,0.3728883378821448,2.1227062318370162,-0.18574212835433082,1.1988040559587623,6.814620173364073,1.0107365330745748,3.9126783532193237,0.7670640696851241,3.697067687074279,0.5483447765997531,0.26941399621922657,0.26941399621922657
33,0.840224428944873,1.4828789445148836,2.5575741552022766,0.40818373382749074,2.0830232086449056,-0.17408624551495552,1.2459511143493942,6.729696412469475,1.074046124363501,3.901871268416488,0.7635437600480931,3.5926643525575117,0.5733820647323001,0.2837886232900777,0.2837886232900777
34,0.8499611312814688,1.519687619743686,2.5972927970058617,0.44208244248150996,2.042192966162609,-0.16256465844748177,1.2916754084717859,6.655322043510728,1.1327952812590105,3.894058662384869,0.7602482939333115,3.4903048575238076,0.5940810748014103,0.29852949450023347,0.29852949450023347
35,0.8596978336180645,1.5536641516003948,2.6329890798385924,0.47433922336219725,2.001744368975112,-0.15117430773272048,1.3356817053009076,6.590999674463194,1.1873842131381034,3.889191943800648,0.7571724934437266,3.392349021318904,0.6111397166313205,0.3136095489054478,0.3136095489054478
36,0.8694345359546602,1.5845739123441647,2.664421734754308,0.5047260899340216,1.9629299879568654,-0.13991223732101898,1.3776832841648092,6.534660195623984,1.2378721606130862,3.8862661781185355,0.7543112675677818,3.3006180923274773,0.6252418835862537,0.32899936126858464,0.32899936126858464
37,0.879171238291256,1.6122069276828561,2.691378277776076,0.5330355775896358,1.9267154757571427,-0.128775589927305,1.417405960992678,6.484844220465242,1.2843429380320264,3.884593579248634,0.7516596103466926,3.216411051130179,0.6370199003841059,0.3446673740068211,0.3446673740068211
38,0.8889079406278517,1.636380859139928,2.713678094039663,0.5590836242401931,1.8937886025974444,-0.11776160267973815,1.4545919395809082,6.440014684481788,1.326799504284725,3.883407094383257,0.7492125990578806,3.14054800684467,0.6470291983502188,0.3605801598075975,0.3605801598075975
39,0.8986446429644476,1.656943498320526,2.7311750003784763,0.5827119962625755,1.8645792095456182,-0.1068676030053917,1.4890033984605118,6.398548276970798,1.365167314119173,3.881857795544985,0.7469653924181928,3.073425333149978,0.6557330859412581,0.37670271033405966,0.37670271033405966
40,0.9083813453010433,1.6737747174156514,2.7437592284770114,0.6037902063542915,1.8392831276065202,-0.09609100473763774,1.520425729536903,6.359135973420963,1.3993881029269808,3.8792620381739717,0.7449132288101843,3.015071265351914,0.6634949898611265,0.3929987458438051,0.3929987458438051
41,0.9181180476376392,1.6867878364238718,2.7513587874820464,0.6222168853656973,1.8178853400195878,-0.08542930443105053,1.5486703551564025,6.319502084520223,1.4291487253433546,3.874325404931789,0.7430514245345887,2.965194968148216,0.6705757118909598,0.4094310401010999,0.4094310401010999
42,0.9278547499742349,1.695930384797548,2.753940182861683,0.6379205867334128,1.8001798475287858,-0.07488007787069573,1.5735770631600368,6.277556018504868,1.4541282499517612,3.865842134228315,0.7413753720917066,2.9232258959020623,0.6771337991555094,0.4259617546852772,0.4259617546852772
43,0.9375914523108306,1.701184252802616,2.7515084865891,0.6508600190161318,1.7858835282096894,-0.06444097676362563,1.59501581423352,6.231304000168697,1.473993869113136,3.852648934640917,0.7398805384941897,2.8885017456711606,0.6832653107482183,0.4425527766930757,0.4425527766930757
44,0.9473281546474264,1.7025652450911195,2.7441067716467593,0.6610237185354797,1.7743725287154084,-0.054109725601288655,1.6128879917990135,6.17873290005344,1.4883855976856981,3.8335592488695687,0.7385624636135,2.8598420445328356,0.6889030128979808,0.4591660538989424,0.4591660538989424
45,0.9570648569840221,1.7001220651467848,2.7318149407074364,0.668429189586133,1.7648946961748115,-0.04388411868236417,1.627127081135088,6.117818442935239,1.4969273221660173,3.807372882550628,0.7374167585620259,2.835893844698378,0.693895547651245,0.47576392166679216,0.47576392166679216
46,0.9668015593206178,1.6939347737760957,2.7147479940226025,0.6731215535295889,1.7566125238805232,-0.033762017286279984,1.6376987806741474,6.046427046181446,1.4992111148402578,3.7728190805108524,0.7364391041125755,2.8151971370474778,0.6980279107135688,0.4923094162852215,0.4923094162852215
47,0.9765382616572137,1.6841127771916942,2.6930537945343236,0.675171759849065,1.7485799573651093,-0.023741346988352084,1.6446005638734795,5.962784214750051,1.4949213120227205,3.728852763386385,0.7356252491568388,2.7961428432846387,0.7010170714455799,0.5087665699062096,0.5087665699062096
48,0.9862749639938093,1.6707924101098497,2.6669103986436986,0.6746744215760008,1.7397744428620037,-0.013820095108116512,1.6478607241222218,5.865418731756367,1.4838323747814288,3.674625553268898,0.7349710092040707,2.777019170597124,0.7025297151268832,0.5251006828814202,0.5251006828814202
49,0.9960116663304052,1.6541341864349595,2.636523028682012,0.6717453441879071,1.7291411424652177,-0.003996308282999896,1.647536947365173,5.753212169557222,1.4658295971559248,3.6095208833565735,0.7344722649211184,2.756076550099357,0.7022057348310783,0.5412785699842018,0.5412785699842018
50,1.005748368667001,1.6343197944465013,2.6021207678418237,0.6665188210511791,1.715649533154794,0.0057319098399832595,1.6437144671447572,5.625289808045933,1.4408868248031692,3.5330883164245512,0.7341249607147289,2.7316118275812493,0.699687238728339,0.5572687777516567,0.5572687777516567
51,1.0154850710035968,1.6115489149862023,2.5639530601830143,0.6591447697893904,1.6983595588664415,0.01536640080133445,1.636503864360533,5.481062701318437,1.4090795453969323,3.445071123357684,0.7339251033568553,2.702067649174626,0.694651468558257,0.5730417709523326,0.5730417709523326
52,1.0252217733401925,1.5860359401289976,2.5222860974884687,0.6497857827695266,1.6764910812733673,0.024908953421340394,1.6260385791203302,5.3214057258850875,1.3708888093509741,3.3461472676180306,0.73386876065348,2.6661376579620883,0.6868445045846463,0.5885700869547941,0.5885700869547941
53,1.0349584756767882,1.5580066664740861,2.4773991714726864,0.638614161475486,1.6494875203472819,0.0343613057934537,1.6124722046282944,5.1473614613913545,1.3268664821275509,3.237113971759453,0.7339520601574424,2.622863627092741,0.6761114136018228,0.6038284575165944,0.6038284575165944
54,1.044695178013384,1.5276950318516835,2.4295810644889912,0.6258089992143757,1.6170634171133007,0.04372514718434197,1.5959756332504569,4.960521581807695,1.2777260623511302,3.1191238220794126,0.7341711879254218,2.57170873530586,0.6624180989207411,0.6187938982111167,0.6187938982111167
55,1.0544318803499797,1.4953399572931876,2.3791265448270433,0.6115533697593318,1.57922703554064,0.05300211984580002,1.576734122931114,4.762921712173755,1.2243068067619318,2.993614259467843,0.7345223873192561,2.512593168020719,0.6458609030605608,0.6334457663440582,0.6334457663440582
56,1.0641685826865754,1.4611823479734227,2.3263330243680835,0.5960316715787621,1.5362005651603308,0.062193820743386266,1.5549443482895198,4.556304559785709,1.1673744878933212,2.861839523839515,0.7350019578515191,2.4457687377225237,0.6266323925981381,0.6477657887688983,0.6477657887688983
57,1.0739052850231714,1.4254622979187146,2.271497427196069,0.5794271686413601,1.4886105680722161,0.07130180320633467,1.530811495336182,4.344229853009085,1.1081521702463508,2.726191011627718,0.7356062540752794,2.3721252259074035,0.6050959102370285,0.6617380614823658,0.6617380614823658
58,1.083641987359767,1.3884165339844965,2.214913308162763,0.5619197598062302,1.4372022857543798,0.08032757850300408,1.504546452170119,4.129530502525041,1.0476549034852125,2.5885927030051263,0.7363316845177023,2.292740248564962,0.5816643229437974,0.6753490232616861,0.6753490232616861
59,1.0933786896963626,1.3502761253036684,2.1568682507423915,0.5436839998649451,1.3828355166000788,0.08927261734586597,1.4763631406128066,3.9149717222002263,0.9868509513973984,2.450911336798812,0.7371747106572099,2.208877107327138,0.5567939258730193,0.6885874058939037,0.6885874058939037
60,1.1031153920329586,1.311264475413723,2.0976415641297055,0.5248873866977405,1.32641401479148,0.09813835132977203,1.446476025854901,3.703125821989439,0.926623532139722,2.3148746770645805,0.7381318459437272,2.1218764184036125,0.5309516111793474,0.7014441637458901,0.7014441637458901
61,1.1128520943695543,1.2715956058483724,2.037502290698998,0.5056889209977465,1.2688232741301606,0.1069261743070254,1.4150978331594835,3.496035905544344,0.8676832575425423,2.181859581543443,0.7391996548614603,2.03306012984184,0.5045864184184812,0.7139123855365794,0.7139123855365794
62,1.12258879670615,1.2314727323354409,1.9767075268752772,0.48623793779560454,1.210883556697002,0.11563744370255777,1.3824374927688774,3.2960077063722015,0.8107643484508066,2.053386027411504,0.7403747520336094,1.9436586599470786,0.4781084534469255,0.7259871912074805,0.7259871912074805
63,1.1323254990427458,1.1910871280227875,1.9155010533252403,0.46667320272033463,1.1533200787344435,0.12427348177231311,1.3486983266417938,3.104647743412615,0.7563848128517932,1.930516278132204,0.7416538013683529,1.8547642516330765,0.45187590583581067,0.737665616752538,0.737665616752538
64,1.1420622013793418,1.15061726244926,1.8541122642578742,0.447122260640646,1.0967489965199728,0.13283557680775915,1.3140764836978738,2.9230781878867624,0.7049051735388958,1.8139916807128291,0.7430335152453309,1.7673085843780927,0.42618940866185295,0.7489464897734557,0.7489464897734557
65,1.1517989037159375,1.1102282003259065,1.7927553805760417,0.4277010200757714,1.0416758062255318,0.1413249842892679,1.2787596240098973,2.752043729669302,0.6565602442060359,1.704301986937669,0.744510653741812,1.6820595134212177,0.40129209902984614,0.7598302983823089,0.7598302983823089
66,1.1615356060525333,1.0700712405885895,1.7316289276437142,0.40851355353346475,0.988502032356348,0.1497429279909514,1.2429258469564535,2.592018547159287,0.611490539699828,1.6017545434295577,0.7460820238977564,1.5996306127443713,0.37737345196832467,0.7703190558898341,0.7703190558898341
67,1.171272308389129,1.0302837735836536,1.6709154554913774,0.38965209167592985,0.9375363414341846,0.15809060103937997,1.2067428537811886,2.443198585218427,0.5697460251392983,1.5064723051788624,0.7477444790188055,1.5204975591707937,0.3545751236975754,0.7804161635055211,0.7804161635055211
68,1.1810090107257247,0.9909893325806578,1.6107814773046725,0.37119718785664313,0.8890115804095157,0.16636916692847686,1.170367331310829,2.305406669869846,0.5312703707976472,1.4183385203337464,0.7494949180163188,1.4450240176691798,0.3329991431498514,0.790126273043946,0.790126273043946
69,1.1907457130623205,0.9522978149776271,1.5513776009389768,0.3532180290162774,0.8431007747849192,0.1745797604927471,1.1339445407432243,2.1783013386954417,0.495956177910414,1.3371287583029279,0.7513302847834468,1.3734859376594803,0.312715611910358,0.7994551513893084,0.7994551513893084
70,1.2004824153989162,0.9143058484671649,1.4928388278692863,0.33577286906504356,0.7998959708038887,0.18272348884087655,1.0976080933812176,2.061403480918725,0.46365578665760315,1.2625296337881642,0.7532475676063096,1.3060353550993675,0.29375658650841013,0.8084095482246028,0.8084095482246028
71,1.210219117735512,0.877097277953226,1.4352849943080914,0.3189095615983606,0.7594478638583669,0.19080143225162235,1.0614798938927723,1.9542221127048862,0.4342134974587214,1.1942178050818038,0.7552437986091682,1.2427630895160267,0.27613263820070716,0.8169970682895509,0.8169970682895509
72,1.2199558200721077,0.8407437500315289,1.3788213300864718,0.3026661699765859,0.7217645166941563,0.19881464503380722,1.025670231040213,1.856216627068785,0.40745959240892526,1.1318381097388552,0.7573160532326678,1.1836951638119646,0.25983386957634785,0.8252260491980264,0.8252260491980264
73,1.2296925224087034,0.8053053732618787,1.3235391121837976,0.28707163433995975,0.686817028892607,0.20676415635213047,0.990277995755682,1.7665087949048823,0.3831504200828145,1.0748296074938486,0.7594614497439459,1.128800615065095,0.24483344272011875,0.833105445625066,0.833105445625066
74,1.2394292247452992,0.7708314341610596,1.2695163914017278,0.2721464769203915,0.6545443936736618,0.21465097102041292,0.9553910068515492,1.6843786091491562,0.36108057161347507,1.0227295903813156,0.7616771487777357,1.0779981197487039,0.23109066759861988,0.8406447204691927,0.8406447204691927
75,1.249165927081895,0.7373611507377227,1.2168187725126491,0.2579035289627963,0.624857800599861,0.22247607026380498,0.9210864254554602,1.6091069807535863,0.34104862465105185,0.975077802702319,0.7639603529071818,1.0311618684550508,0.21855373274467116,0.8478537434096811,0.8478537434096811
76,1.2589026294184908,0.7049244473897263,1.1655002301808435,0.2443486645986091,0.5976445100351377,0.23024041245140378,0.887431240360303,1.540002981539665,0.3228636616903163,0.9314333216149906,0.7663083062434449,0.9881269072048106,0.20716211286546488,0.8547426971118747,0.8547426971118747
77,1.2686393317550866,0.6735427370199194,1.1156039449876498,0.231481529052189,0.5727713179956267,0.23794493380064652,0.8544828078014426,1.4765275640979338,0.30637114520859593,0.8914493546532648,0.768718294062912,0.9486939830409001,0.1968486529503534,0.8613219911874366,0.8613219911874366
78,1.2783760340916823,0.6432296982375141,1.0671631459201938,0.21929625055483432,0.5500875717334784,0.24559054905477734,0.8222894306428629,1.4177862664072771,0.29134740409645354,0.8545668352518654,0.7711876424609974,0.9126338307935771,0.18754131267337967,0.8676021838902042,0.8676021838902042
79,1.2881127364282783,0.6139920374523087,1.0202019476623956,0.20778212724222178,0.52942769198185,0.25317815213461,0.7908909635078673,1.363131375479817,0.2776257559170431,0.8203785656984302,0.7737137180313778,0.8796908258736886,0.1791645580900113,0.8735939114217904,0.8735939114217904
80,1.297849438764874,0.585830227501289,0.9747361729116661,0.19692428209091184,0.5106132008203076,0.26070861676574986,0.7603194319740464,1.3119490484421088,0.26505082265755836,0.7884999355498336,0.7762939275696251,0.8495859958074075,0.17164040583320778,0.8793078246329832,0.8793078246329832
81,1.3075861411014698,0.5587392161455065,0.9307741517090806,0.18670428058193234,0.493466167568527,0.26818279708237697,0.7305996555217629,1.263662523937035,0.25347846413310665,0.7585704940350708,0.7789257178001597,0.8220392273237443,0.16489310781330963,0.8847545328362884,0.8847545328362884
82,1.3173228434380655,0.5327090993222134,0.8883174913938487,0.17710070725057808,0.47777762100378257,0.27560152820863004,0.701749865444469,1.2177765279261168,0.24278378671849046,0.7302801573223037,0.7816065751254148,0.7967166663272788,0.15883857568028628,0.8899445543901695,0.8899445543901695
83,1.3270595457746612,0.5077257554234407,0.8473618122584481,0.1680896985884332,0.4633275174286287,0.28296562681858445,0.6737823103703279,1.1737158313747222,0.2328279814715976,0.70327190642316,0.7843340253961876,0.773263992704288,0.15339104215296942,0.8948882736748462,0.8948882736748462
84,1.336796248111257,0.4837714380943716,0.8078974452876992,0.15964543090104394,0.4499004272053016,0.29027589167576134,0.6467038433879432,1.1310373888093517,0.22349984191045402,0.6772686153599028,0.7871056337020856,0.7513329170584543,0.14846793735214886,0.8995959040516128,0.8995959040516128
85,1.3465329504478527,0.46082532610457494,0.769910089506916,0.15174056270223396,0.4372777166972204,0.29753310415305984,0.6205164860006872,1.0893712703653857,0.21470274491760152,0.6520370076414936,0.7899190041810802,0.7305686274832421,0.14398680591119867,0.9040774563806567,0.9040774563806567
86,1.3562696527844484,0.4388640297489028,0.7333814274478647,0.14434663204994092,0.4252417263753509,0.3047380287339581,0.5952179652471282,1.048413200505723,0.2063522593097829,0.6273827299077529,0.7927717798470152,0.7106173282827102,0.13986612446799165,0.9083427126648452,0.9083427126648452
87,1.3660063551210442,0.41786205399068055,0.6982896980678971,0.137434409913464,0.41358156746609126,0.311891413495788,0.5708022213152025,1.0078972264198096,0.19837004748844914,0.6031336369541294,0.7956616424342094,0.6911365727379148,0.1360265621942677,0.9124012043873084,0.9124012043873084
88,1.37574305745764,0.3977922191797769,0.6646102271399827,0.13097421121957104,0.4021005939158935,0.3189939905758467,0.5472598838472459,0.9676535220293312,0.19069471339166957,0.5791741177105004,0.7985863122579705,0.6718084320668632,0.13239275576492368,0.9162621951176062,0.9162621951176062
89,1.3854797597942357,0.3786260406732631,0.6323159156718005,0.12493616567472576,0.39062522888027795,0.326046476621072,0.5245787158838351,0.9276188182630132,0.18328360158129367,0.5554512099221534,0.8015435480901382,0.6523548904474006,0.12889556731315535,0.9199346669734361,0.9199346669734361
90,1.3952164621308314,0.3603340690706449,0.6013776873238712,0.11929045081741868,0.3790143640394739,0.33304957322197093,0.5027440250339519,0.8877820929532131,0.17610218724158597,0.5319421400973995,0.8045311470486436,0.6325540693292033,0.12547465874974464,0.9234273105411308,0.9234273105411308
91,1.4049531644674271,0.34288619306167434,0.5717648960853853,0.11400749003796343,0.3671681092700547,0.34000396733146065,0.48173904199418854,0.8481916400604693,0.16912580785658615,0.5086587239585277,0.8075469445000384,0.6122551449742971,0.12208107356581244,0.926748517877545,0.926748517877545
92,1.414689866804023,0.3262519070849932,0.5434456956404913,0.10905811852949512,0.3550343984775636,0.3469103316692448,0.4615452669786275,0.8089201979519637,0.1623332662984383,0.48562673212520097,0.8105888139741417,0.5913893879758344,0.11867940897929277,0.9299063782375896,0.9299063782375896
93,1.4244265691406188,0.3104005461235937,0.5163873719222338,0.10441372032495355,0.3426120033105423,0.3537693251123215,0.44214278497420495,0.7700895561588905,0.1557123971537614,0.4629009766563259,0.8136546670897415,0.5699748733950272,0.1152491332260574,0.9329086761946003,0.9329086761946003
94,1.4341632714772146,0.29530149002850803,0.49055664031245255,0.1000463397445635,0.3299367738743727,0.36058159307219084,0.42351055101138113,0.7319087119706305,0.14926877274187983,0.44058874235625517,0.8167424534905228,0.5480929855508572,0.11178056219788823,0.9357628918446175,0.9357628918446175
95,1.4438999738138105,0.28092433977688036,0.46591990880745415,0.0959287707463066,0.31711412533486566,0.36734776785929996,0.40562664684749955,0.6945495873619963,0.14300159078526342,0.4187755890736299,0.8198501607902109,0.525941555918309,0.10828669475142222,0.938476202809729,0.938476202809729
96,1.453636676150406,0.26723906804370623,0.4424435082340521,0.09203462785336039,0.3042712264367029,0.3740684690352407,0.38846851060858534,0.658181011166121,0.13691113847415307,0.39754607482013704,0.8229758145260538,0.5037542970974411,0.10478815577596463,0.9410554877794426,0.9410554877794426
97,1.4633733784870018,0.2542161464063718,0.4200938902772556,0.08833840253548803,0.2915510746021464,0.38074430375319335,0.3720131410326386,0.6229551886062665,0.13099658787313406,0.3769758882397003,0.8261174781197342,0.4817901100126981,0.10131203919159466,0.9435073313525251,0.9435073313525251
98,1.4731100808235977,0.241826651415729,0.3988377936758724,0.08481550915558561,0.2791009623386472,0.38737586708707883,0.3562372780123246,0.5889907570917238,0.12525280137134218,0.357121779231533,0.8292732528448731,0.4603132507532977,0.09788867392399658,0.945838029964239,0.945838029964239
99,1.4828467831601935,0.23004235166306586,0.3786423784746755,0.08144232485145622,0.2670599814678787,0.3939637423498702,0.3411175611541832,0.5564393276049284,0.11968473434348396,0.3380620309742062,0.8324412778001768,0.43957221723462137,0.09454774570113601,0.9480535987054172,0.9480535987054172
100,1.4925834854967892,0.21883577785414088,0.35947532772121116,0.07819622798707057,0.25554921000227676,0.4005085014014881,0.32663066806093466,0.5253880670818771,0.11428702307793076,0.3198375450799039,0.8356197298873705,0.419783441790283,0.09131497821427047,0.9501597788603048,0.9501597788603048
101,1.502320187833385,0.20818027777495995,0.34130491550849745,0.07505564004142246,0.24466524781567792,0.4070107049466847,0.3127534340100841,0.495898809636445,0.10905205539624356,0.3024754325163443,0.8388068237931832,0.40112085845069245,0.08820963718066341,0.9521620460091093,0.9521620460091093
102,1.5120568901699807,0.19805005790244856,0.32410003986857533,0.0720000759363218,0.23447710422646487,0.41347090282330634,0.299462954649961,0.4680098602700462,0.10397019849813942,0.2859900293840928,0.8420008119743756,0.3837112679133724,0.08524294053955733,0.9540656185591039,0.9540656185591039
103,1.5217935925065764,0.1884202132799745,0.3078302188206241,0.06901020773932484,0.2250259559806876,0.4198896342813046,0.28673667326818775,0.44173741951859236,0.0990298847332299,0.27038365212591114,0.8451999846451487,0.367634597498979,0.0824173144623962,0.9558754665845612,0.9558754665845612
104,1.5315302948431722,0.1792667471457121,0.2924655480160911,0.06606794627533315,0.21632704703513095,0.4262674282528493,0.27455245411164886,0.4170898718702083,0.0942205720763746,0.25565522197329144,0.8484026697659754,0.3529277424240115,0.07972635164625039,0.9575963208709535,0.9575963208709535
105,1.541266997179768,0.1705665816724511,0.2779766190750802,0.06315654426982197,0.2083729687150374,0.4326048036138831,0.26288864315351634,0.39405126709765015,0.08952881137211882,0.24179003923488449,0.851607233033139,0.3395906324796735,0.07715530495040127,0.959232682072725,0.959232682072725
106,1.5510036995163636,0.16229756105304205,0.2643343990621678,0.06026072304391626,0.20113885463346837,0.4389022694374395,0.2517241176157511,0.3725933313110897,0.08494067978215399,0.22876700554662183,0.8548120778681891,0.3275953004014291,0.0746824088655076,0.9607888299064795,0.9607888299064795
107,1.5607404018529594,0.15443844804653128,0.2515100737691174,0.05736682232394519,0.1945893910348378,0.445160325239035,0.24103832546569062,0.35267873187258814,0.08044233714209714,0.2165605345073426,0.858015645406481,0.3168977201785531,0.07228106189112249,0.9622688323128686,0.9622688323128686
108,1.570477104189555,0.14696891498778297,0.23947486063135728,0.05446296934420866,0.1886659851781154,0.45137946121442996,0.2308113160158943,0.3342718243198428,0.07602232682197642,0.2051470755709096,0.8612164144840883,0.3074171195328116,0.0699148508234192,0.9636765545306121,0.9636765545306121
109,1.5802138065261513,0.13986953015771458,0.22819980110925692,0.051539259206172236,0.18331167999152087,0.4575601584700425,0.22102376266754648,0.3173231513998757,0.07166789836195964,0.19449552488091768,0.8644129016222251,0.29907649555911203,0.06754686442392968,0.9650156680353498,0.9650156680353498
110,1.589950508862747,0.13312174031317864,0.2176555468554526,0.04858793377090467,0.17846785684203229,0.4637028892462836,0.21165697875163283,0.3017745300797693,0.06736607953758836,0.1845703048086788,0.8676036610086106,0.2917969588264741,0.06513875485759046,0.9662896593040813,0.9662896593040813
111,1.5996872111993428,0.1267078500847379,0.20781215829386065,0.04560354187561513,0.17407790073413773,0.4698081171340774,0.20269292733911876,0.2875688744267462,0.06310583228003103,0.17533735335338863,0.8707872844748269,0.28550325996876,0.06265254149951546,0.9675018383732674,0.9675018383732674
112,1.6094239135359385,0.12061099886700616,0.19863893738808674,0.04258306034592556,0.17009059147918373,0.47587629728480946,0.1941142258120157,0.2746470852663174,0.05887724511372451,0.166762165190021,0.8739624014690751,0.28012879976553073,0.06005238319283675,0.9686553471649941,0.9686553471649941
113,1.6191606158725342,0.11481513574988406,0.1901043172730686,0.039525954226699536,0.16646314647939867,0.4819078766139444,0.1859041459122709,0.2629570235943929,0.054673283738483264,0.15881515366643809,0.8771276790236094,0.27562013149146014,0.05730616146733716,0.9697531675612445,0.9697531675612445
114,1.62889731820913,0.10930499296964719,0.1821758291097847,0.03643415682950969,0.1631637919038194,0.4879032939985396,0.1780466099151261,0.2524427648790772,0.05048715480546336,0.15146495984227026,0.8802818217160336,0.27194090830808476,0.05438667549955407,0.9707981292111882,0.9707981292111882
115,1.6386340205457257,0.10406605829581489,0.1748201605653565,0.033311956026273265,0.16017371282472972,0.4938629804688728,0.17052618350761703,0.24302987285031483,0.04630930672571861,0.14466958978801672,0.8834235716239218,0.2690751879423751,0.051272237707084355,0.9717929170606714,0.9717929170606714
116,1.6483707228823214,0.09908454671318839,0.1680033111203949,0.030165782305981895,0.15748824872289557,0.49978735939439367,0.1633280658920855,0.23465578547395327,0.042133546620243684,0.13839466604709846,0.8865517082719065,0.26703000746005395,0.04794648998573722,0.972740078596742,0.972740078596742
117,1.6581074252189172,0.09434737170741953,0.16169083829257258,0.02700390512226647,0.15511726507132262,0.5056768466641994,0.1564380775779615,0.22725844486679672,0.0379543179330446,0.13260638139992065,0.8896650485707481,0.26583719471075584,0.04439733543188938,0.9736420308032319,0.9736420308032319
118,1.667844127555513,0.08984211641719253,0.15584817786014893,0.02383605497423613,0.1530847340582581,0.5115318508622264,0.1498426462735733,0.22078010975883042,0.03376700905769794,0.12727355940826418,0.8927624467474982,0.2655544839393326,0.04061498417718356,0.9745010668260436,0.9745010668260436
119,1.6775808298921087,0.08555700487541867,0.15044101244746239,0.020672997303374976,0.15142923658940058,0.5173527734373438,0.14352879124198806,0.21517461936740898,0.02956842853932959,0.12237152395336928,0.8958427942663083,0.2662688776895343,0.03658959548926695,0.9753193623491505,0.9753193623491505
120,1.6873175322287044,0.08148087352613131,0.1454356580763188,0.017526088975943807,0.15020088653721683,0.5231400088685241,0.13748410644195105,0.21036384269172229,0.025350422813103065,0.11785713275241268,0.8989050197391383,0.26809438622649234,0.032307386847941294,0.9760989816841268,0.9760989816841268
121,1.6970542345653001,0.07760314317206496,0.14079943819095006,0.014406848153179858,0.14945646823023495,0.5288939448252625,0.1316967427357301,0.20628950678291244,0.02110790808543731,0.11369870743417487,0.9019480888257225,0.2711666808928393,0.027746255567630634,0.9768418835776896,0.9768418835776896
122,1.7067909369018959,0.07391379147989086,0.1365010188062573,0.011326564153524413,0.14926260436479952,0.5346149623234077,0.1261553894099343,0.20289474370077085,0.01683577420181371,0.10986525895129227,0.9049710041222641,0.2756521774561324,0.022873031273466626,0.9775499267429822,0.9775499267429822
123,1.7165276392384916,0.07040332614595146,0.13251068551196854,0.008295966779934383,0.14969316446114214,0.5403034358765588,0.12084925522384764,0.2001239016505516,0.012528961219613334,0.10632643143508246,0.9079728050381743,0.28174725435670994,0.01763907456557437,0.9782248751213942,0.9782248751213942
124,1.7262643415750873,0.06706275880380594,0.1288005514005264,0.005324966207085467,0.15082889059219973,0.5459597336431827,0.11576804917066096,0.19793454647022177,0.008183154184574486,0.10305885032739813,0.9109525676602349,0.2896815553359323,0.011976225848467092,0.9788684028825333,0.9788684028825333
125,1.736001043911683,0.06388357973649414,0.12534469299454934,0.0024224664784389463,0.15275762051586,0.5515842175695923,0.11090196111136907,0.19625636212535041,0.0037929364783693734,0.10002464930185989,0.9139094046038192,0.2997226693481646,0.005792571683555381,0.9794820991706279,0.9794820991706279
126,1.7457377462482788,0.060857733440570994,0.12211921780621512,-0.0004037509250731444,0.1555750293054039,0.557177243528927,0.10624164241832092,0.19503302580854023,-0.0006448187763122483,0.09719410351611399,0.9168424648503394,0.3121821963269072,-0.0010321377160994222,0.9800674726060805,0.9800674726060805
127,1.7554744485848746,0.05797759507511316,0.1191022717180966,-0.0031470815678702885,0.15938572605536838,0.5627391614562681,0.10177818674476141,0.1942091599621799,-0.005131657514267911,0.094538751223956,0.9197509335704835,0.32742306796338855,-0.008651615852651751,0.980625955551257,0.980625955551257
128,1.7652111509214707,0.05523594781710503,0.11627399689416915,-0.005802101259959093,0.16430447051132568,0.5682703154800182,0.09750311101847027,0.19372870513459278,-0.009667110395927502,0.09203079736933265,0.922634031932826,0.3458678315286537,-0.017258890506002333,0.9811589081498067,0.9811589081498067
129,1.7749478532580665,0.05262596113477111,0.11361645171511031,-0.008364529445568099,0.17045720883382712,0.5737710440496644,0.09340833674180442,0.19353502653302634,-0.014248195606772394,0.08964341546312699,0.9254910168971702,0.3680074020380213,-0.027092984370367054,0.9816676221489193,0.9816676221489193
130,1.7846845555946622,0.050141169981901046,0.11111350374864695,-0.010831163784844867,0.1779815619211871,0.579241680060051,0.08948617166614549,0.19356467805653954,-0.018868370272381734,0.08734815389207891,0.9283211809921909,0.3944095232492234,-0.03844639940684921,0.9821533245139455,0.9821533245139455
131,1.794421257931258,0.04777545490927593,0.10875070549276608,-0.013199795674214233,0.18702633430700114,0.5846825509722674,0.08572929189654101,0.19375812449146426,-0.023517710914311426,0.08512020678857642,0.9311238520767338,0.4257258426996849,-0.051673174085682685,0.9826171808447803,0.9826171808447803
132,1.8041579602678537,0.045523023083010455,0.10651516097649477,-0.015469114810473854,0.19773221732948762,0.5900939789312679,0.08213072447067056,0.19405741568779167,-0.028182809053452426,0.08293730331716963,0.9338983930848089,0.4626555429037385,-0.06719110824476325,0.9830602986032997,0.9830602986032997
133,1.8138946626044494,0.04337839019562981,0.10439538956717911,-0.0176386091759195,0.21025727983857706,0.595476280880324,0.07868383044822609,0.19440603537348478,-0.03284677698516812,0.08077962919415833,0.9366442017530546,0.506009802094846,-0.0854952424176919,0.9834837301609645,0.9834837301609645
134,1.8236313649410452,0.041336363250726676,0.10238119171207145,-0.0197084652106181,0.22476382136750617,0.6008297686724148,0.07538228853662154,0.19474479392674698,-0.03748853604720977,0.0786281289397686,0.9393607103311918,0.5566911570277024,-0.10716351429269007,0.9838884756755508,0.9838884756755508
135,1.833368067277641,0.039392024199948805,0.10046351993328356,-0.021679471533385945,0.24140039462005772,0.6061547491786505,0.0722200792736142,0.19502024673971707,-0.04208428980425247,0.07646797846773229,0.9420473852742033,0.6156559316097853,-0.13285514236966975,0.9842754858057106,0.9842754858057106
136,1.8431047696142366,0.0375407144078094,0.0986343572432776,-0.02355292842765879,0.2602964197811036,0.6114515243938249,0.0691914697797594,0.195196780407083,-0.0466110990808002,0.0742928406631414,0.9447037269166535,0.6839020104661264,-0.16330917090391905,0.9846456642718155,0.9846456642718155
137,1.8528414719508324,0.03577801991862481,0.09688660424519485,-0.02533056440794524,0.2815520651343905,0.6167203915391868,0.06629099908951099,0.19524144011289185,-0.05104499133196599,0.07209822439046293,0.9473292691279935,0.7624408385689534,-0.19933670830017242,0.9849998702712939,0.9849998702712939
138,1.8625781742874281,0.034099757497754804,0.09521397550812391,-0.027014460512614295,0.3052303541100374,0.6219616431625189,0.06351346406381218,0.19513101045638725,-0.055363290405942914,0.06988386002522216,0.9499235789495871,0.8522698574170976,-0.24180914919702268,0.9853389207563442,0.9853389207563442
139,1.8723148766240238,0.03250196141940033,0.09361090531960156,-0.028606982480800895,0.33135501881721635,0.6271755672356062,0.060853905885003313,0.19484997057528566,-0.05954508906415405,0.06765244075556581,0.9524862562120001,0.9543560431143215,-0.29164600547988867,0.9856635925816598,0.9856635925816598
140,1.88205157896062,0.030980870971542424,0.09207246258678434,-0.03011072064369949,0.3599181238504294,0.6323624472491787,0.05830759712956666,0.19438946927345507,-0.06357174383006188,0.06540886272169659,0.9550169331333682,1.069645460354029,-0.3498092126531703,0.9859746245294557,0.9859746245294557
141,1.8917882812972153,0.02953291864936622,0.09059427444029372,-0.03152843714156128,0.39090090962307855,0.6375225623054009,0.055870029413374996,0.1937742203100314,-0.06743691433531245,0.06316865298735948,0.9575152738976885,1.1991156277442159,-0.4173138084980587,0.9862727192188249,0.9862727192188249
142,1.901524983633811,0.02815471900751801,0.08917245796922608,-0.03286301995419007,0.4243093428471137,0.6426561872079936,0.05353690159998523,0.19302604394330453,-0.07113652441851871,0.06094475976239291,0.9599809742138514,1.3438850883534248,-0.49526640265919736,0.9865585449061086,0.9865585449061086
143,1.9112616859704068,0.02684305814280638,0.08780355944944518,-0.03411744316383242,0.460222826596009,0.647763592550046,0.051304108562621784,0.19217524042515782,-0.07467268848566687,0.05875127596974547,0.9624137608540465,1.5053874301517898,-0.5849417769597719,0.986832737182713,0.986832737182713
144,1.9209983883070025,0.025594883778221555,0.08648450040994876,-0.03529473285350564,0.49884912960356725,0.6528450447996036,0.04916773048686865,0.19125877026507423,-0.07805360695150952,0.05660258165678236,0.9648133911726094,1.6855992833384938,-0.6879010241313591,0.9870959005764436,0.9870959005764436
145,1.9307350906435983,0.02440729592043099,0.08521252989018654,-0.03639793804932457,0.5404104901305908,0.6579008063830889,0.04712402270129846,0.19031635998650662,-0.08129230630153579,0.0545120268424854,0.967179652604679,1.886720478718651,-0.8058994984574693,0.9873486100621802,0.9873486100621802
146,1.9404717929801945,0.023277538063585596,0.08398518226959475,-0.03743010614242356,0.585725642623968,0.6629311357666253,0.045169406022410666,0.18940020519630474,-0.08441095908011173,0.0524946230580965,0.9695123621439697,2.113293713509325,-0.9418424282613891,0.987591412487452,0.987591412487452
147,1.9502084953167902,0.02220298891196941,0.08280024009311726,-0.03839426226917845,0.6357386710985232,0.6679362875353244,0.04330045759754724,0.18855495727063074,-0.08743245760472262,0.05056124983295404,0.9718113658012204,2.370821100354633,-1.0993437581575867,0.9878248279180805,0.9878248279180805
148,1.959945197653386,0.021181154596266835,0.08165570135798414,-0.039293392165450476,0.6917369786087717,0.6729165124706016,0.041513902231707124,0.18782357721055634,-0.09038224342592743,0.04872066689231445,0.9740765380416809,2.666722811867274,-1.2832488546497307,0.9880493509089432,0.9880493509089432
149,1.9696818999899817,0.020209661357715042,0.0805497507777263,-0.04013042806229622,0.7554083925011452,0.6778720576255726,0.03980660418121828,0.18724628213273642,-0.09328735821660736,0.04697946195806453,0.9763077812028833,3.0108350988346166,-1.5000183138323262,0.9882654517045049,0.9882654517045049
150,1.9794186023265774,0.019286248676218344,0.0794807345835584,-0.040908237231121705,0.8289168277902913,0.6828031663985935,0.03817555939880292,0.18686690633466888,-0.09617922852672998,0.045343838903969445,0.9785050248920257,3.4160566674993054,-1.7582230119187225,0.9884735773736046,0.9884735773736046
151,1.9891553046631731,0.018408762818715577,0.07844713846949854,-0.041629612832067384,0.9150099090537354,0.6877100786049957,0.036617888213134275,0.1867159698818844,-0.09908473001560193,0.04381561993314124,0.980668225363671,3.8992250453422863,-2.0692052272348156,0.9886741528826782,0.9886741528826782
152,1.9988920069997689,0.017575150785338584,0.07744756832821015,-0.04229726675753299,1.0171741707316497,0.692593030547069,0.035130828426629006,0.1868172086490857,-0.10202847526007909,0.04239436669450329,0.98279736487767,4.4823323026706134,-2.4479839612073144,0.988867582111387,0.988867582111387
153,2.0086287093363646,0.016783454631871718,0.07648073346215373,-0.042913824198410284,1.1398569035299515,0.6974522550823452,0.03371172881542192,0.18719175967494883,-0.10503448257405883,0.04107863855044502,0.9848924510373234,5.194228121445338,-2.914514314385435,0.9890542488144158,0.9890542488144158
154,2.0183654116729604,0.01603180614732263,0.07554543199107827,-0.04348181969643301,1.2887797003928871,0.7022879816902299,0.032358043014401934,0.18785602517196945,-0.10812462911564016,0.03986569802816463,0.986953516108726,6.073016247378516,-3.495456846592741,0.9892345175328963,0.9892345175328963
155,2.028102114009556,0.015318421867093472,0.07464053820505669,-0.04400369447086974,1.471378641536293,0.7071004365370315,0.031067323771942483,0.1888283051122899,-0.11132212126855288,0.03875309192186851,0.9889806163209564,7.169439166812309,-4.226681883739723,0.9894087344588317,0.9894087344588317
156,2.037838816346152,0.014641598402513126,0.0737649916421119,-0.04448179483708564,1.697421536344791,0.711889842539433,0.029837217557993057,0.19011600631799624,-0.11464383035943189,0.03773608797928218,0.9909738311475633,8.551681448940903,-5.15683837625132,0.9895772282555723,0.9895772282555723
157,2.0475755186827476,0.013999708068544194,0.07291778769268328,-0.04491837155559489,1.9794861362799032,0.7166564194264503,0.028665459509856425,0.19171499845737605,-0.11809910593808123,0.03680794625964741,0.992933262570109,10.310197121194511,-6.351224848634703,0.9897403108372886,0.9897403108372886
158,2.0573122210193433,0.013391194792153446,0.0720979695559139,-0.045315579971607,2.3338889364748674,0.7214003837999218,0.02754986869994787,0.19362534737326517,-0.12169891839490325,0.03596321448918097,0.9948590343239974,12.565619132614371,-7.897841259664634,0.9898982781101209,0.9898982781101209
159,2.0670489233559395,0.012814570284938456,0.07130462139047371,-0.04567548082059679,2.784415221308863,0.7261219491935696,0.02648834371075105,0.19584498450760665,-0.12545209075161512,0.03519644687799577,0.9967512911270794,15.49343198676397,-9.924601544146242,0.9900514106775933,0.9900514106775933
160,2.076785625692535,0.012268410464121447,0.07053686252026493,-0.04600004159202205,3.3626236400555425,0.7308213261306722,0.025478858501983306,0.19837259314502353,-0.12936707431191363,0.03450275941655495,0.9986101978912504,19.333305003092427,-12.608057722981343,0.9901999745126848,0.9901999745126848
161,2.086522328029131,0.011751352106587148,0.06979384257137469,-0.04629113835820039,4.112040282502946,0.7354987221803898,0.024519458554926248,0.20120724780119145,-0.13345178032163205,0.03387773373977971,1.0004359389186561,24.422303877975743,-16.198223312969848,0.9903442215986813,0.9903442215986813
162,2.0962590303657267,0.011262089721979375,0.06907473742691639,-0.04655055798295764,5.093299432039278,0.7401543420127775,0.0236082572804883,0.20433885106516986,-0.13770718339312216,0.033315833836023837,1.0022287170817552,31.239168714679845,-21.052569850601287,0.9904843905410035,0.9904843905410035
163,2.1059957327023224,0.010799372630871527,0.0683787459010231,-0.04678000063928005,6.39172708106766,0.7447883874525241,0.022743432676477687,0.20776756249271153,-0.14214017203970508,0.03281369522650322,1.0039887529890643,40.47071037215819,-27.687256210022873,0.9906207071518313,0.9906207071518313
164,2.115732435038918,0.010362002235134718,0.06770508704171713,-0.04698108257144769,8.128638303454796,0.7494010575314509,0.021923224220820287,0.2114976201366184,-0.14675983134296466,0.03236889439682687,1.0057162841365364,53.11233788388462,-36.85506127697503,0.9907533850093556,0.9907533850093556
165,2.125469137375514,0.00994882946809858,0.06705299798233388,-0.04715533904613672,10.47833653667134,0.7539925485398066,0.021145929987455583,0.21553887588292453,-0.15157873735280702,0.03198006926505875,1.0074115640460004,70.62176318375678,-49.66509011041409,0.990882625993273,0.990882625993273
166,2.1352058397121096,0.009558752412774105,0.06642173226886929,-0.04730422744332107,13.693954882004725,0.7585630540763882,0.020409903972117487,0.21991284311303025,-0.15661752250327537,0.03164766030487744,1.009074861390955,95.15637246330974,-67.76846269930027,0.9910086207980808,0.9910086207980808
167,2.1449425420487054,0.009190714077019034,0.06581055859807808,-0.04742913044404001,18.147149154798157,0.7631127650975238,0.019713553615604028,0.22464225120170864,-0.16189783011201786,0.031372210544845375,1.0107064591105763,129.94355093976162,-93.64925263016532,0.9911315494255898,0.9911315494255898
168,2.154679244385301,0.008843700314990032,0.06521875990829605,-0.04753135927831599,24.389717253819423,0.7676418699649438,0.01905533751227277,0.22976502754315623,-0.1674524950965333,0.03115626622331146,1.0123066535133514,179.86442972427517,-131.08499521663632,0.9912515816578945,0.9912515816578945
169,2.164415946721897,0.008516737884874307,0.06464563276994278,-0.047612157000194166,33.25029524701256,0.7721505544925749,0.01843376329207247,0.23533097857092855,-0.17332362633996842,0.031003676115480074,1.0138757533707736,252.38376536725727,-185.88317487323212,0.9913688775120539,0.9913688775120539
170,2.1741526490584926,0.008208892633345927,0.06409048702923079,-0.04767270176253893,45.91791642332911,0.776639001992283,0.017847385664625792,0.2414031367374685,-0.17956393024409292,0.030919603246687768,1.0154140790024815,358.5016589185376,-266.6658260718794,0.9914835876775066,0.9914835876775066
171,2.1838893513950883,0.007919267798069066,0.06355264566057028,-0.047714110064432144,64.256334666357,0.781107393318594,0.017294804615049064,0.2480674538496785,-0.1862442967300504,0.03091157855981404,1.0169219613529816,515.6613177664876,-387.14864843377353,0.9915958539373761,0.9915958539373761
172,2.193626053731684,0.007647002419234716,0.06303144479274561,-0.04773743995427617,91.21808354446931,0.7855559069124205,0.01677466373978249,0.2554156940944326,-0.1934414069089536,0.030987143592739498,1.018399741062365,751.8773084955652,-569.4411414066265,0.9917058095743805,0.9917058095743805
173,2.20336275606828,0.007391269852356582,0.06252623387365105,-0.04774369416893789,131.3819960189067,0.7899847188438195,0.016285648712732786,0.26355655528052624,-0.20124614568917512,0.031155204795675552,1.0198477675312925,1111.4222013212107,-848.6582092833972,0.9918135797622538,0.9918135797622538
174,2.2130994584048755,0.007151276374874435,0.06203637594239748,-0.04773382319264861,192.01603832320257,0.7943940028538078,0.015826485872138193,0.27261917997020585,-0.2097665367768378,0.031426321596684015,1.0212663979811305,1665.7137154200884,-1281.6816387736833,0.9919192819435463,0.9919192819435463
175,2.2228361607414713,0.006926259879238899,0.06156124798346032,-0.04770872822498252,284.8005130983668,0.79878393039526,0.01539594091826508,0.28275294336784956,-0.2191278405138069,0.031812551427021336,1.0226559965109452,2531.333695003067,-1961.732668806333,0.9920230261943493,0.9920230261943493
176,2.232572863078067,0.006715488645701427,0.06110024133919035,-0.04766926404778749,428.7444020743731,0.8031546706729116,0.014992817712701886,0.29413979006910346,-0.22948235575579276,0.032328717156655355,1.0240169331524127,3900.8905861734015,-3043.401782024655,0.9921249155766078,0.9921249155766078
177,2.2423095654146628,0.006518260188554741,0.06065276215978764,-0.04761624178267816,655.1808875421553,0.8075063906824927,0.014615957170657879,0.30697601186621454,-0.2409955207645094,0.03299024555085258,1.025349582923841,6096.493449817924,-4786.131674733613,0.99222504647858,0.99222504647858
178,2.252046267751259,0.006333900170055803,0.06021823187146004,-0.04755043153134843,1016.4296572440115,0.811839255249014,0.014264236238283235,0.32147508687362997,-0.25384802297165493,0.03381353195098752,1.0266543248841435,9663.49249871573,-7630.633184227707,0.9923235089440264,0.9923235089440264
179,2.2617829700878547,0.0061617613759987686,0.05979608765024551,-0.04747256489824797,1601.004623078031,0.8161534270642248,0.01393656694597912,0.33789112289894047,-0.26825431045229886,0.0348184062233208,1.0279315411889003,15536.760826688878,-12334.751580532815,0.9924203869903818,0.9924203869903818
180,2.2715196724244504,0.006001222748363552,0.05938578288351726,-0.04738333738679015,2560.649622934867,0.8204490667232703,0.013631895531508936,0.356514793320208,-0.2844596789842414,0.0360275571679833,1.0291816161486464,25339.199847203905,-20217.90060133417,0.9925157589166212,0.9925157589166212
181,2.281256374761046,0.005851688469495013,0.05898678761311342,-0.047283410674123394,4159.014601410764,0.8247263327605613,0.013349201624151208,0.37767964490861117,-0.302745453280133,0.03746709581423907,1.0304049352920193,41924.12365288226,-33606.09445006074,0.9926096976008062,0.9926096976008062
182,2.290993077097642,0.005712587093840534,0.058598588945900684,-0.04717341475821962,6860.424381612802,0.8289853816848819,0.013087497484306002,0.40175337481640866,-0.32342209806836514,0.039165638374021754,1.0316018844337311,70372.87689950895,-56652.02813628335,0.9927022707879862,0.9927022707879862
183,2.3007297794342376,0.00558337072268272,0.058220691426896704,-0.04705394998153126,11434.088031921856,0.8332263680137524,0.012845827291297395,0.4291522506488491,-0.34684075440511924,0.041155748121864906,1.0327728487495875,119229.14384854541,-96360.96778470169,0.9927935413685183,0.9927935413685183
184,2.3104664817708334,0.005463514218171615,0.057852617366967236,-0.046925588930624006,19336.507234825403,0.8374494443070665,0.012623266473763897,0.46035948831912643,-0.3734081722205785,0.04347565804927398,1.03391821185945,204752.38273367466,-166079.36826402383,0.9928835676471782,0.9928835676471782
185,2.320203184107429,0.005352514452768246,0.05749390712238124,-0.04678887821684474,33205.55087945268,0.8416547612000211,0.012418921076293917,0.49592400697852823,-0.4035858602884073,0.046169073345060443,1.0350383549201636,356676.63769191486,-290265.53593300947,0.9929724036031496,0.9929724036031496
186,2.329939886444025,0.005249889591143336,0.05714411931904182,-0.04664434013675515,57907.368920926485,0.845842467435357,0.012231927157832173,0.5364630873806345,-0.43789224537506954,0.049285421002782465,1.0361336557285272,630311.464959502,-514496.727117649,0.9930600991413446,0.9930600991413446
187,2.3396765887806206,0.005155178401069601,0.05680283102307103,-0.046492474220931834,102560.22761024826,0.8500127098949268,0.012061450215970057,0.5825511490353888,-0.47681152138176874,0.05286981382681003,1.0372044878369293,1130069.771673452,-924949.3164529556,0.9931467003349269,0.9931467003349269
188,2.3494132911172163,0.005067939590812896,0.05646963785206781,-0.046333758670442024,184490.83052296515,0.854165633630608,0.011906684633234963,0.6350007884060376,-0.5210228789251635,0.056988954740436984,1.0382512196820999,2055693.4825239293,-1686711.8214779994,0.993232249659511,0.993232249659511
189,2.359149993453812,0.004987751170200359,0.05614415403042371,-0.04616865169002299,337090.92706403136,0.8583013818945759,0.01176685314052742,0.6946447450725908,-0.5712226292728989,0.061711057899845906,1.0392742137289042,3794432.457740479,-3120250.6036124164,0.9933167862188741,0.9933167862188741
190,2.3688866957904082,0.004914209833253531,0.05582601238450477,-0.04599759271799771,625631.7591436957,0.8624200961689543,0.01164120629431669,0.7623912388751396,-0.6281688445883337,0.06711119714340293,1.0402738256301725,7107251.729007224,-5855988.210719832,0.9934003459626398,0.9934003459626398
191,2.378623398127004,0.004846930360113546,0.05551486428239541,-0.045821003562168325,1179533.162166352,0.8665219161948563,0.011529021963658225,0.8392176684317548,-0.6926756693313272,0.07327099955021381,1.041250403403485,13509916.287040634,-11150849.962707933,0.9934829618957606,0.9934829618957606
192,2.3883601004635993,0.004785545036405398,0.05521037951621839,-0.0456392894434076,2259116.9143722584,0.8706069800008341,0.011429604823922275,0.9258055602388976,-0.7653109488161924,0.08024730571135257,1.0422042866275243,26063217.7244512,-21544983.895706687,0.9935646642801523,0.9935646642801523
193,2.398096802800195,0.004729703088356602,0.0549122461317609,-0.045452839955047696,4395612.374838068,0.8746754239307492,0.011342285854382175,1.0233330488777512,-0.847049548469451,0.0881417502041501,1.0431358056574784,51033425.16808815,-42242200.418412015,0.9936454808283799,0.9936454808283799
194,2.4078335051367907,0.0046790701321552455,0.05462017020423056,-0.04526202993992007,8688899.08678594,0.878727382671076,0.01126642183708823,1.1329605183543505,-0.9388490132996714,0.09705575252733954,1.0440452808619523,101428090.11264576,-84050291.93907388,0.9937254368897315,0.9937254368897315
195,2.4175702074733865,0.004633327636131421,0.05433387556611462,-0.04506722029385177,17418239.568492047,0.8827629892776582,0.011201394854574416,1.2557997968009544,-1.041622845742642,0.10708847552915625,1.044933021882638,204259343.52559927,-169422864.38861516,0.9938045556285271,0.9938045556285271
196,2.4273069098099826,0.004592172394710128,0.05405310348726752,-0.044868758697847275,35162935.411326945,0.8867823752019244,0.011146611784718548,1.3929830565074435,-1.1562966157409396,0.11834322038325183,1.0457993269166306,413892516.0767043,-343566645.2540505,0.9938828581949687,0.9938828581949687
197,2.4370436121465784,0.004555316012923093,0.053777612310709655,-0.04466698028486346,72102646.13864587,0.8907856703165797,0.011101503790603245,1.545113332940987,-1.2833508929627673,0.1308812199891098,1.0466444820244643,851205084.2620318,-706999791.9847399,0.9939603638885777,0.9939603638885777
198,2.446780314483174,0.004522484400878293,0.05350717704867865,-0.044462208246922055,150182271.8704876,0.8947730029407867,0.011065525804626239,1.7133501762595678,-1.423721761053637,0.1448142076029653,1.0474687604629875,1776861719.8516743,-1476497176.1106987,0.9940370903141863,0.9940370903141863
199,2.45651701681977,0.00449341727705755,0.053241588940186636,-0.044254754386071536,317766558.3946797,0.898744499864844,0.011038156004763827,1.8994397579217797,-1.5788266584681099,0.16030654972683497,1.0482724220459403,3765151428.8176947,-3129618312.0283356,0.9941130535308037,0.9941130535308037
