standardized_moneyness,7,14,21,49
-0.9168336118313497,,,,172.36
-0.9157656984046919,,,,171.93
-0.9149560499435226,,,,171.72
-0.9138614779388108,,,,171.27
-0.9135556344020018,,,,161.94
-0.9134433198383843,,,,161.88
-0.9134411043699232,,,,161.88
-0.9134388888699271,,,,161.88
-0.9134379393602751,,,,161.88
-0.9134252786780768,,,,161.88
-0.9123453436311182,,,,170.61
-0.8563400872774886,,,,162.4
-0.8539708895246997,,,,161.87
-0.8294007911119051,,,204.95,
-0.825951192537735,,,190.82,
-0.8259344116089232,,,190.81999999999996,
-0.7670759743599727,,,191.89,
-0.7655801958050016,,,195.0,
-0.7641567112082036,,,193.73,
-0.7616099986954273,,,190.43,
-0.7265428897166397,,,,145.26
-0.7262331411524539,,,,139.065
-0.7261890048722863,,,,142.55
-0.7039979279201598,,,174.69999999999996,
-0.6714112510874256,,,,139.6
-0.6703983304478386,,,,141.4
-0.639851059509369,,,157.99,
-0.6387658252710863,,,160.65999999999997,
-0.6369761596840211,,,162.88,
-0.634190101742421,,,161.81,
-0.6341210107996696,,,161.79,
-0.6273068504557197,,,158.84,
-0.6120236868307017,,,,130.26
-0.610641183959177,,,,129.94
-0.6060730821299801,,,,127.07
-0.6056490225431683,,,,125.48000000000002
-0.6029440708105686,,,,126.35
-0.6000433624246692,,,,128.48
-0.6000401760533566,,,,128.48
-0.5762670173997201,,,148.43,
-0.5734525046008813,,,149.83,
-0.5702840071274574,,,145.07530000000003,
-0.5689580201147093,,,144.68,
-0.5689565954700718,,,144.65,
-0.5689409240001364,,,144.68,
-0.568939499286603,,,144.68,
-0.5688440303988006,,,144.6,
-0.5688062632009141,,,144.6,
-0.5687770442991648,,,144.59,
-0.5687656411459466,,,144.62,
-0.5607577929393428,,,152.74,
-0.5565697092069543,,,146.19,
-0.5563683150101769,,,146.07,
-0.5551797892830439,,,145.71,
-0.5101144786764082,,,138.4,
-0.5098408586229145,,,140.68,
-0.5097473077827076,,,140.27,
-0.5088036222398861,,,143.02,
-0.5082435316572329,,,140.21,
-0.5072814713791887,,,135.96,
-0.5070336284143588,,,135.84,
-0.5054517067616752,,,136.36999999999998,
-0.5052259624581561,,,136.32999999999996,
-0.504896029410801,,,137.52,
-0.5038508031684987,,,141.79,
-0.5018606473501226,,,135.46,
-0.501800369228777,,,143.24,
-0.5009091944455161,,,136.38,
-0.5000316954621432,,,134.89,
-0.4977078016108516,,,138.06,
-0.4913070216773105,,,,120.65
-0.4907251497861149,,,135.9,
-0.4901669544807531,,,,119.79000000000002
-0.48997745573572626,,,,119.47
-0.48894451389087606,,,,119.11
-0.4885612054336079,,,,119.0
-0.4874821156505591,,,,118.76
-0.48730380981741145,,,,117.86
-0.4872823481150817,,,,118.69999999999999
-0.4871898264788623,,,,118.67
-0.48711727327915894,,,,118.67
-0.48664607068351223,,,,116.88000000000001
-0.48660603518700984,,,,119.61
-0.48642656349227276,,,,118.50000000000003
-0.48240349739696164,,,,114.91
-0.48207489359483296,,,,116.55000000000001
-0.4814303464062805,,,,112.80999999999999
-0.48022917186883085,,,,112.43
-0.4784735467246613,,,,111.09
-0.47723009362618146,,,,112.59
-0.47703157814896036,,,,111.42969696969696
-0.4751529448810695,160.42,,,
-0.4731587207631455,167.75,,,
-0.47250194887217156,170.7,,,
-0.4710705636940243,167.41,,,
-0.470844222888535,166.27,,,
-0.4703787983298348,172.44,,,
-0.4689706908152854,165.92,,,
-0.4678083743918909,163.2,,,
-0.46421862950639936,171.06,,,
-0.4641360324412154,171.03,,,
-0.46285381114699253,170.89,,,
-0.46272952878498264,166.84,,,
-0.4625133028309616,170.78,,,
-0.46224738109769037,168.63,,,
-0.46217794486742975,174.27,,,
-0.46217163194583605,166.47,,,
-0.461809842225348,166.24,,,
-0.4613655487678346,166.47,,,
-0.4608837304697445,166.24,,,
-0.4598967746978993,165.6,,,
-0.45939430980452295,164.89,,,
-0.45894124419343346,164.78,,,
-0.4589267094347516,164.79,,,
-0.4463024328997902,,,126.22,
-0.44340480218182193,,,132.25,
-0.4424291166116355,,,126.99,
-0.44036221476820786,154.62,,,
-0.43764670560142577,,,130.04,
-0.43731524074606565,,,131.55,
-0.43459900403789453,158.32,,,
-0.43342521216915303,156.71,,,
-0.4330521135897647,167.53,,,
-0.4324710325903653,161.54,,,
-0.43027167916475234,156.62,,,
-0.42792319982696886,158.78,,,
-0.42762647276119004,,,128.22,
-0.42754749511723106,158.56,,,
-0.42556084806949607,157.89,,,
-0.4213567147732288,151.85,,,
-0.4201564120797958,159.87,,,
-0.40475797440373146,148.77,,,
-0.4043858574967972,155.63,,,
-0.40403530692026096,148.15,,,
-0.4018033913327661,147.59,,,
-0.4017795199803806,145.07,,,
-0.40175373757347516,147.38,,,
-0.40157226627514037,147.43,,,
-0.40137161213113565,147.28,,,
-0.4011957312754618,162.68,,,
-0.4005499588732942,153.79,,,
-0.4000466665605774,,138.46,,
-0.3993833263169584,,137.14,,
-0.3991597292382799,,140.12,,
-0.39806876180379464,148.46,,,
-0.3959178956723819,153.01,,,
-0.39374663301585183,150.51,,,
-0.39374080650027954,154.64,,,
-0.39367476770810156,150.36,,,
-0.3932851480091142,150.14,,,
-0.3931266833994591,152.39,,,
-0.39219135753540085,149.76,,,
-0.3912493256794331,153.6,,,
-0.3912249214410926,149.44,,,
-0.39011370562008985,152.76,,,
-0.38996593665015716,152.67,,,
-0.38654285099623215,,136.35,,
-0.3845147553053185,,,123.41999999999999,
-0.3822847615451714,,,123.51,
-0.3821729689651657,,,123.5,
-0.3820888825194567,,,124.33333333333333,
-0.38185353530090715,,,120.65,
-0.3817747602705744,,,120.62,
-0.3817282048643541,,,120.61,
-0.3814227886688265,,,120.5,
-0.38140038924412306,,,123.23999999999998,
-0.38134124937288205,,,122.49,
-0.37899174710695643,,,119.36,
-0.3789043580114996,,,121.62,
-0.3776971893733978,,,119.2,
-0.37700462633199067,,,119.56000000000002,
-0.3761433120460286,,,121.24,
-0.3760988883646157,,,120.05,
-0.37596921866123423,,,119.30000000000003,
-0.37374178579989475,,,119.45999999999998,
-0.3734108239588948,,,120.7,
-0.37307505547906483,,,118.54,
-0.3724576119935233,,,119.44,
-0.37205095424811635,142.97,,,
-0.3720313438068767,143.39,,,
-0.37124726456918034,141.34,,,
-0.3709286448293277,,,117.87,
-0.37078005048210166,,,119.88,
-0.370608477313291,149.54,,,
-0.3704663482332825,,131.6,,
-0.37027696324315507,142.35,,,
-0.3701594631557658,,,120.04,
-0.3701568940589708,140.48,,,
-0.37008688336207507,,,119.88,
-0.3699775323478544,,,118.57,
-0.3698543659877491,,,117.57,
-0.3697661068103902,,,117.54,
-0.36939264256035914,,,,106.49
-0.3691091393227348,,,118.29,
-0.3690682348227533,,,,106.31948148148147
-0.3688879968821613,,,,101.32578947368421
-0.3685834450663191,149.36,,,
-0.36818833656215344,,,117.99,
-0.3680822182185969,,,119.26000000000002,
-0.367916993339194,,,117.90000000000002,
-0.36789318844629326,,,,103.79
-0.36784526720049393,139.88,,,
-0.3676919590017797,145.56,,,
-0.3676058876765244,139.72,,,
-0.367398067313091,139.57,,,
-0.36738934352622366,,,,106.23
-0.3673413273903472,,,,104.28
-0.3671294777410095,,,,104.56
-0.3666006837618923,,,,102.13
-0.36654312950938184,,,,105.42
-0.3663119757385797,,,,105.06
-0.36597595441712094,,,119.85,
-0.36522662975548237,,131.86,,
-0.364961236757088,,,,104.71
-0.36460584445820987,,,,104.67
-0.36432000915154583,147.64,,,
-0.3639991852900401,144.04,,,
-0.36385873635570404,,,,99.51
-0.36361402491689665,,,,104.39000000000001
-0.3635084880196531,,,,104.41
-0.36327050257271837,,,,104.33
-0.36294058523298645,144.96,,,
-0.3628054025148037,,,,105.03
-0.3627690047976343,,,,103.20000000000002
-0.3626568428938001,148.3,,,
-0.3623559383273842,144.8,,,
-0.3621532445098113,,,,102.86
-0.3619828027062365,144.64,,,
-0.36194750609950194,,,,100.41
-0.3603146194773995,,,,99.61576923076925
-0.36004860514059006,145.41,,,
-0.3599429562999925,,129.68,,
-0.35942633558923415,145.01,,,
-0.3590228009009973,144.8,,,
-0.358680789829013,,,,102.14999999999999
-0.358379723318014,,,,98.07
-0.3582974187265294,,,,103.19000000000001
-0.358194953929453,,,,103.09
-0.35799082789830017,,,,102.44
-0.3579666266011977,147.92,,,
-0.3578462169548595,,,,101.23999999999998
-0.35754544700655155,,,,99.33
-0.35747087990852605,,,,104.33
-0.35688899481268926,144.06,,,
-0.3566506736715932,,,,99.90000000000002
-0.35586942307020697,,,,99.54
-0.35495315839187663,,131.35,,
-0.3532887303209352,,,,98.25
-0.35325595385197045,,,,97.57
-0.3532240608669491,,,,97.57
-0.35321874514249607,,,,97.58
-0.3505264496950672,147.22,,,
-0.3397196258929397,139.36,,,
-0.3382378538071415,138.33,,,
-0.336402690698561,137.67,,,
-0.33627848119768056,132.07,,,
-0.3357531079363246,,125.94000000000001,,
-0.3346507753432133,142.68,,,
-0.3338871430682218,131.42,,,
-0.3338339426118385,131.23,,,
-0.33363950907790846,131.27,,,
-0.33342452249504645,131.12,,,
-0.33292253417820256,131.77,,,
-0.33141359791381086,138.5,,,
-0.32879163546871537,131.83,,,
-0.32863661823372936,139.37,,,
-0.32608866003133813,138.77,,,
-0.3258216305924591,138.61,,,
-0.3256563560366972,135.14,,,
-0.32517790347036696,138.21,,,
-0.3251071378750179,139.96,,,
-0.3247604537928806,134.96,,,
-0.32385672744463145,137.91,,,
-0.32325649332525397,137.2,,,
-0.32306844997463946,134.1,,,
-0.32274652750230853,137.0,,,
-0.322553068184286,134.19,,,
-0.32034773589755816,135.92,,,
-0.3192770664071538,,,109.16000000000001,
-0.3184134724796131,140.33,,,
-0.3181778070726958,,,111.43,
-0.316821070765717,134.81,,,
-0.31350183643638785,,,111.89,
-0.31161727919401144,,,106.79,
-0.3103386139624044,,,106.25,
-0.31025268996278005,,124.67,,
-0.3099925782772077,,,110.77999999999999,
-0.3098570206768526,,,107.27,
-0.3094452385191146,,,109.31,
-0.30917213968938634,,120.78,,
-0.30887226526696,,120.62,,
-0.3080648107301692,,120.33,,
-0.3079522740256737,,,108.79,
-0.307746479214432,,119.13,,
-0.30763160241700355,,120.15,,
-0.3075606074713919,,120.13,,
-0.3074952078186062,,119.06,,
-0.3071484363533483,,120.0,,
-0.3071269298967347,,120.0,,
-0.3071231895421257,,120.0,,
-0.30712225444878416,,120.0,,
-0.30712131935356707,,120.0,,
-0.30712038425647403,,120.0,,
-0.3071194491575056,,120.0,,
-0.3071157087428737,,120.0,,
-0.3071138385243033,,120.0,,
-0.30710822782357383,,120.0,,
-0.3070184474271882,,118.58,,
-0.3061058649245142,,,107.39,
-0.30537989740664195,,,105.64939849624061,
-0.30442475336616687,128.76,,,
-0.3034584273378651,,,109.55,
-0.3032001644788042,126.97,,,
-0.30290276785921494,126.92,,,
-0.30270838395365907,,119.19000000000001,,
-0.3025284181539668,128.07,,,
-0.30240006833639055,126.39,,,
-0.3005470788592318,125.25,,,
-0.300442108593315,,118.71,,
-0.3000758285599169,,121.61,,
-0.2999290189359497,125.67,,,
-0.2998740451310204,125.5,,,
-0.2997640802944328,130.29,,,
-0.29967313047929256,125.53,,,
-0.2995125667181365,,116.89,,
-0.2995030624133301,,118.38,,
-0.2994509776770018,125.37,,,
-0.29933100126662926,,116.76,,
-0.2993224440960103,,116.76,,
-0.2993123491603287,124.80000000000001,,,
-0.29931008346343374,,116.76,,
-0.29929541493215545,129.63,,,
-0.29841545239278683,,117.21,,
-0.2983836764595451,,,109.395,
-0.29714033317062066,131.11,,,
-0.29342898812476026,128.94546925566343,,,
-0.2933412221207377,124.79,,,
-0.2931517263997828,127.56,,,
-0.2927543147368965,128.31,,,
-0.29264928828801356,128.28,,,
-0.2924895653301107,129.7,,,
-0.29233408401547495,130.67,,,
-0.29195001063788306,134.615,,,
-0.2918211114465044,,122.07,,
-0.2917090376986178,,123.41,,
-0.29159465604432827,130.74,,,
-0.2914292437308044,129.52000000000004,,,
-0.29139271717862236,128.08,,,
-0.2909294713514996,130.32,,,
-0.29070576484595956,127.54000000000002,,,
-0.2904981066847637,130.12,,,
-0.2898606379415405,130.13,,,
-0.2897927541559668,126.05000000000001,,,
-0.2895664122257741,125.96,,,
-0.28956425612490627,127.39,,,
-0.2893512923407104,,118.36,,
-0.2890681204798888,129.6,,,
-0.2888673776023905,129.84,,,
-0.2885682813124147,127.12,,,
-0.2884894300971024,127.08,,,
-0.2882171415558827,129.3,,,
-0.28579717501477514,127.96999999999998,,,
-0.2812132530500639,132.96,,,
-0.27338834689972247,,113.53,,
-0.2714851292403933,,112.88,,
-0.27061165292519207,118.78,,,
-0.2701548841451454,123.93,,,
-0.2701408069458849,121.69000000000001,,,
-0.2686541456093726,120.86,,,
-0.26852165547510043,119.28,,,
-0.2682913496619684,119.45,,,
-0.2682358284719885,,113.62,,
-0.26813159902350475,119.37,,,
-0.2675302104945651,121.11,,,
-0.2665280957421294,,110.84000000000002,,
-0.26643883278237945,122.42,,,
-0.2662610856455367,123.96,,,
-0.2659708948036776,118.50000000000001,,,
-0.2659141476502021,118.33,,,
-0.2657067518806766,118.35000000000001,,,
-0.26547743285895714,118.19,,,
-0.2650327151420589,122.17,,,
-0.264588820710701,,110.18999999999998,,
-0.2645515297663272,123.35,,,
-0.2644829456564758,,110.15,,
-0.2641651799318381,125.39,,,
-0.26396806871015993,122.99,,,
-0.26360980061443123,119.74,,,
-0.26240837674456435,120.8,,,
-0.2604386864271704,125.15,,,
-0.25952736597964404,119.7,,,
-0.2594942385526189,119.65,,,
-0.259167273598646,119.58,,,
-0.2591064984258775,121.95,,,
-0.25910318322215375,119.55,,,
-0.2590042690615957,,,104.4,
-0.25856364237280555,119.28,,,
-0.25855116517850274,,,104.25,
-0.2585146560224029,,,104.24,
-0.25848952449801244,119.33,,,
-0.2582571496617904,119.32000000000001,,,
-0.2580601070214673,119.16,,,
-0.2580158180119771,125.58,,,
-0.2579814915643678,119.24,,,
-0.2573676814961974,122.00000000000001,,,
-0.25731668436425115,121.65,,,
-0.2570405522222296,119.85,,,
-0.25701836689300944,119.84000000000002,,,
-0.25668103923263225,121.57,,,
-0.25623575957664685,121.37999999999998,,,
-0.2561420410995644,,,103.57,
-0.25555659496486105,120.02,,,
-0.25551877712943993,120.0,,,
-0.2552717848051811,121.22,,,
-0.2552662206344113,121.25,,,
-0.2551860903183118,120.03,,,
-0.2543964038464058,118.67,,,
-0.25423587731471514,118.64,,,
-0.25417120753699074,118.62,,,
-0.2540864563006163,118.6,,,
-0.2540362684829906,120.30000000000001,,,
-0.25400280739019854,118.63656,,,
-0.253984960640582,120.30000000000001,,,
-0.25393922569799143,120.54,,,
-0.2538812149274794,120.51,,,
-0.2534984134361015,119.25,,,
-0.2533733592558698,122.12,,,
-0.25307508188574274,,,102.36,
-0.2530330530097198,,,100.94,
-0.2530259613330079,118.23,,,
-0.2527096495260447,121.88,,,
-0.2527018232527636,117.49,,,
-0.25268057994958076,118.18666666666668,,,
-0.2526392090568722,119.72000000000001,,,
-0.25256652292531984,119.67,,,
-0.2522995547368213,,,102.2,
-0.25226772892134985,,,102.21,
-0.25193600669362853,,,102.08,
-0.25183018009050717,,,102.07,
-0.25169452566695993,,,102.02,
-0.2516800981454013,121.4,,,
-0.25158711991300786,121.37,,,
-0.2514649921123419,121.37,,,
-0.2505956350367623,,,102.65,
-0.24958521325251257,,,103.66,
-0.24844041689492377,,,101.51,
-0.2479114624765325,123.71,,,
-0.24782253140957808,,,102.13,
-0.2476013024676056,,106.8,,
-0.24750306940037442,,106.77,,
-0.24626008211540415,,107.74999999999999,,
-0.24577105244587763,,,100.14,
-0.24479172408594993,,,99.82,
-0.2446039009526725,,109.15999999999998,,
-0.24412521297039985,,,,93.91
-0.24408078067075506,,,99.6,
-0.24395871678136039,,,101.5,
-0.24386800878177162,,,,92.84
-0.24382618739150702,,,99.79,
-0.24378757006392116,,,99.53,
-0.2436205429439453,,,99.49,
-0.24343575912207596,,,,94.19
-0.24341272752367726,,,99.39,
-0.24328733108029316,,,,91.29
-0.24283587333770737,,,,93.98
-0.24188143062693618,,,,92.23
-0.24156089743864476,,,,89.88
-0.2412769226600491,,108.84,,
-0.24125298882623397,,,,93.05
-0.24104043287079494,,,103.02,
-0.24067217497872714,,,,92.23
-0.24058812697155146,,111.21,,
-0.24025696589499568,,107.28,,
-0.23974817809080629,,,,91.35
-0.2391249362840068,,,,91.4
-0.23803489005869202,,,99.7,
-0.23679855248421722,113.32000000000001,,,
-0.23651508146889325,116.78,,,
-0.23649498750661818,111.29,,,
-0.236463728793816,113.51,,,
-0.23583419503266412,,,,92.57
-0.23570941628087214,,,,90.75
-0.23559653088047827,,109.37,,
-0.23552468592913456,,,,89.26
-0.23489508622874586,,,,88.86
-0.23477987306477857,112.54,,,
-0.23471705409581356,,,,88.6
-0.2346432426138102,111.07,,,
-0.2340794140946535,,,,90.77
-0.23392914389040553,,,,89.84
-0.23389454240226337,116.44,,,
-0.23220680321542367,,,,89.01
-0.23217516670533533,,105.16,,
-0.23201277067140544,110.22,,,
-0.23195425016938392,112.34000000000002,,,
-0.23174037328206085,110.07,,,
-0.23150388804091246,112.18,,,
-0.23118880598998626,,104.85,,
-0.23062357035063852,,104.58,,
-0.22997107499977165,117.72999999999999,,,
-0.2278425624433535,,104.77,,
-0.22630768078313238,117.40000000000002,,,
-0.2256889093855423,117.2,,,
-0.22558839198749758,,,,89.03
-0.2253132203230961,110.71,,,
-0.2248643421540029,116.9,,,
-0.22472641694919107,115.4,,,
-0.2246648526638835,115.45000000000002,,,
-0.2245941594552384,115.35,,,
-0.22405226412106927,115.2,,,
-0.22382622555348164,116.42,,,
-0.22314070694806654,116.37999999999998,,,
-0.2229611921179352,115.99,,,
-0.2227427245134994,115.89,,,
-0.2227289959789022,115.87000000000002,,,
-0.22243260711376509,115.93000000000002,,,
-0.22225744718514956,115.81,,,
-0.22217843572688392,115.76,,,
-0.2221234647192697,115.73,,,
-0.22198372267607439,111.24,,,
-0.22197341246853,115.73,,,
-0.2216124367048722,115.68,,,
-0.2211009464772542,113.82,,,
-0.2210722618070987,115.06,,,
-0.22106078753181946,113.82,,,
-0.22085765434114532,110.68,,,
-0.22032020489689838,113.44,,,
-0.22030871536439867,113.44000000000001,,,
-0.2197845448313014,114.60000000000001,,,
-0.21970518727819696,114.60000000000001,,,
-0.2196706805262552,115.04,,,
-0.21959130701906573,114.59,,,
-0.21957174951981176,114.81000000000002,,,
-0.2195452882990761,114.8,,,
-0.21943252663527185,114.53,,,
-0.2193301011862903,110.54,,,
-0.21888681143323047,110.36000000000001,,,
-0.21872437698619113,110.37,,,
-0.21868981046025965,114.13,,,
-0.218488130381534,114.04000000000002,,,
-0.21822180280248338,113.97,,,
-0.21821834317998431,113.96000000000001,,,
-0.2182137303171606,113.97,,,
-0.21591037826954856,,101.55,,
-0.2150276850833425,115.83,,,
-0.21318308390527646,113.56000000000002,,,
-0.213128398137505,111.73999999999998,,,
-0.2129387025648196,111.65,,,
-0.21281181568161192,111.64,,,
-0.2103736272942443,,103.63,,
-0.2043503613557289,,103.19,,
-0.20298545204324245,104.12,,,
-0.202519693812987,106.3,,,
-0.2023378882537271,106.23,,,
-0.20225617209976804,107.65,,,
-0.20156284435321353,107.56999999999998,,,
-0.20155708231761457,107.56999999999998,,,
-0.20090560052018433,105.31,,,
-0.20076482975252005,103.94,,,
-0.20066673141717023,105.31,,,
-0.20052359328607974,104.05,,,
-0.19799435268856563,102.87,,,
-0.1978308319013909,110.17,,,
-0.19764173950343805,104.7,,,
-0.1975303432228678,102.69,,,
-0.19598017220173622,106.67,,,
-0.19531770075581906,103.7,,,
-0.19499608795780476,109.00000000000001,,,
-0.1945471627147072,108.71,,,
-0.1937363741825587,,,94.19,
-0.1936553733312364,,,94.19,
-0.1926637198169827,108.79,,,
-0.19222703765192647,108.6,,,
-0.1922118122369745,108.59,,,
-0.19146592680533744,,,95.02,
-0.1912330344181381,108.78,,,
-0.19083988684499195,108.04000000000002,,,
-0.1908333141095263,,,95.45875,
-0.19067433318898472,107.96,,,
-0.19041827791119892,107.89,,,
-0.19032898440230073,106.18000000000002,,,
-0.19031488417292675,103.67,,,
-0.19018091492926217,107.77000000000001,,,
-0.19001079208175053,,,96.11,
-0.18963884701121103,107.54,,,
-0.1896200242964239,107.53,,,
-0.18949077630455785,,,94.41,
-0.1889137323999356,109.09,,,
-0.18883480988906115,107.13000000000001,,,
-0.1886262616020437,107.55,,,
-0.18862036932198623,105.45,,,
-0.18860976306755234,103.41000000000001,,,
-0.18859915661983215,108.92,,,
-0.188412923050214,107.47,,,
-0.1883893449315538,107.46,,,
-0.18835633396094467,104.65,,,
-0.18818417499489773,106.98,,,
-0.18776653700129198,106.91,,,
-0.18774647340061829,106.9,,,
-0.1877110653604133,105.13,,,
-0.18740790873651603,,,93.56000000000002,
-0.18730962374771515,102.57000000000001,,,
-0.18720027568944114,,,93.03000000000002,
-0.187130066223665,108.42,,,
-0.18707453394642792,107.9,,,
-0.1870260865742463,104.16,,,
-0.18668684216573078,108.19,,,
-0.1866064347610029,107.3,,,
-0.1864030018133387,106.55000000000001,,,
-0.1863604138404997,104.56,,,
-0.18622434808662788,104.52,,,
-0.18587871669487735,107.49,,,
-0.18584674728172246,107.47,,,
-0.18561462049288827,107.37000000000002,,,
-0.18544283459438496,104.25,,,
-0.1853385536623119,107.65,,,
-0.18523662474658223,107.21,,,
-0.18520936167067265,104.15,,,
-0.1850315277639286,104.08000000000001,,,
-0.18494259049186235,107.12,,,
-0.18492480141155737,107.01,,,
-0.18481805554640438,105.6,,,
-0.18477772425143504,107.03,,,
-0.1843956249977765,105.44,,,
-0.1843778192480122,103.79,,,
-0.18437307095640573,103.79,,,
-0.18431584175335805,,,95.9975,
-0.1839336870066555,105.28,,,
-0.18318478580233916,108.98,,,
-0.18275880400975886,,,93.2,
-0.18261116856271833,104.4,,,
-0.1813608487063803,,,92.65,
-0.1811553230050551,,,91.48,
-0.18051693194304502,,99.83,,
-0.17984078757170374,,,90.37,
-0.1775432906832146,106.65,,,
-0.17672780476740813,,,92.45,
-0.1763064980213129,,,89.92999999999999,
-0.17545622481427817,,95.29,,
-0.1748729778262226,,,95.05,
-0.1747634123220353,,,90.21,
-0.17442147767405988,,97.87,,
-0.17333595298618354,,,91.28,
-0.17297894636664563,,100.94,,
-0.1726505796397441,,,90.13,
-0.17251811803836176,,,90.1,
-0.17003870893779058,,98.08,,
-0.16950596646865318,104.15,,,
-0.16917235160226762,97.6,,,
-0.16911940157608837,,,93.35,
-0.16911318039246095,97.47,,,
-0.16769248046726232,98.61999999999999,,,
-0.16703132797559014,96.71,,,
-0.1669956973864733,104.48999999999998,,,
-0.16688641689122985,95.44,,,
-0.16403445520774734,95.96,,,
-0.16370371874210993,101.19,,,
-0.16355679840482312,95.77,,,
-0.16285035741166282,100.92,,,
-0.1625213549680517,102.81999999999998,,,
-0.1622927407214266,101.44,,,
-0.16092040858096246,100.77,,,
-0.16041742774308237,101.54,,,
-0.15903233957389637,102.72,,,
-0.15858799772982066,105.45000000000002,,,
-0.1585121014226321,105.41,,,
-0.15820118728606208,105.28,,,
-0.15728678905021462,102.80000000000001,,,
-0.15697765219210935,102.65,,,
-0.15682785653698175,101.58000000000001,,,
-0.1560529107473861,101.26,,,
-0.15468675785180466,100.41,,,
-0.15393574287603037,99.92,,,
-0.1536552358600965,99.90000000000002,,,
-0.15354743867850634,,91.11,,
-0.15344871825229642,99.73,,,
-0.15239437084600577,99.44,,,
-0.15223003226266416,100.57999999999998,,,
-0.15132109736425486,100.02,,,
-0.15102106629399148,96.72,,,
-0.15087343504226933,98.66,,,
-0.15076604407204042,99.82,,,
-0.1502935399816449,96.57,,,
-0.14986711293529145,99.39,,,
-0.14907549892479516,,93.86,,
-0.14488283429153784,103.52,,,
-0.14386645017260352,99.31,,,
-0.14265538713035925,,92.74,,
-0.1415828271483771,,93.02,,
-0.13553449919366742,93.55999999999999,,,
-0.13545540042736282,97.81,,,
-0.1353592511612928,90.79,,,
-0.13420793244228016,92.94999999999999,,,
-0.13353318709580286,91.9,,,
-0.13315705543099596,91.26,,,
-0.13300800402993967,90.07,,,
-0.13224996625962074,91.37,,,
-0.13175306301708306,92.46,,,
-0.13145352969017265,,,91.6,
-0.13142483614855802,94.3,,,
-0.13104372471405712,97.01,,,
-0.1309824305823034,92.06999999999998,,,
-0.1309713969853494,92.06999999999998,,,
-0.13093706896466667,92.04,,,
-0.13065746896631236,96.34,,,
-0.13046368384258183,,,91.22,
-0.13034460679241686,96.21,,,
-0.13011752805988647,94.85,,,
-0.12970215432094168,,,87.89,
-0.12922024451110647,,,91.47,
-0.12829535496716754,,,87.5,
-0.1281069690437697,100.37,,,
-0.12805328522769563,,,87.34,
-0.12803675685948468,95.09,,,
-0.12800842334722404,100.26,,,
-0.12795688781187162,,,90.97,
-0.12789507618588195,95.0,,,
-0.12777308134413048,98.21,,,
-0.1276147758681918,,,86.8,
-0.12760903399566223,,,86.16,
-0.12724373291205793,,,91.36,
-0.12714793875254302,97.7,,,
-0.12676785603741583,94.73,,,
-0.1267431671897042,93.93,,,
-0.1266228776276857,,,88.21,
-0.12659756929581453,,,89.55,
-0.12658376428138762,,,89.99,
-0.12656190566366995,,,87.96,
-0.12612438692029354,95.7,,,
-0.1260601264369207,95.62,,,
-0.12395806828230217,92.8,,,
-0.12380914400159097,,,86.42,
-0.12369015199004722,98.36,,,
-0.12341467179773334,87.6,,,
-0.12327804132254729,,,,85.26
-0.12317415433695307,,,87.12,
-0.12301932588683973,,,,83.759
-0.12275938719256896,,,,83.61999999999999
-0.12229286347004216,88.44,,,
-0.12213216593163477,,,,83.45
-0.12201886131613725,,90.96000000000001,,
-0.12193686659817035,,,89.27,
-0.12171206791707309,,90.47,,
-0.12164966559691955,96.21,,,
-0.12163846277325417,98.61,,,
-0.12163721800248217,98.6,,,
-0.12157205146169728,,90.81,,
-0.12156420950298442,,89.98,,
-0.12154508437807018,,,,85.59
-0.12152517832328912,98.65000000000002,,,
-0.12150525802291302,98.54,,,
-0.12148284691441329,98.54,,,
-0.1214691508353218,98.53,,,
-0.12122256929276574,99.87,,,
-0.12120762178230865,95.61,,,
-0.12119717553012875,,,,83.59
-0.12098336557165648,91.52,,,
-0.12080016240050877,92.8,,,
-0.12070641692573315,,,,84.89999999999999
-0.12045978330367385,94.19999999999999,,,
-0.12031010659646045,95.04,,,
-0.1201329421780779,100.55,,,
-0.12010798535042816,94.95,,,
-0.1196873107571632,93.67,,,
-0.11965926557160167,,,88.51,
-0.11942752255718116,96.00000000000001,,,
-0.11924510582275707,93.58,,,
-0.1192446137854001,,,87.07,
-0.11918637114417953,93.48,,,
-0.11901138362923278,93.24,,,
-0.11878257506781438,93.36,,,
-0.11877757283987897,94.58,,,
-0.11873505226477277,94.55,,,
-0.11873255096320628,94.0475,,,
-0.11857119558762261,93.37999999999998,,,
-0.11849738332745266,90.67,,,
-0.11812730287170935,,,87.55,
-0.1181018995262806,93.13,,,
-0.11790155788769881,96.51,,,
-0.11768701747976944,,,87.43,
-0.11764037845571788,,,,83.81
-0.11760796542108923,,87.67,,
-0.11760055609772191,,,87.44999999999999,
-0.11759821912446936,,,87.4,
-0.11752343100139549,,,87.44000000000001,
-0.11732395979670407,94.08,,,
-0.1171271265603473,,,87.24,
-0.11709438132722635,,,87.08,
-0.1169949648187383,,,87.18,
-0.11684698697359941,,,,84.71
-0.11653750841386604,92.3,,,
-0.1164917727318332,,,87.69,
-0.11616387781303412,,,86.94,
-0.11608504534863884,,88.52272727272727,,
-0.11602212297246084,,,86.13,
-0.11589205293121743,,,86.9,
-0.11560837565763153,,,88.45849999999999,
-0.11533017251489734,98.33,,,
-0.11515031529620531,92.58,,,
-0.11510880235829102,92.61,,,
-0.11508867387065067,91.36,,,
-0.1150773513086027,92.6,,,
-0.11305491181292336,,,85.81,
-0.1130278247097095,,,85.86,
-0.11274119131620682,,90.74,,
-0.11257728954742201,,91.78,,
-0.11257571442791242,,,,84.8
-0.11255607722744705,94.68,,,
-0.11140632679188242,,,,84.17
-0.11137844785272297,,92.78,,
-0.11049491675027495,,,86.88,
-0.11031536616830648,,94.42,,
-0.10958813856059846,,,85.67,
-0.10958339972319507,,,85.66,
-0.10821370370913752,,,,81.24
-0.10782619479812287,,,85.59,
-0.10749394259120346,,,,81.73
-0.10739314728067835,,,,81.35
-0.10729716788057969,,,86.07999999999998,
-0.10472396422147932,,,,81.41
-0.10455502387719531,94.97,,,
-0.10375399061847274,96.78,,,
-0.10360189001309414,93.57,,,
-0.10359690248072904,93.57,,,
-0.10295068029238207,87.94,,,
-0.10241248361972646,96.05,,,
-0.10154615072031799,87.02,,,
-0.10113560815941777,,,,82.75
-0.10075252254653719,86.72999999999999,,,
-0.10075001739447847,87.42,,,
-0.0998751065483165,88.97,,,
-0.09928278288640191,85.90999999999998,,,
-0.0991295911686495,83.58,,,
-0.09712208728147317,93.89,,,
-0.09672132743019093,88.83,,,
-0.09494002259860788,90.16,,,
-0.09474909458944893,83.51,,,
-0.09281505709803131,92.67,,,
-0.09262840570245583,,84.41285714285715,,
-0.09026528066363917,93.19,,,
-0.08986013075157948,94.05,,,
-0.08841961810751703,85.71,,,
-0.08721240765597205,,84.35,,
-0.08676453140069057,88.14,,,
-0.08539139086463268,89.93,,,
-0.08509226443840713,89.71,,,
-0.08492402403606267,89.41,,,
-0.08476216288104457,89.27,,,
-0.0846979208080526,88.15,,,
-0.08464523745008083,89.33,,,
-0.08349153171155321,89.74,,,
-0.08231379935430133,90.1,,,
-0.0822634973785256,87.87,,,
-0.08220158178546273,88.08,,,
-0.08193192060848924,92.01,,,
-0.08175251317798533,90.87,,,
-0.0807331894505662,90.29,,,
-0.0807008647606087,91.31,,,
-0.08041245581662126,91.66,,,
-0.07998057774844648,,88.06,,
-0.07973812938712077,87.58000000000001,,,
-0.07967208205178239,93.61999999999999,,,
-0.0796656064539019,87.6,,,
-0.07638308483303743,88.91,,,
-0.07179346761431624,,85.83,,
-0.06991605842595436,80.95,,,
-0.06984435009354562,91.18,,,
-0.06861136106442553,,,88.43999999999998,
-0.0684177122531341,,,88.44,
-0.0680541690854453,92.99,,,
-0.06767009217506506,85.32999999999998,,,
-0.06716749107309647,82.53,,,
-0.0671501678829225,,90.6,,
-0.06664776627974049,82.23,,,
-0.06551880456331066,,,83.37,
-0.06513250903894623,80.17000000000002,,,
-0.06439387316268301,,83.69,,
-0.06417679997909584,,,83.79,
-0.0637843364580429,84.25999999999999,,,
-0.06349341212154257,84.67,,,
-0.06344038509502796,85.12,,,
-0.06337307930298822,,,84.68,
-0.06328127783786357,81.66999999999999,,,
-0.06325661508962892,,,82.63,
-0.06314134202024946,,,86.53,
-0.06306777958533012,81.72,,,
-0.06295913910112576,,83.69,,
-0.06277005796241944,86.24,,,
-0.06252919122398137,84.11,,,
-0.062339313514647256,,83.98999999999998,,
-0.062192844793905404,,,84.11,
-0.06114790465856706,,,83.77,
-0.06113572945269911,,,85.87,
-0.06075562124092636,,83.95,,
-0.06044049629416604,,81.16,,
-0.06024094809255954,,81.76,,
-0.06012874636675444,,84.36,,
-0.05974737479486062,,,83.05,
-0.05958871286503851,,,83.55,
-0.058880096293538346,,84.53,,
-0.05861386502801541,,,83.66,
-0.058048563654688023,,84.83,,
-0.058006007521324725,88.87,,,
-0.055841131072435,89.65,,,
-0.05578616383275735,88.61,,,
-0.055758678465452405,89.61,,,
-0.05385411961517511,87.3,,,
-0.0537976709806294,85.19,,,
-0.053502842782127885,,,83.03,
-0.05329072621760229,86.00128000000001,,,
-0.05270711879829792,83.37,,,
-0.05218879373132164,85.07,,,
-0.0520387443934532,86.19,,,
-0.051092751529104516,,,83.15,
-0.05037271607715655,87.69,,,
-0.05031728426892575,86.12,,,
-0.05000836350149561,85.74,,,
-0.04983271499868011,86.84000000000002,,,
-0.04948127584571548,85.81,,,
-0.04941702948263491,,,82.9,
-0.04900930940099768,87.31,,,
-0.04889180457641729,,,81.78,
-0.04877563157935466,,86.3,,
-0.04868411792911817,,89.06,,
-0.048255040447846696,86.72,,,
-0.04814248695337916,86.66,,,
-0.04740444956019071,87.23,,,
-0.04644786746476676,85.64,,,
-0.04643724565122366,86.60999999999999,,,
-0.04635624864203029,86.56,,,
-0.046157032940789815,86.43,,,
-0.04526113995167266,84.95,,,
-0.045235867001216935,84.86,,,
-0.04522123484645171,84.86,,,
-0.045050118163163566,,,80.26999999999998,
-0.04384394883470425,,,83.28,
-0.042962854595621096,,,82.93,
-0.038773333401207824,,,82.43,
-0.0386033617321433,88.71,,,
-0.03693960539925054,,,83.78,
-0.035133269273672364,78.35,,,
-0.03437998305425406,81.17,,,
-0.034113756542881166,77.9,,,
-0.03373663802216878,95.14,,,
-0.03280874739862618,80.79,,,
-0.03254056444360499,77.5,,,
-0.03109899177988247,,80.02,,
-0.031008646078595322,77.49,,,
-0.030865753903104743,,82.76,,
-0.030604614042668156,,82.46,,
-0.03051875175841774,,82.42,,
-0.02851799607920992,85.04,,,
-0.028182894448493225,80.62,,,
-0.027733166331975704,79.72,,,
-0.027637326797777174,82.57,,,
-0.02708997720088433,81.35,,,
-0.0260102376424795,,83.34999999999998,,
-0.024444948239895726,,85.41,,
-0.024172471089025295,,86.94,,
-0.023916989161367135,,86.23,,
-0.023785647962338768,80.4,,,
-0.023669961944018242,,84.84,,
-0.02357087827095731,,84.77999999999999,,
-0.022029303021869104,87.93,,,
-0.021778209387475166,88.66,,,
-0.021767465299989897,85.37,,,
-0.021641209276378998,84.98,,,
-0.020261578907777307,92.74,,,
-0.019990965335666428,79.15,,,
-0.01945614676385436,87.14,,,
-0.01911913892034285,81.89,,,
-0.0188939227431571,79.24,,,
-0.018318444066259532,,80.91,,
-0.01773157004647824,77.37,,,
-0.017313184288567235,,82.25,,
-0.015910401033805026,84.94,,,
-0.015898824809318708,,84.51,,
-0.015305856200936174,83.82,,,
-0.0149640329836038,85.26,,,
-0.014563660711304547,85.03,,,
-0.013056385942396232,85.68,,,
-0.012385319710978131,,84.54,,
-0.011697068671887075,87.23,,,
-0.010577253541442004,,84.835,,
-0.010549760816881542,,84.77,,
-0.010085948150465353,,82.19,,
-0.006987683526268376,86.05999999999999,,,
-0.0034660045317743524,90.18,,,
-0.002333229672615347,,78.29,,
-0.0021442760370546593,,80.90999999999998,,
-0.0014447690858601177,,81.14,,
-0.0013323803079143546,90.5,,,
-0.0006584105862912462,78.85,,,
-0.00042094058431169524,,,82.13,
-5.139801982253056e-05,79.14,,,
1.6231765185746618e-05,73.93,,,
2.5520479785833516e-05,,,78.37,
9.060232404992975e-05,,,77.85,
0.00011156185018483146,,80.68,,
0.00013351118468497803,,,,81.65
0.00013933533084402896,76.14,,,
0.0003152494884174967,,,79.69,
0.0003663067088044323,,,,81.02999999999999
0.000395718754083545,,,,80.44999999999999
0.00042760273396462,,,78.06000000000002,
0.0004301564467089865,,,79.15,
0.0004704807258357965,,,,81.08999999999999
0.0005565780004058314,,,78.06,
0.0005656361383271961,72.64,,,
0.0006727514593509842,,,,81.32
0.0006834237168303673,73.1,,,
0.0007928874322213539,,,81.61,
0.0009556320683679675,73.34,,,
0.000992205712324735,74.66,,,
0.0009976241980398561,75.08,,,
0.0010233625976033688,75.05,,,
0.0011127772756243624,75.62,,,
0.0011181967266682667,75.11,,,
0.0011412298776986658,89.55,,,
0.0011698862131936999,,,83.86,
0.0011947549118951713,,78.59,,
0.0012816908681739997,,79.21000000000001,,
0.0012916271818138904,,77.89,,
0.001412266988788205,73.4,,,
0.001451810799467203,,,,80.15
0.0014597096416589317,74.48,,,
0.0015057999737154515,71.63769230769232,,,
0.0015288463163752825,74.91,,,
0.0015377519784580851,,,,81.95
0.0017133549776018231,,,,82.17
0.0020217028624593333,,,,80.1
0.0020347076932440648,88.33,,,
0.002202361076466646,,,,80.23
0.002285744323363996,87.58,,,
0.002429795686211913,,,,80.77
0.0025249646860275865,,79.54,,
0.0026120871707331194,,80.47000000000001,,
0.0026481843524405065,,80.5,,
0.0031372256544128915,,,,79.68
0.0035735987673929954,75.49,,,
0.0037099179755562565,,,,81.05
0.003885061619670754,79.54,,,
0.003966262986694513,,,,79.99
0.004058721327027115,,,,80.37
0.004177393291930662,,80.55,,
0.004191341438727531,,,80.06,
0.004311004325316214,75.84,,,
0.004327339721350397,73.65,,,
0.004408956383989835,,,,80.905
0.004475572964716199,,,,81.86428571428571
0.004508416700574085,73.76,,,
0.004513819079237647,,,,80.22
0.004576503252614393,76.86,,,
0.004622401663199047,,,,80.79
0.0046445966366890756,80.07,,,
0.004657994812697696,,77.93,,
0.0047562845792614656,79.32,,,
0.0048507344327014005,,,,80.29999999999998
0.004885300296239931,,,,79.98
0.004896411165107471,,,,80.83
0.0049960671176867396,80.27,,,
0.005005605674886647,89.05,,,
0.005030247978740649,,77.6,,
0.005097676101365651,,,,80.8
0.005100998619268183,76.79,,,
0.005102361472737138,76.76027777777779,,,
0.0051173530414735085,76.79,,,
0.005129636935371826,,,80.87999999999998,
0.005293187966400658,79.63,,,
0.005365443422623711,79.64,,,
0.005445887786841136,76.98,,,
0.005464977679135178,76.99,,,
0.005466730540394052,,,78.93,
0.005522763729532484,,80.77,,
0.005694098254499369,86.29999999999998,,,
0.005811895387179876,,,,81.55
0.005936783563198624,,,,81.27
0.006058395421298868,77.41,,,
0.006070597026698288,,,81.28,
0.006092496266002556,,,79.83,
0.006112411799765454,,,,79.81
0.006151756782352873,,,79.9,
0.006253543061859351,,,79.13,
0.006394213001578454,78.35000000000001,,,
0.006418791537444027,74.48,,,
0.006549226025206113,,,,80.41999999999999
0.006675502042315193,,,,80.09
0.006723366036779798,80.42999999999999,,,
0.006793041269806019,75.5,,,
0.006793351830037155,,81.8,,
0.006815426305857679,,,,79.95
0.006932413165750607,75.52,,,
0.006944712058014273,80.61,,,
0.006952911443144131,73.66,,,
0.006954143683109729,,,,81.31
0.006996169764100152,,,79.41,
0.007180670463327733,,,79.52000000000001,
0.007256358234043029,86.52,,,
0.007341192217914798,,81.21,,
0.007397192616451813,88.79,,,
0.007431380118454102,88.78,,,
0.007610550732416609,77.36235294117647,,,
0.007625597741544875,71.61,,,
0.007626965667973181,78.37,,,
0.0076519198333191195,,,,81.14
0.007668004740204778,71.69,,,
0.007892075173818293,,,81.11999999999999,
0.007911554179369713,77.57,,,
0.00793481908143911,77.68,,,
0.008144239009685776,80.47,,,
0.008260611273340145,80.41,,,
0.00826244819071907,,82.32,,
0.008390216241349164,,,,80.04
0.00901007491883481,,,,81.18
0.0090287175931915,,,,81.15
0.009031909194740914,80.02,,,
0.009057954037785566,80.03,,,
0.00932583356059207,,,,80.88
0.009467604561646872,,,,79.93
0.009720137094324554,,,,81.35
0.009885052999862835,77.07,,,
0.010160657094581823,,,79.5,
0.01041980595332231,,,,82.05
0.010499533851578074,,,,79.98
0.010863423034053965,,,,81.75
0.010867162734214312,,,,81.75
0.010894587893768008,,,,81.57
0.010928584536952895,,,85.37,
0.010997379523943803,,,81.37,
0.011093445206840764,,,80.93,
0.01121289821811097,,,82.98,
0.011236906586881966,85.22,,,
0.01130120382599982,,,81.51,
0.011460963869641622,,,83.01,
0.011544421526524367,,,,79.53
0.011565636826448759,,,,81.39
0.011752010877554234,,,79.49,
0.011776703954859963,,,82.21999999999998,
0.011805099986683594,81.98,,,
0.011866386779324748,,,81.92,
0.011886450974606411,,,,78.74499999999999
0.01196477458574278,81.15,,,
0.011973861113131966,,,,81.86
0.012096947346691665,81.24,,,
0.012107497636680136,,,,81.55
0.012202434579898442,,,,79.68
0.012346217731727628,81.43,,,
0.012365502108079606,81.41,,,
0.012547353020543255,81.53999999999999,,,
0.012625941976809031,,,81.31,
0.012653909161564433,,84.87,,
0.012737521698507875,85.11,,,
0.012908443098707183,79.09,,,
0.012939649772366358,,,80.1,
0.0129852216980964,,,76.28,
0.013071284447785936,,,,79.56
0.013261448491459785,82.53,,,
0.013559438785279961,80.89,,,
0.013668309675220541,,,,78.75
0.013712623268701844,77.36,,,
0.013765072696872918,68.97,,,
0.013832641112813054,,74.37,,
0.01404809303052795,73.15,,,
0.014114263696062763,,,,80.17
0.014240366019927998,,,75.94,
0.01459010381341539,,,81.35,
0.015266962556405372,,,,81.24
0.015338528133230698,,,,82.17
0.015615614264269133,,,81.35,
0.01569798702769629,,,81.28,
0.01577082955319495,71.45,,,
0.015935229342255046,,,,76.94
0.01629154563318049,79.75,,,
0.016392688048587397,80.46,,,
0.01651601888486786,84.16999999999999,,,
0.01652294824278914,83.15,,,
0.01664013676952016,,,81.21,
0.016994309186574463,85.73,,,
0.01714672648143298,,,,80.5
0.017363382858540475,,,81.4,
0.01748052358868708,,,,77.66
0.017904676338651525,79.43,,,
0.018208193532380103,,,81.21,
0.0183422493237829,86.63,,,
0.018409801603134927,,,,78.88000000000001
0.018418679609642854,84.99,,,
0.0188051303968041,71.43,,,
0.018916379625967136,82.15,,,
0.018956711928878718,78.33,,,
0.019098589219449905,78.41,,,
0.019114305154995927,,,,80.35999999999999
0.01914449698021573,78.74,,,
0.019292057092672864,,,79.9,
0.01930311107198477,80.41,,,
0.019323614843826033,,,79.34,
0.01937964853240912,78.77,,,
0.019473176398447863,,,,79.13
0.019490633544805427,,,79.41,
0.019596783071186057,79.66,,,
0.020156638950404076,81.01,,,
0.020364263780272666,79.1,,,
0.020369835160154726,,,79.27,
0.020450676509573548,85.18,,,
0.020662289178415248,,,82.45,
0.020956827454852757,82.77,,,
0.020997279853356587,82.77,,,
0.02129167767539839,82.95,,,
0.02192509449356392,,,,80.34
0.021987888899460024,,,78.85,
0.02208032020093712,,,78.33,
0.022283232816312504,85.37,,,
0.022818708457442445,82.81,,,
0.022910603305622942,,,,80.57
0.02377674805187187,,,,78.84
0.024709550237693834,,,80.07,
0.025128668400794245,,,81.77,
0.025779021739893986,81.24,,,
0.02682771041426011,81.97,,,
0.02706409640282345,81.42000000000002,,,
0.027262345472229107,,,,80.03
0.027445580308344653,85.15,,,
0.028778909882552127,85.1,,,
0.029451542538308263,,83.99,,
0.029695877626613503,,79.87,,
0.029898579175546967,,83.77,,
0.0312072368500836,73.78,,,
0.03160376473434021,75.89,,,
0.03185119163465545,76.02,,,
0.03273657044211388,71.69,,,
0.03307612557429602,,78.54,,
0.03372149971497052,76.11,,,
0.03383102275669734,73.58,,,
0.0338324092352251,73.59,,,
0.0338837108902279,72.43,,,
0.034256801954648856,72.51,,,
0.03450101482554936,72.67,,,
0.03480223661260416,74.55,,,
0.034825840158747644,74.56,,,
0.03484389047122279,75.02,,,
0.034874438223822954,74.58,,,
0.034879992505178106,74.59,,,
0.035474557658419975,74.4,,,
0.035633009089758784,74.05,,,
0.03564586725228665,,83.08,,
0.035969490830962056,75.39,,,
0.03612715108336702,85.31,,,
0.03655246283575779,76.06,,,
0.0376306492766726,74.44,,,
0.04044256757721288,,81.15,,
0.040681157233676164,,80.0,,
0.040820652464440256,75.25,,,
0.04130319800359748,,80.83,,
0.04134743644964462,79.96,,,
0.04169510775948111,81.0,,,
0.04247659882397086,87.03,,,
0.04375102886524957,85.46,,,
0.04490803796490513,84.45,,,
0.04513129868720736,,80.59,,
0.04516507092347916,,74.81,,
0.04672906512994066,73.3,,,
0.04825045279545713,82.39,,,
0.04832689214551574,87.96999999999998,,,
0.04847130034673729,73.08,,,
0.049874457643494165,72.74,,,
0.05026614200391635,73.11,,,
0.05066364909548893,,83.42,,
0.05072622463049551,73.22,,,
0.05106864234572501,74.46,,,
0.05182545185396756,,85.19,,
0.05182938927793758,,85.22,,
0.052714861026904786,80.14,,,
0.05289437126055215,77.71,,,
0.05397810467644122,74.84,,,
0.05647515594521677,,84.86,,
0.0570426108280659,,86.68,,
0.058084473139405304,,87.04,,
0.06044518997019877,86.905,,,
0.06093935713735527,87.14,,,
0.06112962436987876,87.29000000000002,,,
0.062461463507782256,,,79.33,
0.06536416928873531,74.32,,,
0.06555064503364713,,,78.75,
0.06590537056405699,,,78.68,
0.06631821945098929,85.47,,,
0.06640928097397313,,79.36,,
0.06679975700613038,71.8,,,
0.06742279546343186,75.93,,,
0.0675108313074601,72.03,,,
0.06751935148455593,74.56,,,
0.0678659253225584,89.88,,,
0.06839605583632465,73.65,,,
0.06932224560274718,75.77,,,
0.07026247313780123,73.77,,,
0.07092565313950622,79.2,,,
0.07335974765101862,76.31,,,
0.07402725169810613,78.96,,,
0.07471546318872634,78.25,,,
0.07492205208858264,,,83.43,
0.07541151826695174,91.63,,,
0.07606944740893312,77.86,,,
0.07695605321215597,,,79.66,
0.07720285025537038,94.06,,,
0.07858520423124785,,,79.33,
0.0787523077610162,,,77.22,
0.07982988203200016,,,79.1,
0.07997920960236873,85.43,,,
0.08071078593518477,85.87,,,
0.08075418348938254,81.86,,,
0.08111593199672551,89.99,,,
0.08119264613943619,76.99999999999999,,,
0.08191821768657531,78.6,,,
0.08197473011210998,83.27,,,
0.08231824753950352,82.69,,,
0.08320751815436854,82.68,,,
0.0852760997411463,86.16,,,
0.08542897191872774,88.28,,,
0.08580328195604073,79.43,,,
0.08654665350428531,86.95,,,
0.08954834077289679,89.07999999999998,,,
0.09152950925875111,90.07,,,
0.09305685328918507,82.01,,,
0.09857117079845816,86.32,,,
0.09873726516107513,88.43666666666667,,,
0.10133245192553075,77.85,,,
0.10140224000141074,80.56,,,
0.1029873591109927,80.72,,,
0.10342172233892173,78.64,,,
0.103962852381163,77.8,,,
0.10414088599909141,76.77,,,
0.10444743926039413,79.83,,,
0.10607725460582124,82.94,,,
0.10608018131730029,80.84,,,
0.10667566400239452,,84.01,,
0.10799090054650011,81.07,,,
0.10920087056396123,90.28999999999999,,,
0.10937136713694863,90.39,,,
0.10975218839954977,90.52,,,
0.11091174381599347,,83.58999999999999,,
0.11135852319962684,84.84,,,
0.11229066420195516,85.3,,,
0.11229656760871028,85.31,,,
0.11230542280805605,85.32,,,
0.11250026428239777,84.26,,,
0.11294327862630713,85.49,,,
0.1132018274044502,85.55000000000001,,,
0.1133563216502164,,83.02,,
0.1142290756148408,,83.32,,
0.11477873122796046,86.3,,,
0.1148557401576611,85.7,,,
0.11597382961838573,,83.92,,
0.11629931633002633,,87.46,,
0.11654901503554643,81.93,,,
0.1171757152649355,81.06,,,
0.11981012666011795,92.68,,,
0.12005171407490792,86.5,,,
0.1206500586126384,86.48999999999998,,,
0.12083909599132842,,,,79.75
0.12106814365608844,82.92,,,
0.121372854176135,,,,83.39
0.12154325668226143,86.49,,,
0.12188415301409687,,,,83.12
0.12205512107779774,,,,79.73
0.12294027156543724,,,,83.03
0.12381397798495734,87.68,,,
0.12384011736722594,,80.99,,
0.12426140079573585,,,,79.81
0.12469480902197723,,,80.17,
0.12519950161494878,,,,80.19
0.12533529152349787,,,80.33,
0.12544162912936963,,,81.36666666666666,
0.1255968143224376,,79.83,,
0.12568128615499535,91.46,,,
0.1260127701576815,,,80.53,
0.12606712582598148,,82.33,,
0.12661030109357765,,81.69,,
0.12720554655186941,,,80.29,
0.12744266147359273,,,80.92,
0.12769572763182072,,,,81.01
0.12792249778556294,,,,81.02999999999999
0.12856511845723645,96.74,,,
0.12872143493811905,96.87,,,
0.12884172561204574,,,81.25,
0.12928337452849326,,,79.61,
0.12932488998525282,97.12000000000002,,,
0.13011916895865133,,82.57,,
0.1301534120778111,99.46,,,
0.13035144927202502,97.46,,,
0.13069316177582407,,,84.91,
0.13116484295264863,97.8,,,
0.13148167712264347,,,79.0,
0.13150708229001484,,,79.0,
0.1321658008544183,84.23,,,
0.13250283993589987,,,85.38999999999997,
0.1327049882083888,,,85.42,
0.1334278246034146,,,80.07,
0.1342876681445598,98.9,,,
0.13465168700908253,,,79.3,
0.13479347500163757,,,81.88,
0.13514555236650558,81.63,,,
0.13588826473898433,100.49,,,
0.13593442965244537,83.28,,,
0.13597851832177535,,,82.17,
0.13603107528794364,,,84.0,
0.13607653311670084,,,82.18999999999998,
0.136935098962402,,,81.21,
0.13715234097914988,,78.68999999999998,,
0.13763111298990027,82.67,,,
0.13780325391301684,,,84.71,
0.13783712492575736,82.64,,,
0.13801929886038158,81.54,,,
0.13877656968422364,,,81.04,
0.13898337582016798,,,82.21,
0.13909892832927118,,,81.13,
0.13939450495869293,95.62,,,
0.13942891762240606,85.02,,,
0.13946931712278335,85.03,,,
0.13984262481670304,,,81.21,
0.1400546070755378,86.98,,,
0.14064635107492973,90.71,,,
0.14064934844086485,87.15,,,
0.14067482653714905,89.39,,,
0.1407198359902904,,88.3655,,
0.1407296162084544,,88.36999999999999,,
0.14130231081754402,,,82.59,
0.142298223001356,88.71999999999998,,,
0.14235530108520755,86.58,,,
0.142901261572541,,,78.08,
0.14308418068819043,98.71,,,
0.14501123917295522,88.79,,,
0.1457229884439148,,87.51,,
0.14575817213480527,,87.51,,
0.14644725268995,,,81.12,
0.14668625917749326,,87.73999999999998,,
0.1468134997028715,,,82.89,
0.14702186376585882,99.65,,,
0.14729956281328374,,87.96,,
0.1474857760880478,,88.03,,
0.14769885412267245,,88.1,,
0.14776236686263702,,88.11,,
0.1477793045755629,,88.12,,
0.1478089465684566,,88.15,,
0.1478964684149612,,89.58,,
0.14797694179197582,,88.12,,
0.1482411268346411,85.62000000000002,,,
0.14826535063734603,95.21,,,
0.14968483201269941,,,,78.13
0.14975206772649186,86.13999999999999,,,
0.1498979971934271,,,,77.82
0.15060663185482115,91.59000000000002,,,
0.15062941328912574,84.83999999999999,,,
0.15217151138937351,,,83.64,
0.15242067427458375,94.04,,,
0.15335601308137314,89.71,,,
0.15425741347954183,92.44,,,
0.1543001461937751,91.33,,,
0.1546115577101094,91.32,,,
0.15491240572075513,91.31,,,
0.1551782292473541,91.79,,,
0.15623634089386926,85.65666666666665,,,
0.1562378710315207,89.44,,,
0.15663275026095147,90.94,,,
0.15814990461336065,91.14999999999999,,,
0.15824808825041664,94.61,,,
0.1587334224691259,,,,80.34
0.15904188081181417,,83.08,,
0.1591574912865676,,,85.02,
0.15975773246109956,91.99,,,
0.16031135818439382,95.25,,,
0.1613058256919514,96.9,,,
0.1617110686096975,87.08,,,
0.16455057251243901,,83.74,,
0.16763916266142453,85.04,,,
0.16895865280748035,87.13,,,
0.16922481817481155,97.59000000000002,,,
0.1693166626810665,100.25,,,
0.17032158758251711,88.82,,,
0.17125496735105364,87.85,,,
0.17134043178700212,87.91,,,
0.17134501050945913,87.96,,,
0.1717113974703514,86.56,,,
0.17189771172167176,85.41999999999999,,,
0.17353630709654413,97.91,,,
0.17377866723355856,,87.09,,
0.17961078908374284,,91.21,,
0.18092712744491068,93.67,,,
0.18148061560522294,88.52999999999999,,,
0.18158579258881297,101.68000000000002,,,
0.18211189390546645,104.3,,,
0.18383662867586423,99.76,,,
0.18477267372362643,93.34,,,
0.18538179257139056,96.19,,,
0.1875829876295041,95.2,,,
0.1883316439923413,96.78000000000002,,,
0.1884705373509541,92.23,,,
0.1884799018490467,90.61,,,
0.1885485783126426,95.53999999999999,,,
0.18917475282887214,95.52,,,
0.18923139991201632,,84.92999999999999,,
0.1899437222745683,94.62,,,
0.19033788180103012,94.83999999999999,,,
0.19053034235124572,94.74,,,
0.19248583124176394,96.54,,,
0.1927067424582606,,89.01,,
0.1957118816470908,,,86.48999999999998,
0.19922435216267154,,,83.36,
0.20026621601729927,,,84.06,
0.20134997310036176,90.36,,,
0.20277175324845517,90.85,,,
0.20291796328791256,94.48,,,
0.20308452597904456,,,83.69,
0.20359648859284668,92.85,,,
0.20465280331928962,93.47,,,
0.2046893509649927,,89.74999999999999,,
0.20558567001494546,93.43,,,
0.20577612458296196,92.18999999999998,,,
0.2066947064781127,94.08,,,
0.20700895991896587,93.68,,,
0.2071778648331714,92.61,,,
0.20750483104328316,92.63,,,
0.2075658590533708,95.32,,,
0.2079697031095727,92.2,,,
0.20841135326199237,104.5,,,
0.2089699162522354,,,84.42,
0.20952441708125313,91.60999999999999,,,
0.2103123586043486,94.63931818181817,,,
0.21061079087892798,96.07,,,
0.21068502864921043,,,84.14,
0.21098634914921832,96.16,,,
0.21108970006703562,,93.23,,
0.211390275037476,,,84.23,
0.21142027281880857,96.39,,,
0.21164676339773691,98.41000000000001,,,
0.21238750087874156,,,84.44,
0.21284205149357027,,,84.16,
0.2131426175118259,98.7,,,
0.21336014800900632,98.84,,,
0.21553403919972097,96.47,,,
0.21589062162878478,,,87.61,
0.21685204156162,109.8,,,
0.21804537306749994,103.78,,,
0.21848963472595992,,87.27,,
0.21888162665376756,104.94,,,
0.2192008118926678,94.37,,,
0.22053294269011142,104.02,,,
0.22089736657621953,94.85,,,
0.22143396565489581,95.03,,,
0.22180996217763504,99.20000000000002,,,
0.22230093977903737,97.38,,,
0.22250028753642562,98.48,,,
0.2227970104315098,101.06000000000002,,,
0.22343709993698888,101.03000000000002,,,
0.22422315759258946,99.99,,,
0.22482281367097073,100.09,,,
0.22635841072296164,100.65,,,
0.2265171045626071,100.68999999999998,,,
0.2267447817274405,98.08,,,
0.22682175787016723,102.0,,,
0.22709152845390787,,89.61,,
0.22792108973903993,99.56250000000001,,,
0.22969930313821554,107.03,,,
0.23394024856353027,110.12,,,
0.23652923747945273,98.44,,,
0.23658485368943,96.52,,,
0.2374576691780653,,91.71,,
0.23751854331648106,110.29,,,
0.2394599425595398,95.42,,,
0.2396545374442521,94.16,,,
0.24059468562876496,94.82,,,
0.24229928331393683,,95.98,,
0.2427613719000208,,,,81.75
0.2428067981576667,,,,79.75
0.24284343428498412,,,,81.77
0.24348431456207154,95.19,,,
0.2434955350667079,99.98,,,
0.24372618490907313,,,,81.8086
0.24461881224459975,,,,80.92
0.2458096905288644,,,,81.61
0.24616585839872737,,,,82.67914285714285
0.24622032902306173,,,,82.23
0.24705879414957957,99.2,,,
0.24731353818347868,,,,83.36
0.24775757304944931,,90.67,,
0.24900330728528114,,89.28,,
0.24909655992405252,98.53,,,
0.24957850700478296,,90.17,,
0.24959550622513665,100.58,,,
0.24961650430754262,100.59,,,
0.2500699626680374,,,,82.36
0.2505280282498395,102.52,,,
0.25053934800632593,110.31,,,
0.25122530004343996,108.97,,,
0.2514935670568568,,,,82.02
0.2515261895555276,,,,82.03
0.2518465597665434,,,,80.96
0.2520976240350752,,89.97,,
0.2521507434624554,,,,80.01
0.2534326581423667,,,,80.42
0.2536438005630194,,,,80.42
0.25373303379951284,,,,81.25
0.2538450741197388,114.77,,,
0.2549923701436235,,,,82.53
0.256036936725766,103.38000000000001,,,
0.25658821729797393,,,86.18,
0.2566066252366948,,,89.32,
0.257045442550377,105.4,,,
0.25769944704510556,107.04,,,
0.25771634282647155,,,,80.59999999999998
0.2578455747354694,,,86.66,
0.25789678132613403,,92.00999999999999,,
0.2580842866377611,,,,84.43000000000002
0.25819751270823843,,,86.71,
0.2585025929106106,104.14000000000001,,,
0.2586103929369248,108.92,,,
0.2591152849906961,104.24,,,
0.2593315677023649,,,,81.29
0.2593870178149995,,,,80.99
0.2597660654692656,107.54,,,
0.26034534212419763,109.69,,,
0.26082675277468326,104.81,,,
0.261074119619904,107.71,,,
0.2611576844985705,106.29,,,
0.2614031091273116,,,88.31,
0.2615760151452961,,,87.6,
0.26173660556148604,,,87.68,
0.2619930020872848,,,87.6,
0.26252769387318853,,,87.85,
0.2630393422350133,,,,80.03
0.2631214897554873,109.17,,,
0.2633356854962267,,93.74,,
0.2634533635796008,109.25,,,
0.26347171659609187,,,,81.46000000000001
0.2638536627396307,,,87.27,
0.26397910591382145,,,87.28,
0.26410436347718963,102.32,,,
0.2645189092849896,111.00000000000001,,,
0.26518191913302175,,,87.78,
0.26550739811708696,,,,80.17
0.2659392902521787,,,87.69,
0.2665722851453702,,90.1,,
0.26744259733859027,,,,79.93999999999998
0.26783660688339705,,,,79.88
0.26814438209359975,,,,80.05
0.2684795920590479,,,,80.20999999999998
0.26877549059458233,,,,79.42999999999999
0.2689227248289172,,,,79.65
0.26901988291648793,,,87.25,
0.269315997688372,,,,79.26054054054053
0.2694118300743618,103.53,,,
0.2703979541304048,101.14,,,
0.2705878557187417,101.52,,,
0.27067876451264294,101.54,,,
0.2709369360614611,97.5,,,
0.27095317601059826,101.86,,,
0.2711880174027286,,,,79.83
0.2718501254161258,102.60999999999999,,,
0.27197369607300753,101.72,,,
0.27240796837868775,102.08,,,
0.2727737673192364,,99.68,,
0.27333421510413386,101.95,,,
0.2735329503055423,98.43,,,
0.27381647638301454,104.27,,,
0.27457792329520275,103.53,,,
0.27608661489057573,105.3,,,
0.2761191348220097,,,87.49,
0.2769270770114974,103.77,,,
0.2780550502875618,103.97,,,
0.27942577829426535,105.31,,,
0.28033549248757417,,93.3,,
0.2805720042686747,112.25000000000001,,,
0.2812328825583717,103.86000000000001,,,
0.28162160303900363,,,87.52,
0.2819607594235957,,,88.57,
0.2820490320156951,105.5,,,
0.2821113668416007,,,86.81,
0.2831718360215106,,93.06999999999998,,
0.28336382374584507,105.83,,,
0.28368707864438764,105.35000000000001,,,
0.2837910091355267,107.45,,,
0.28407152238210454,105.6,,,
0.28468403536837095,103.85,,,
0.2852622982150441,109.37,,,
0.287475027723728,106.47,,,
0.289164137866417,,92.12,,
0.29026391127389667,108.24,,,
0.2910241956945952,111.85,,,
0.2912938746692445,110.42000000000002,,,
0.29142207820122906,,96.75,,
0.29157530076750254,107.59,,,
0.29178685007176847,108.66,,,
0.2919617941532226,110.37,,,
0.29210677602184415,103.96,,,
0.2927820282286318,108.98,,,
0.29340775631042104,107.10000000000001,,,
0.29347285935314726,109.07,,,
0.2934945615118101,104.08000000000001,,,
0.2936381440539745,104.12,,,
0.29377841165016716,109.21,,,
0.2938412996610821,,,90.1,
0.2944500233399941,110.84,,,
0.29500510098415816,107.62,,,
0.2950686643996209,,,90.33,
0.2953647635514975,111.25,,,
0.29542332813371175,112.85,,,
0.2954936111269738,109.36,,,
0.2966407400336238,109.91,,,
0.2968482384345087,,96.86,,
0.29787169993689044,115.19,,,
0.30421105457137965,102.13,,,
0.30446553340964966,,102.08,,
0.3065901896149491,103.25,,,
0.3067114859632703,105.86,,,
0.30720848764872793,102.89,,,
0.30735814511827186,106.02,,,
0.3073963952457859,106.02,,,
0.3074113631668325,101.54,,,
0.30766419550332874,106.08000000000001,,,
0.30947452653854596,104.33999999999999,,,
0.30988143607716107,105.71,,,
0.3099031212740855,103.98,,,
0.31120025697636705,105.06,,,
0.31140410952370784,102.48,,,
0.3115505402178616,,95.92,,
0.31157792491057223,110.97000000000001,,,
0.3117350585245284,104.52000000000001,,,
0.3118236682191607,111.02,,,
0.31193235336823194,102.71000000000001,,,
0.3126667679605364,114.9,,,
0.3131505974674831,108.13,,,
0.3136799509069414,109.35,,,
0.31418281305041956,109.47,,,
0.3159385021993754,106.72999999999999,,,
0.31628638586218166,108.81999999999998,,,
0.3163250485571482,106.53,,,
0.31642759742434684,106.6,,,
0.3168110064361534,108.94,,,
0.31759013809589587,106.84,,,
0.31788649989426043,106.92,,,
0.31923492556366795,111.48999999999998,,,
0.3219417027920839,109.86,,,
0.3225630290913685,112.12,,,
0.3231797320272612,112.22000000000001,,,
0.3237748400396118,107.29,,,
0.3244908858220276,112.19000000000001,,,
0.32526700950149046,116.17,,,
0.325306089417117,118.24999999999999,,,
0.3255423067881117,116.59,,,
0.3256123768022338,,100.01,,
0.3262241412613393,114.5,,,
0.32664950555265976,112.95000000000002,,,
0.3277002276301464,112.98000000000002,,,
0.32926768157358677,113.50000000000001,,,
0.32982953775537716,113.26,,,
0.3305610251883719,107.89999999999999,,,
0.33096167330374604,,100.03999999999999,,
0.3310587796565729,,100.04,,
0.3320635924134333,116.89,,,
0.334028842633079,107.06,,,
0.335586725173496,,104.8,,
0.33566678918584264,,104.82,,
0.33877387134236286,118.44000000000001,,,
0.34153914179713557,119.11000000000001,,,
0.3450280384111424,118.08,,,
0.3522846946961475,,101.31,,
0.3550149182600591,,101.75,,
0.36409173207005896,,,,83.68
0.3654262645022261,,,,83.37
0.36662568157852754,,108.17,,
0.3689550572390384,,,,84.6
0.36942100041339165,,,,85.3
0.3701411948400803,,,,84.27999999999997
0.37202952169476483,,103.96,,
0.3730076477186655,,,,85.24
0.37880872047917463,,,,86.34
0.38221253394557847,,,96.25,
0.3845364601762621,,,93.13,
0.3846495024805596,,,93.16,
0.38492381367412754,,105.64,,
0.38593501854838813,,,,84.03
0.390035231582717,,,,84.13
0.39195526965547867,,,,85.4
0.39199015797408654,,,95.21,
0.39251491323046134,,106.45,,
0.39408260839811404,,,93.66,
0.3960897287039738,,108.34000000000002,,
0.3982990745333366,,111.21,,
0.39852716441857805,,111.27000000000001,,
0.3999987877051397,,107.6,,
0.408233121891613,,,96.70000000000002,
0.44361421645903026,,,98.13,
0.44751292511942137,,,98.6,
0.45270698043278895,,,100.53,
0.4528006665792552,,,103.42,
0.45357830636845514,,,101.27000000000001,
0.45680393745106623,,,102.9,
0.4588544652064778,,,101.45,
0.4623559081533649,,,101.15,
0.4629666033396389,,,101.09,
0.46374287528527763,,,101.34,
0.46508630217891667,,,102.02,
0.46622209428266354,,,106.24,
0.46798417931181263,,,100.99,
0.46831088257725867,,,100.76,
0.4687508008076044,,,99.93000000000002,
0.47233848065047984,,,102.18,
0.4746109656411658,,,105.14,
0.4749526149803276,,,103.23,
0.48596640510012445,,,,86.46
0.4865417853267241,,,,87.56
0.48712438909232025,,,,85.58
0.487845932069038,,,,86.70999999999998
0.4881538843030929,,,,86.65
0.48827025063808444,,,,86.62
0.49154696493470695,,,,87.93
0.49362991438693876,,,,87.39
0.4957628108297551,,,,88.72
0.4986489884880977,,,,87.23
0.5048516741038696,,,,87.88999999999999
0.5085775913493737,,,,86.59
0.5112749176655521,,,,87.70999999999998
0.5278517715482014,,,,87.85
0.7318131452591815,,,,94.98000000000002
0.7352770093850259,,,,95.84
0.7364480973360276,,,,95.58
0.7381277229530049,,,,97.0
0.7381906419888651,,,,96.03000000000002
0.743727538523426,,,,95.46
0.7448493583164877,,,,96.18000000000002
0.7509098279925149,,,,97.32000000000001
0.7542378258556633,,,,96.42
0.7544696863826134,,,,95.36
0.7559861134726966,,,,95.93999999999998
0.7561442917058842,,,,97.01
0.7599079615409734,,,,97.88
0.9759977228529295,,,,103.53000000000002
0.9799946298060032,,,,105.32
0.9816915315709607,,,,103.38
0.9873815825108805,,,,102.43
0.9901374857784344,,,,104.16
0.9920840823542294,,,,104.73
0.9969118413512282,,,,103.82
1.0024827368666138,,,,104.49
1.0159406916934814,,,,105.63
1.0163370332305288,,,,102.05
1.0281316558445388,,,,101.53
1.233727900508607,,,,112.63
1.2348733487418253,,,,112.30000000000001
1.2384127020259084,,,,113.8
1.2391113864415473,,,,113.83
1.2415921888939503,,,,113.04
1.2417014589491147,,,,114.05
1.249526946498089,,,,114.16000000000001
1.2605755033387966,,,,113.77
1.2671187807141377,,,,112.0
1.4979904719479382,,,,118.17
1.960876948864264,,,,130.91
2.4376755212133774,,,,138.66
2.4716690274571897,,,,139.59999999999997
2.4905670635811283,,,,133.54
2.7069656426444357,,,,142.45
